#好久不见
#广州挺住
#抖音小助手
'p 0 0 p0pw 0 0 P'
+86-10-12308
+v 158.933.06123
+关注 看世界
+关注看湖北观世界! 投稿/合作邮箱：hubeitoday@163.com
,脚,, 配文内容, 烟花绽放的武汉 战疫必胜
-21℃/-14℃
-52°C以下
-52°C以下气温条件
-70 RZ
.8ve
0
0-14岁儿童
0.1%
0.39元
0.39元/片
0.5米
000 KM/H
000.00元
00:31
00:50
010-58993745
010-63072379
010-xxxxxxx
01:26
01:55
021视频
023-68629315
025-83195110
025—96096
027-86777777
027-87333333
027-88567809
027-88569628
027873333337
028-88881890
02年我刚出生
02月08日
02月09日
0310-6269111
0310-8508585
0311-87116000
0314社区
0351-2793529
0371-56568045
0371-65605388
0373-4596758
0431-89089000
0431-963890
0451-82890000
0451-82898600
04:07
0511-85223456
0531－88981234
054护卫舰发射的导弹
054护卫舰发射防空导弹被拦截
0551-62639900
0551-63416060
0551-63459191
0551-63509791
0551-63658080
0551–65179666
0551–65179700
0553—5671890
0566-2030580
0566-2316660
0576-89115255
0591-38280880
0719-8110110
07358222231
07358230110
0772-7210110
0774—110
0871-65333333
0898-65818181
0912—2403777
0913-8101078
094型核潜艇共同构成中国海基核威慑力量
096型弹道导弹核潜艇
096型战略核潜艇
096型战略核潜艇搭载
096型核潜艇
096型核潜艇共同构成中国海基核威慑力量
096型核潜艇结合
0971-96388
09:19
0分
0名
0条
1
1%骑手为硕士及以上学历
1-15计划
1-2米
1.11mg/kg
1.12米
1.1亿
1.22亿人
1.2米
1.4万余人
1.4万户停水
1.5256万
1.54mg/kg
1.5万元赔偿金
1.5米左右
1.5米距离拍摄的照片
1.68亿桶原油
1.68亿桶运输量
1.7米
1.8%
100-1000元现金红包
10000元
10000英尺
1000亿黎巴嫩镑紧急救援资金
1000元医药费
1000元奖励
1000元新春红包
1000元新春红包已发放至银行账户
1000元补贴
1000公顷
1000多亩土地
1000多亩地
1000张病床
1000毫米
100199997@qq.com
100km/h
100mg/100ml
100万人民币
100万美元
100万美元购回视频
100亩
100人
100余人协助调查
100元
100名考生
100多天大的婴儿
100多颗恒星凭空消失
100多颗恒星离奇消失
100多颗恒星离奇消失是被外星人操控了
100平方米
100毫米以上强降水
100米
100萬美元
10103
1020117918
103.819公里
103万次
103个小区
1045484434
1046644842@qq.com
1049867279@qq.com
104国道丽岙
104国道青岭隧道及八叠隧道口
10500米
1069次
106人受伤
10830
1093
1094
10V
10万
10万+
10万只
10万只绍兴鸭子
10万只鸭子
10万只鸭子出征
10万只鸭子赴巴基斯坦灭蝗
10万彩礼
10万斤油菜
10万美元
10万美金
10万鸭子军队
10万鸭子军队也将出征
10个
10个工作组
10个市州
10个机位
10个车头
10个车头分布方案
10个项目
10人
10人受伤
10人死亡
10余米
10例
10元
10元工本费
10公里外的窗户受损
10分钟
10列编组列车被洪水浸泡
10千米
10名被困人员
10孔窑洞
10孔窑洞被完全掩埋
10岁儿子
10岁女儿
10岁女孩
10岁女孩竟被硬生生的冻断双腿
10年
10年一遇
10年市场营销与5年媒体经验
10日深夜约23时
10时51分
10月12日
10月12日上午8时许
10月12日傍晚
10月12日晚
10月14日
10月14日早上6点10分左右
10月16日
10月17日
10月20日
10月24日下午4时许
10月26日
10月27日
10月27日上午10时50分许
10月30日
10月31日21:14左右
10月31日晚
10月31日晚19时左右
10月3日
10月4日
10月4日5时40分许
10月7日
10月7日天津两渔船发生纠纷船主开船互撞还拿1米多长镰刀叫嚣壮胆
10月9日
10月下旬有人与朋友共同承包土地种植
10枚分导式核弹头
10架飞机损毁
10根
10死117伤的伤亡数据
10米
10米深坑
10米深坑中
10辆消防车
110
110亿美元
110报警
110指令
1120537541@qq.com
112例
11502人
117人受伤
119
119 徐州化工厂爆炸
119去哪里了
119徐州化工厂爆炸
119辆消防车
11:30
11:50
11:50至12:40
11:55 山 6 奶黄包 热门微博
11@03 S56
11个
11个消防站
11人
11人伤情
11人受伤
11人受伤送医
11人当场身亡
11人死亡
11人轻微受伤留院观察
11例
11分未处理违章
11分钟
11名伤者
11名死者
11小时
11岁以下儿童停课
11岁以下儿童可停课
11年9个月有期徒刑
11月10日晚19时
11月10日至17日
11月11日
11月11日广澳高速大桥上一名男子误把千斤顶当三角警示牌引发连环车祸
11月13日
11月17日
11月18日中午
11月1日
11月27日
11月27日伊朗德黑兰首席核科学家法赫里扎德遭暗杀28日车内画面曝光
11月29日
11月2日
11月3日
11月3日11:00
11月4日至9日
11月9日11:30左右
11月9日凌晨4时20分
11月中旬前运抵中国境内
11点多
11点左右
11省区
11辆车
120
120 品致
12000公里
12000公里全长
12000米
12000至14000公里
1200元
120°牙胶手机
120°牙胶手机商品描述
120元
120急救
120急救人员
120急救电话
120急救车
120急救车待命处置
120指挥中心
120被堵路口致患者抢救无效死亡
1210频
12166934@qq.com
1218例
121视频
122人受伤
122全国交通安全日主题宣传活动
12320
1238.12斤
12500公里
127名中国游客
12800千米
128斤
1291亿元人民币
12:40
12:44 听群内消息及视频传言
12o47m
12人死亡
12人轻伤
12克
12克增至26克
12具遇难者遗体
12名学生
12名船员
12岁
12年
12日
12日下午
12月10日中午13时许
12月11日
12月12日
12月13日
12月14日下午及晚上与李某有接触者报告
12月15日所有与李某接触者报告
12月15日晚8点
12月18日与李某接触的银行工作人员报告
12月19日
12月1日22时4分
12月1日至4日
12月21日
12月21日至23日、28日、29日
12月22日晚
12月23日凌晨
12月23日确诊
12月27日
12月28日20时46分
12月29日8时04分
12月2日
12月3日
12月4日
12月4日凌晨
12月7日
12月8日淄博一院内突发火情浓烟冲天遮蔽淄博第一高楼消防部门紧急处置
12根
12辆
13.12米
13.36米
13.36米水位
13000元
1300多年风雨
130人
130户中低收入家庭及多人多代劳务移民家庭
130秒
1314
1318名乘客全部转移至岸边
1318名旅客
131✖️✖️✖️222✖️6
13333608903
1333868718
13354301277
13354301277提供线索
13517627110
13687353415
136天
13701374070
13788722466
13843868248
13892866722
139975800@qq.com
13:31
13人受伤
13人遇难
13元一斤
13千米
13号台风玲玲
13号台风玲玲来宁波慈溪
13家不同医院
13岁
13岁初中女生
13岁女孩
14%骑手学历为大专及以上
14+7防疫措施
14000公里
140万人
1440000
144人
144公里每小时
144名伤员
147.88米
1471753593@qq.com
148条河发生超警洪水
14:05
14个村庄
14个村庄受威胁
14人下落不明
14人失踪
14亿人民欢迎
14件足金首饰
14名村民
14天医学观察
14小时内
14岁男孩
14岁男孩离家出走事件
14日
14日举行
14时
14时30分许
14级台风
14级台风呼啸女子在台风中拽回老公
15%
1500万
1500万人
1505679824
1507400368000
150万元房产
150万元房产要求
150人
150元太少
151.919公里
1511802796000
1512921498000
1516177660000
1521138121000
1523299486000
1525016672000
1526383002000
15288808123
1529959241000
152人
1530012934000
1530868192000
1530884522000
1530917799000
1531071088000
1531161404000
1531218347000
1531479454000
1532540272000
1532634183000
1532697356000
1532699379000
1532865153000
1533057916000
1533138151000
1533241285000
1533317209000
1533381975000
1533393533000
1533930508000
1534003318000
1534092142000
1534232829000
1534336464000
1534336578000
1534336715000
1534337334000
1534609135000
1535280554000
1535374687000
1535405401000
1535640323000
1536011807000
1536686613000
1537015827000
1537028539000
1537029498000
1537041241000
1537053771000
1537055783000
1537061556000
1537062477000
1537072487000
1537076038000
1537089966000
1537095578000
1537103726000
1537104691000
1537105398000
1537108671000
1537122203000
1537131096000
1537132681000
153714087000
1537197601000
1537198375000
1537571062000
1538064493000
1538084122000
1538828173000
1538836608000
1538847676000
1539230636000
1539547719000
1539625847000
15398581678
1539890166000
1539978583000
153名群众被困
1540240516000
1540287885000
1540323134000
1540412944000
1540541319000
1540733296000
1540760939000
1540799821000
1540908511000
154230990@qq.com
1542325847000
1542491820000
1542891906000
1544131855000
1544140362000
1544375803000
1544387460000
1544389446000
1544639593000
1545400693000
1545443163000
1545495368000
1545903300000
1546008329000
1546009261000
1546010373000
1546011920000
1546539925000
1546600152000
1546772428000
1546782747000
1546878393000
1547378340000
1547524669000
1547590077000
1547749792000
1547972439000
1548105949000
1548338790000
1548340940000
1548365226000
1548429594000
1548429691000
1548431385000
1548524439000
1549049113000
1549910967000
1549915806000
1549957839000
1549994440000
155.702-155.782
1550050121000
1550097392000
1550161222000
1550251606000
1550321737000
1550488654000
1550504034000
1550575964000
1550650987000
1550677658000
1550693249000
1550754694000
1550777433000
1550864142000
1550920760000
1551248915000
1551263658000
1551276212000
1551288834000
1551337623000
1551364520000
1551369994000
1551372955000
1551709284000
1552084154000
1552209442000
1552301347000
1552311040000
1552327368000
1552340229000
1552381802000
1552518323000
1552649373000
1552653755000
1552743096000
1552743306000
1552860537000
1552916693000
1553008479000
1553076319000
1553111662000
1553190798000
1553196779000
1553202134000
1553212234000
1553270526000
1553299455000
1553417912000
1553505829000
1553540081000
1553559937000
1553638571000
1553644928000
1553684620000
1554200192000
1554654257000
1554993369000
1555322488000
1555492232000
1555500580000
1555504492000
1555529900000
1555541703000
1555605781000
1555717604000
1555834282000
1555948453000
1556305590000
1556307076000
1556309207000
1556309747000
1556320188000
1556390337000
1556478462000
1556623301000
1556624872000
1556901993000
1556962189000
1556981847000
1557054583000
1557069425000
1557071565000
1557072200000
1557077276000
1557083087000
1557156899000
1557701642000
1557748407000
1557832766000
1557949903000
1558045314000
1558352810000
1558424707000
1558478125000
1558522459000
1558566854000
1558886592000
1558911777000
1559577754000
15595961666
1560115661000
1560185554000
1560249257000
1560316076000
1560540957000
1560586649000
1560596294000
1560628209000
1560675308000
1560854105000
1560958314000
1561311060000
1561409987000
1561410543000
1561419564000
1561493150000
1561498998000
1561551450000
1561572196000
1561572533000
1561580872000
1561582130000
1561583001000
1561637175000
1561655899000
1561732903000
1561738077000
1561765406000
1561788142000
1561914053000
1561925329000
1561972870000
1562148977000
1562242101000
1562307058000
1562527000000
1562737080000
1562773318000
1563038424000
1563072484000
1563352458000
1563483400000
1563803457000
1563892832000
1563953478000
1563991579000
1564192332000
1564327599000
1564395103000
1564497682000
1564503928000
1564521343000
1564527878000
1564754340000
1564871345000
1564905438000
1564941341000
1564942637000
1565104974000
1565196015000
1565203121000
1565218500000
1565274183000
1565361158000
1565365103000
1565418543000
1565456001000
1565460241000
1565470431000
1565473600000
1565473782000
1565474210000
1565475169000
1565506009000
1565517251000
1565520663000
1565525867000
1565544251000
1565548626000
1565553816000
1565599034000
1565605302000
1565635603000
1565819914000
1565873584000
1566038355000
1566248842000
1566472894000
1566839497000
1566869326000
1566947176000
1566980335000
1567080204000
1567193632000
1567438048000
1567444377000
1567449367000
1567464573000
1567511342000
1567522454000
1567530918000
1567590370000
1567707443000
1567756815000
1567888262000
1567953094000
1568132148000
1568207166000
1568327352000
1568344925000
1568357259000
1568361214000
1568369986000
1568468730000
1568547650000
1568649133000
1568667094000
1568732115000
1568733412000
1568739880000
1568835262000
1569254184000
1569278930000
1569329677000
1569338565000
1569595890000
1569603044000
1569603341000
1569611658000
1569788308000
1570640086000
1570696605000
1570721615000
1570727064000
1570798762000
1570822057000
1570876289000
1570877577000
1570880850000
1570893086000
1570896309000
1570897550000
1570905600000
1570907231000
1570914867000
1570915062000
1570917710000
1570969884000
1570986258000
1570988878000
1571040288000
1571059417000
1571077111000
1571103331000
1571163983000
1571167966000
1571397246000
1571405355000
1571467180000
1571492953000
1571578088000
1571586460000
1571655405000
1571656691000
1571861999000
1572163657000
1572195368000
1572195539000
1572199460000
1572209472000
1572217778000
1572218640000
1572262740000
1572274630000
1572280471000
1572282546000
1572290302000
1572290986000
1572293075000
1572359489000
1572524245000
1572529420000
1572542125000
1572548016000
1572559069000
1572561849000
1572566145000
1572600298000
1572600328000
1572704757000
1572796632000
1572801407000
1572876069000
1572879424000
1572894269000
1572896731000
1572971277000
1572978873000
1573044223000
1573048967000
1573148362000
1573426163000
1573637840000
1573908196000
1574105271000
1574318975000
1574356524000
1574690323000
1574692159000
1574693033000
1574711152000
1574712910000
1574713833000
1575145454000
1575238942000
1575240048000
1575245606000
1575322012000
1575411635000
1575412078000
1575412231000
1575412330000
1575413225000
1575413273000
1575414123000
1575415835000
1575416896000
1575417329000
1575418793000
1575446955000
1575447268000
1575452725000
1575453502000
1575456622000
1575458693000
1575459578000
1575461131000
1575468510000
1575479394000
1575498869000
1575532898000
1575651112000
1575679613000
1575706747000
1575807767000
1575973918000
1576001169000
1576001231000
1576144336000
1576186054000
1576433028000
1576447918000
1576520564000
1576533451000
1576533477000
1576533560000
1576583604000
1576663325000
1576665392000
1576670218000
1576849377000
1576940978000
1576951123000
1577129846000
1577181889000
1577183228000
1577228530000
1577272178000
1577366607000
1577438883000
1577444055000
1577447982000
1577456991000
1577458869000
1577461493000
1577465482000
1577466609000
1577469745000
1577478016000
1577480068000
1577535000000
1577558307000
1577574702000
1577615301000
1577618532000
1577620640000
1577621765000
1577622178000
1577647752000
1577958228000
1578071378000
1578399943000
1578508316000
1578587901000
1578671118000
1578682177000
1578900774000
1578953611000
1579003981000
1579022726000
1579138555000
1579265640000
1579532502000
1579544712000
1579594195000
1579600880000
1579607223000
157人
157人遇难
1580109439000
1580124597000
1580146622000
1580157513000
1580249417000
1580294760000
1580416372000
1580467360000
1580650261000
1580652870000
1580736909000
1580743213000
1580745553000
1580748070000
1580757908000
1580765500000
1580769761000
1580771909000
1580778738000
1580808325000
1580811937000
1580813822000
1580820114000
1580826843000
1580836075000
1580851500000
1580854993000
1580887734000
1580893945000
1580902176000
1580905049000
1580911134000
1580924211000
1580935783000
1580941934000
1580945570000
1581021704000
1581036737000
1581068137000
1581072720000
1581090962000
1581111500000
1581141777000
1581159582000
1581163297000
1581163588000
1581178876000
1581180336000
1581187185000
1581191668000
1581198370000
1581205889000
1581207033000
1581235209000
1581241895000
1581249624000
1581257906000
1581258837000
1581262627000
1581279526000
1581280548000
1581284701000
1581351174000
1581364032000
1581375282000
1581432890000
1581438348000
1581547561000
1581579866000
1581600210000
1581624610000
1581751686000
1581853396000
1581891571000
1582070206000
1582110449000
1582110795000
1582117433000
1582144695000
1582203938000
1582282161000
1582291092000
1582292153000
1582294872000
1582309400000
1582366109000
1582404119000
1582408539000
1582410685000
1582489389000
1582530690000
1582543994000
1582546885000
1582553752000
1582561976000
1582564620000
1582575369000
1582576532000
1582630806000
1582652605000
1582670270000
1582794002000
1582794075000
1582796963000
1582799141000
1582800824000
1582801248000
1582806352000
1582810988000
1582813503000
1582827006000
1582839416000
1582914206000
1582965560000
1582970720000
1582983351000
1582992765000
1582995756000
1583006766000
1583015807000
1583020425000
1583057012000
1583058954000
1583060715000
1583074553000
1583089100000
1583092714000
1583093873000
1583094319000
1583098491000
1583104516000
1583110862000
1583138106000
1583139546000
1583145297000
1583146389000
1583148194000
1583156519000
1583157880000
1583159510000
1583168533000
1583171022000
1583173109000
1583176536000
1583181154000
1583182361000
1583182374000
1583186626000
1583191051000
1583191596000
1583231759000
1583234150000
1583240494000
1583247417000
1583258664000
1583323730000
1583350238000
1583352671000
158336802000
1583396282000
1583426598000
1583439507000
1583505321000
1583522036000
1583599963000
1583615739000
1583617311000
1583621370000
1583665882000
1583698002000
1583737239000
1583864786000
1583883662000
1583917768000
1583922321000
1583938268000
1583939601000
1583941003000
1583946976000
1583956330000
1583957174000
1584008002000
1584024392000
1584026906000
1584090682000
1584103949000
1584112547000
1584117106000
1584122451000
1584122741000
1584124643000
1584134075000
1584134552000
1584175370000
1584186719000
1584254951000
1584369001000
1584370897000
1584372754000
1584381200000
1584382488000
1584385383000
1584389245000
1584390171000
1584439130000
1584468039000
1584473077000
1584479476000
1584482889000
1584488131000
1584520208000
1584541435000
1584547734000
1584551635000
1584554040000
1584616212000
1584617059000
1584626431000
1584637614000
1584647695000
1584647776000
1584651994000
1584660073000
1584699395000
1584701186000
1584702082000
1584710172000
1584717111000
1584722046000
1584815300000
1584820163000
1584822261000
1584824108000
1584864600
1584869234000
1584871078000
1584872674000
1584878194000
1584883849000
1584886316000
1584893116000
1584905660000
1584952882000
1584986459000
1585035075000
1585041070000
1585042662000
1585044107000
1585048050000
1585052304000
1585052466000
1585056251000
1585056437000
1585082347000
15850897@qq.com
1585131043000
1585135449000
1585136174000
1585138517000
1585143215000
1585143521000
1585147767000
1585156981000
1585236770000
1585264841000
1585265256000
1585265333000
1585266232000
1585267145000
1585274033000
1585301534000
1585309417000
1585310435000
1585392716000
1585393376000
1585396340000
1585397857000
1585421074000
1585433653000
1585471133000
1585603943000
1585648197000
1585653305000
1585655533000
1585658445000
1585659219000
1585660384000
1585660879000
1585661932000
1585661940000
1585662444000
1585663121000
1585668611000
1585669729000
1585679873000
1585690375000
1585698334000
1585706718000
1585736759000
1585756457000
1585775313000
1585780452000
1585783873000
1585805234000
1585806136000
1585813216000
1585813236000
1585848585000
1585895130000
1585978439000
1586005359000
1586008715000
1586013033000
1586029472000
1586101230000
1586113653000
1586118981000
1586125449000
1586154117000
1586200781000
1586207293000
1586249442000
1586285201000
1586333555000
1586365115000
1586452029000
1586452095000
1586459741000
1586468840000
1586517611000
1586522776000
1586534392000
1586541470000
1586588830000
1586599379000
1586601807000
1586603272000
1586604534000
1586618316000
1586620278000
1586629513000
1586630111000
1586642034000
1586704285000
1586784493000
1586804870000
1586805363000
1586805772000
1586874399000
1586876368000
1586889341000
1586911312000
1586947449000
1586964137000
1586970599000
1587044596000
1587128002000
1587130385000
1587133216000
1587139270000
1587142739000
1587307299000
1587307488000
1587313960000
1587337065000
1587340845000
1587374904000
1587392647000
1587457772000
1587492854000
1587508265000
1587509272000
1587509374000
1587509761000
1587510183000
1587510235000
1587510616000
1587510950000
1587512149000
1587512750000
1587513481000
1587517459000
1587557784000
1587581751000
1587587470000
1587729142000
1587732630000
1587734575000
1587739008000
1587741758000
1587745874000
1587749718000
1587753584000
1587754505000
1587762925000
1587837734000
1587900823000
1587939505000
1587950597000
1587975639000
1588013351000
1588082927000
1588083644000
1588096582000
1588096795000
1588176033000
1588190871000
1588274308000
1588282802000
1588334893000
1588442178000
1588494819000
1588522109000
1588529764000
1588572020000
1588585598000
1588585638000
1588590884000
1588591509000
1588597270000
1588689485000
1588717014000
1588766841000
1588788815000
1588835132000
1588842049000
1588848290000
1588866704000
1588923163000
1588928885000
1588934716000
1588935938000
1588938401000
1588945006000
1588945600000
1588945648000
1588969348000
1588971411000
1588971551000
1588985094000
1589026684000
1589049118000
1589060420000
1589131362000
1589195284000
1589295615000
1589388040000
1589402503000
1589492499000
1589492501000
1589546993000
1589552840000
1589558706000
1589558707000
1589560763000
1589613785000
1589665284000
1589707108000
1589707108000之前不久
1589715412000
1589731033000
1589737556000
1589746386000
1589750962000
1589811225000
1589816008000
1589818878000
1589821787000
1589869230000
1589906493000
1589961802000
1589993113000
159.8毫米
1590061770000
1590068585000
1590081837000
1590109591000
1590134392000
1590171820000
1590176933000
1590183517000
1590249723000
1590256867000
1590264111000
1590267978000
1590337130000
1590408081000
1590423389000
1590433482000
1590438257000
1590439109000
1590481827000
1590482893000
1590483674000
1590516488000
1590524416000
1590530700000
1590534777000
1590536929000
1590573680000
1590577179000
1590605196000
1590622202000
1590664108000
1590761742000
1590771004000
1590871236000
1590923287000
1591002687000
1591007999000
1591022744000
1591033348000
1591094347000
1591098049000
1591109415000
1591110645000
1591130196000
1591175781000
1591180986000
1591190210000
15912086943
1591214444000
1591381966000
1591463824000
1591528278000
1591543518000
1591617739000
1591649474000
1591661337000
1591698357000
1591699290000
1591700374000
1591700906000
1591700931000
1591701226000
1591701382000
1591701729000
1591701751000
1591702033000
1591702253000
1591702304000
1591705885000
1591710611000
1591721711000
1591812022000
1591815335000
1591874317000
1591910767000
1591917465000
1591953553000
1591976727000
1592074568000
1592086559000
1592121515000
1592127616000
1592134815000
1592135687000
1592138339000
1592138677000
1592142083000
1592146209000
1592147302000
1592148792000
1592149947000
1592153662000
1592162306000
1592166631000
1592167394000
1592207770000
1592210259000
1592217320000
1592220473000
1592222722000
1592223038000
1592233040000
1592234298000
1592236500000
1592238026000
1592239510000
1592245234000
1592251668000
1592254059000
1592257654000
1592304962000
1592306192000
1592308359000
1592403588000
1592409473000
1592425364000
1592436824000
1592458215000
1592475044000
1592504650000
1592570346000
1592585079000
1592742123000
1592859809000
1592864425000
1592870445000
1592896303000
1592903352000
1592909412000
1592930031000
1592932747000
1592942817000
1592972520000
1592985789000
1592991232000
1592995073000
1592999630000
1593010007000
1593012947000
1593021099000
1593032412000
1593075417000
1593078696000
1593100088000
1593102300000
1593105724000
1593122614000
1593126507000
1593128641000
1593165207000
1593165300000
1593203802000
1593250485000
1593255946000
1593257902000
1593265127000
1593277609000
1593284162000
1593295477000
1593338342000
1593367076000
1593388571000
1593425677000
1593429739000
1593430862000
1593450913000
1593513574000
1593518571000
1593548916000
1593553650000
1593593171000
1593624022000
1593634483000
1593694853000
1593697870000
1593699072000
1593701923000
1593702271000
159370228000
1593702337000
1593702345000
1593702473000
1593702500000
1593703100000
1593705930000
1593710572000
1593760451000
1593766435000
1593769937000
1593773069000
1593773210000
1593780145000
1593785092000
1593813585000
1593823975000
1593857787000
1593862620000
1593883758000
1593909286000
1593977151000
1593977661000
1593980738000
1594029028000
1594043082000
1594047003000
1594050335000
1594052018000
1594052311000
1594052418000
1594057082000
1594057902000
1594058029000
1594060591000
1594062718000
1594068915000
1594069670000
1594071971000
1594078959000
1594149455000
1594203446000
1594206490000
1594211562000
1594217887000
1594219416000
1594225474000
1594234598000
1594241995000
1594245698000
1594247802000
1594293159000
1594302405000
1594318871000
1594321252000
1594454271000
1594494449000
1594506781000
1594550125000
1594552212000
1594554213000
1594561265000
1594569875000
1594581874000
1594588059000
1594589527000
1594632034000
1594632283000
1594632453000
1594635786000
1594636466000
1594636581000
1594642384000
1594647705000
1594650148000
1594651134000
1594651853000
1594652519000
1594653452000
1594653694000
1594655303000
1594655900000
1594656594000
1594660903000
1594661841000
1594662142000
1594662459000
1594667880000
1594672355000
1594676280000
1594676602000
1594677274000
1594680530000
1594718269000
1594723180000
1594726020000
1594727281000
1594749628000
1594761605000
1594815625000
1594821157000
1594828232000
1594856625000
1594900003000
1594927488000
1594935748000
1594961466000
1594975410000
1594986266000
1594992904000
1595022151000
1595182140000
1595182488000
1595185848000
1595186316000
1595200195000
1595240935000
1595244040000
1595244398000
1595260276000
1595261843000
1595267097000
1595268823000
1595277189000
1595328001000
1595353418000
1595363148000
1595408844000
1595436220000
1595437882000
1595453266000
1595459391000
1595494039000
1595502523000
1595504476000
1595505953000
1595510043000
1595515898000
1595521042000
1595523832000
1595530011000
1595542178000
1595586775000
1595588466000
1595588499000
1595604441000
1595604602000
1595607737000
1595611150000
1595612518000
1595613687000
1595624001000
1595664000000
1595673621000
1595682345000
1595682364000
1595688497000
1595755903000
1595756477000
1595762536000
1595763051000
1595763609000
1595764498000
1595768344000
1595768469000
1595769657000
1595775631000
1595779325000
1595779370000
1595780340000
1595782782000
1595784600000
1595837134000
1595841300000
1595842927000
1595843803000
1595843816000
1595843828000
1595847532000
1595847576000
1595850863000
1595859682000
1595859973000
1595860062000
1595860140000
1595864113000
1595865158000
1595866217000
1595872668000
1595875084000
1595875865000
1595883002000
1595888437000
1595945777000
1595949918000
1595958696000
1595973652000
1595974115000
1596014124000
1596027103000
1596029398000
1596037398000
1596055726000
1596105432000
1596137002000
1596178102000
1596191181000
1596193595000
1596200298000
1596217418000
1596226599000
1596308425000
1596311286000
1596383573000
1596454178000
1596492898000
1596533275000
1596563584000
1596568652000
1596578982000
1596606488000
1596609318000
1596611209000
1596611896000
1596617051000
1596620127000
1596621327000
1596621499000
1596625518000
1596628802000
1596629165000
1596632787000
1596634250000
1596635998000
1596639713000
1596644287000
1596647086000
1596709706000
1596711942000
1596716751000
1596725723000
1596727796000
1596731904000
1596735410000
1596784007000
1596794845000
1596796126000
1596817952000
1596818717000
1596818907000
1596840734000
1596842225000
1596888980000
1596890839000
1596894212000
1596896950000
1596913660000
1596927988000
1596982930000
1596983656000
1596986849000
1597048769000
1597058244000
1597067094000
1597139152000
1597148918000
1597155332000
1597175894000
1597177708000
1597244714000
1597257240000
1597264996000
1597317807000
1597319685000
1597320524000
1597323042000
1597348661000
1597360720000
1597398208000
1597402003000
1597504133000
1597516307000
1597521281000
1597524452000
1597584024000
1597596701000
1597605095000
1597677431000
1597681407000
1597681989000
1597685603000
1597685992000
1597686067000
1597688983000
1597690406000
1597694271000
1597697186000
1597707862000
1597735996000
1597743968000
1597746772000
1597750379000
1597752367000
1597752945000
1597764771000
1597770738000
1597771679000
1597773914000
1597774035000
1597781080000
1597823471000
1597829895000
1597847832000
1597853236000
1597857063000
1597857183000
1597857916000
1597858469000
1597859834000
1597862169000
1597863494000
1597877062000
1597878444000
1597914366000
1597993009000
1598006423000
1598027197000
1598032318000
1598101580000
1598124503000
1598229074000
1598249727000
1598261516000
1598283660000
1598288293000
1598369476000
1598378276000
1598393029000
1598393308000
1598439033000
1598446982000
1598465805000
1598542588000
1598548184000
1598560674000
1598625633000
1598625684000
1598631357000
1598635857000
1598639192000
1598650641000
1598689938000
1598704693000
1598712785000
1598718944000
1598723114000
1598726020000
1598737332000
1598741440000
1598743199000
1598790672000
1598793264000
1598799049000
1598801312000
1598801964000
1598808662000
1598813289000
1598813650000
1598819960000
1598872135000
1598877672000
1598892817000
1598904661000
1598961746000
1598975733000
1598981993000
1599065631000
1599076898000
1599131091000
1599166166000
1599168490000
1599168804000
1599409375000
1599493520000
1599502633000
1599511266000
1599550385000
1599559716000
1599567948000
1599582029000
1599587043000
1599606414000
1599643276000
1599652395000
1599660540000
1599667991000
1599820437000
1599860300000
1599905702000
1599939530000
1599940722000
1599947058000
1599949122000
1599951488000
15:58:15
15人受伤
15元
15元一斤
15名党员
15名党员官兵
15名党员率先跳水封堵
15名党员突击队
15名党员组成的突击队
15名党员跳水封堵管涌
15名党员跳水封堵管涌点
15名轻症患者
15层
15岁
15岁孩子
15岁少年
15岁男孩嫌弃奶奶给的钱少竟用斧头砍伤奶奶
15岁男孩用斧头砍伤奶奶事件
15岁男生持刀斧对峙事件
15年老店
15楼睡得很香
15次
15次化疗
15秒
15米
15米高的公路桥
15至16小时
1600000626000
1600013614000
1600025536000
1600036372000
1600076879000
1600077886000
1600082994000
1600084194000
1600086884000
1600088946000
1600091828000
1600093580000
1600097201000
1600097623000
16000立方米/秒
1600104082000
1600110341000
1600114416000
1600167601000
1600246452000
1600250595000
1600252293000
1600256689000
1600263009000
1600299450000
1600389864000
1600419127000
1600419191000
1600419303000
1600459356000
1600462098000
1600558074000
1600594360000
1600715106000
1600790112000
1600814050000
1600854164000
1600860094000
1600860145000
1600860948000
1600904922000
1600926421000
1600991967000
1600元
1601019859000
1601023579000
1601029295000
1601029295000对应时间附近
1601032273000
1601043834000
1601052243000
1601057667000
1601060558000
1601068317000
1601151617000
1601202199000
1601207595000
1601211782000
1601225933000
1601281642000
1601282898000
1601299444000
1601319870000
1601325498000
1601379111000
1601387312000
1601397634000
1601400222000
1601416082000
1601416115000
1601448862000
1601465692000
1601466448000
1601570901000
1601821799000
1601823851000
1601839639000
1601886038000
1601886284000
1602003090000
1602004725000
1602093922000
1602095770000
1602103086000
1602114988000
1602156839000
1602176589000
1602187817000
1602190571000
1602244279000
1602259213000
1602346127000
1602346785000
1602354170000
1602368520000
1602373934000
1602411042000
1602417562000
1602430149000
1602435571000
1602435761000
1602444933000
1602445615000
1602447422000
1602455732000
1602456956000
1602490205000
1602494536000
1602497655000
1602502520000
1602508411000
1602515274000
1602517855000
1602519114000
1602529671000
1602540409000
1602592515000
1602597975000
1602601027000
1602602651000
1602611948000
1602623860000
1602672305000
1602674223000
1602679300000
1602701112000
1602701769000
1602714312000
1602762466000
1602764011000
1602773102000
1602781141000
1602795632000
1602800479000
1602859382000
1602884626000
1602889340000
1602931548000
1602935100000
1602958575000
1602965518000
1603029628000
1603037985000
1603043084000
1603043777000
1603051576000
1603280269000
1603294327000
1603298585000
1603311940000
1603368164000
1603369745000
1603372564000
1603372824000
1603374624000
1603378500000
1603384008000
1603389587000
1603400834000
1603459803000
1603461494000
1603640106000
1603642633000
1603658522000
1603795133000
1603803779000
1603809435000
1603813739000
1603825815000
1603826776000
1603828784000
1603829364000
1603832938000
1603833321000
1603835114000
1603892455000
1603897685000
1603912600000
1603969787000
1604008108000
1604066830000
1604070094000
1604073717000
1604077009000
1604084321000
1604159456000
1604162299000
1604182829000
1604222646000
1604233167000
1604249566000
1604254509000
1604255761000
1604256022000
1604256180000
1604266224000
1604308883000
1604312621000
1604318991000
1604325099000
1604325323000
1604355433000
1604361665000
1604401890000
1604402126000
1604421681000
1604428186000
1604433654000
1604512184000
1604515093000
1604527930000
1604533280000
1604593552000
1604597560000
1604603718000
1604660641000
1604733940000
1604751392000
1604774777000
1604917486000
1604932384000
1604940353000
1604940900000
1604948584000
1604949052000
1604993219000
1605019776000
1605041703000
1605107763000
1605120730000
1605191980000
1605191988000
1605195666000
1605196500000
1605196948000
1605200403000
1605260653000
1605264707000
1605279421000
1605305928000
1605344153000
1605428339000
1605610800000
1605628778000
1605647376000
1605697227000
1605721382000
1605730500000
1605734859000
1605742924000
1605807382000
1605810037000
1605814880000
1605825539000
1605826554000
1605869710000
1605968474000
1605974474000
1606030200000
1606083872000
1606165421000
1606240685000
1606245545000
1606304038000
1606325057000
1606389723000
1606393480000
1606553651000
1606557118000
1606557642000
1606561989000
1606564506000
1606565042000
1606567375000
1606577252000
1606593924000
1606627153000
1606658364000
1606770229000
1606826171000
1606912595000
1606919844000
1606922518000
1607023800000
1607024024000
1607119948000
1607133708000
1607165275000
1607168596000
1607173788000
1607180525000
1607255778000
1607261306000
1607267068000
1607340336000
1607349962000
1607354094000
1607356028000
1607359486000
1607360961000
1607363843000
1607371098000
1607460000000
1607543580000
1607703806000
1607712013000
1607741160000
1607768130000
1607799362000
1607840042000
1607870629000
1607898267000
1607935158000
1607943605000
1608020235000
1608029509000
1608039811000
1608056000000
1608079851000
1608142999000
1608227606000
1608231472000
1608251794000
1608286966000
1608287923000
1608293562000
1608293970000
1608399317000
1608417279000
1608446283000
1608480875000
1608495104000
1608505627000
1608543998000
1608622200000
1608643828000
1608655027000
1608733663000
1608742558000
1608744315000
1608810250000
1608811200000
1608824922000
1608896554000
1608905202000
1608944048000
1608995639000
1609079848000
1609086207000
1609096026000
1609177586000
1609191774000
1609260479000
1609270317000
1609325381000
1609327633000
1609327779000
1609338804000
1609341707000
1609344755000
1609441021000
1609516922000
1609521094000
1609527900000
1609705452000
1609786547000
1609861648000
1609929575000
1609937455000
1609952723000
1609955871000
1609958586000
1609958944000
1609962682000
1609972826000
160亿元
160亿元人民币
1610021993000
1610027682000
1610027869000
1610102531000
1610110424000
1610118433000
1610136423000
1610179127000
1610224365000
1610272124000
1610280252000
1610291667000
1610295717000
1610296935000
1610298616000
1610314307000
1610361215000
1610387610000
1610401051000
1610444046000
1610446962000
1610447905000
1610450497000
1610456820000
1610461203000
1610552565000
1610554853000
1610561811000
1610614731000
1610637884000
1610637921000
1610638042000
1610638238000
1610638631000
1610639078000
1610639332000
1610639405000
1610639774000
1610639956000
1610640568000
1610641577000
1610641808000
1610641818000
1610642463000
1610642941000
1610647093000
1610739965000
1610753278000
1611131634000
1611153389000
1611170488000
1611308201000
1611382364
1611409230000
1611513652000
1611570182000
1611570806000
1611573170000
1611583811000
1611587162000
1611601718000
1611607561000
1611652950000
1611653900000
1611660790000
1611678829000
1611749060000
1611756453000
1611765772000
1611790137000
1611847947000
1611857523000
1611862343000
1611862657000
1611862825000
1611863540000
1611873533000
1611883073000
1611921087000
1611922682000
1611933185000
1611948944000
1611973455000
1612006690000
1612028540000
1612029115000
1612092607000
1612099655000
1612135307000
1612174576000
1612174988000
1612212488000
1612220171000
1612262919000
1612266150000
1612270472000
1612287246000
1612308040000
1612352001000
1612364516000
1612366858000
1612382400000
1612388159000
1612431949000
1612433122000
1612464296000
1612464359000
1612465560000
1612466412000
1612471634000
1612475671000
1612509806000
1612527928000
1612552436000
1612559954000
1612560644000
1612632212000
1612636787000
1612697700000
1612714626000
1612743193000
1612826941000
1612867262000
1612869561000
1612900800000
1612961373000
1613058844000
1613217600000
1613224825000
1613416570000
1613502834000
1613558711000
1613592301000
1613645482000
1613645579000
1613651336000
1613655288000
1613661481000
1613679300000
1614119844000
1614193666000
1614194319000
1614194448000
1614194534000
1614194925000
1614195116000
1614195702000
1614243151000
1614248334000
1614260701000
1614266259000
1614420790000
1614463800000
1614472947000
1614512842000
1614516965000
1614528000000
1614596774000
1614596923000
1614634475000
1614676859000
1614677812000
1614717753000
1614721608000
1614766523000
1614766697000
1614786598000
1614805057000
1614858809000
1614866250000
1614869460000
1614881699000
1615047291000
1615061954000
1615190019000
1615201728000
1615307298000
1615335658000
1615342300000
1615493062000
1615799852000
1615804966000
1615820357000
1615827854000
1615967757000
1615990080000
1616064221000
1616094040000
1616262069000
1616309902000
1616326517000
1616345525000
1616350013000
1616350803000
1616365154000
1616442650000
1616484554000
1616490647000
1616509111000
1616517940000
1616585524000
1616590080000
1616598652000
1616621445000
1616665855000
1616713102000
1616929987000
1616935884000
1617026419000
1617053792000
1617088968000
1617112562000
1617115800000
1617118811000
1617122706000
1617124055000
1617178313000
1617260400000
1617293943000
1617356278000
1617400635000
1617485178000
1617541754000
1617617805000
1617621677000
1617625335000
1617640200000
1617645406000
1617652081000
1617753988000
1617802306000
1617805916000
1617807131000
1617876800000
1617876893000
1617894196000
1617908762000
1617909906000
1617966259000
1617986772000
1617989967000
1618074000000
1618156866000
1618234474000
1618241727000
1618328388000
1618331562000
1618590584000
1618590988000
1618592943000
1618596477000
1618613323000
1618656971000
1618668616000
1618670226000
1618677469000
1618681105000
1618682268000
1618766481000
1618864066000
1618942192000
1618948315000
1619040801000
1619258535000
1619276376000
1619340635000
1619430839000
1619435413000
1619438400000
1619451532000
1619455253000
1619521192000
1619527324000
1619537428000
1619543092000
1619547501000
1619600518000
1619601167000
1619610118000
1619616046000
1619641712000
1619708734000
1619712172000
1619718228000
1619799352000
1619802228000
1619802943000
1619909093000
1619970798000
1620147339000
1620162999000
1620163042000
1620168022000
1620168671000
1620196810000
1620207000000
1620211656000
1620214875000
1620227569000
1620238656000
1620244742000
1620293558000
1620313576000
1620322423000
1620333099000
1620372600000
1620381155000
1620401050000
1620403144000
1620426479000
1620427159000
1620489680000
1620495031000
1620499462000
1620502787000
1620639051000
1620642985000
1620661699000
1620678307000
1620693335000
1620735173000
1620738329000
1620758866000
1620802959000
1620833940000
1620840918000
1620859385000
1620889334000
1620910795000
1620919184000
1620921190000
1621004050000
1621061180000
1621070441000
1621093408000
1621105185000
1621106280000
1621115279000
1621158185000
1621175770000
1621185509000
1621199517000
1621250144000
1621251142000
1621258319000
1621282942000
1621339347000
1621382613000
1621424194000
1621460248000
1621509071000
1621525080000
1621532476000
1621533119000
1621535229000
1621547379000
1621549800000
1621623254000
1621782062000
1621792437000
1621799919000
1621854597000
1622034260000
1622039317000
1622065664000
1622077595000
1622101991000
1622115192000
1622128615000
1622140530000
1622145332000
1622153320000
1622199105000
1622215730000
1622218351000
1622228115000
1622230839000
1622281569000
1622314810000
1622330796000
1622371523000
1622384193000
1622535388000
1622540691000
1622548876000
1622549153000
1622551048000
1622557619000
1622563200000
1622564359000
1622564868000
1622578321000
1622579122000
1622625467000
1622632645000
1622634398000
1622642623000
1622645931000
1622646762000
1622649113000
1622651277000
1622652082000
1622654161000
1622656318000
1622656914000
1622659707000
1622660998000
1622725155000
1622727041000
1622728365000
1622729218000
1622765402000
1622791727000
1622814400000
1622851094000
1622891368000
1622895197000
1622903602000
1623020392000
1623059084000
1623059201000
1623101735000
1623108843000
1623152243000
1623222183000
1623256028000
1623406823000
1623406939000
1623408296000
1623408757000
1623410078000
1623414489000
1623417775000
1623421987000
1623424065000
1623425004000
1623428155000
1623439201000
1623444848000
1623487901000
1623507633000
1623509760000
1623514021000
1623515572000
1623542466000
1623578546000
1623580180000
1623582879000
1623586557000
1623587455000
1623587570000
1623587818000
1623587829000
1623588017000
1623588018000
1623588300
1623594580000
1623594949000
1623598571000
1623605113000
1623677279000
1623692845000
1623701695000
1623758488000
1623765855000
1623780072000
1623834127000
1623865703000
1623931418000
1624056300000
1624144893000
1624170315000
1624268649000
1624299797000
1624360674000
1624376876000
1624384283000
1624384853000
1624531391000
1624540693000
1624613758000
1624623571000
1624638532000
1624697048000
1625
164
1650元
166人受伤
1673279252
16万余人受灾
16人受伤
16人受伤正在救治
16人失踪
16倍音速
16千米
16名伤者
16名伤者送医
16名涉事中国游客死亡
16名韩国护士因疫情严重辞职
16小时滞留
16小时滞留情况
16岁
16岁儿子
16岁女儿
16岁女学生
16岁女学生跳河事件
16岁高三女生
16岁高三女生坠楼
16次骨穿及腰椎穿刺
16次骨穿和腰椎穿刺
1707701044@qq.com
170吨
170至180公里/时
171995164
171人住院治疗
172人住院治疗
175人入院治疗
17620591883
1763万例
1764535568@qq.com
1772
17741363531
17:04至17:08左右
17人
17人死说法
17人被困河中河水即将漫过……这时候他们出现了
17人被困河中险情
17口之家
17头亚洲象
17头野生亚洲象
17头野生亚洲象前往云南勐海县曼迈村委会觅食
17小时
17岁
17岁男孩
17日晚睡觉前
17时28分
17时40分
17楼
17楼一对夫妻
17级
18.8万元
18.8万元彩礼
18.9元
1800亿
18053622785
180km/h
180人
180多人受伤
18202973835
18369000029
1837万例
184亿美元
18565265490
18574137045
18657012181
18661737090
187户符合条件家庭
18808928525
18818880081
18850408090
188838812345
18898529331
18952324788
18956721116
18996841009
18:00
18:50
18K金钻石吊坠2套
18万
18万彩礼
18人
18人受伤
18人死亡
18千米
18名专业扑火队员
18名专业扑火队员遇难
18名医患
18名医患当场死亡
18名扑火队员
18名扑火队员和1名向导
18名打火队员
18名轻伤员
18吨的
18天
18小时
18小时内抓获嫌疑人
18小时填沙治水
18年的事情了
18至23岁左右
1900千米每小时
1942年1月8日
1953年
1957年10月1日
1959年
1971条
1976年
1976年8月
1979500232@qq.com
198240243@qq.com
1985年患肺炎后的霍金
1987年苏联拍到月球轰炸机照片事件
1987年苏联方面对月球观测
1988年7月30日
198人受伤
1990年
1990年2784名
1991届
1991届复旦大学高材生
1991年
1991年1月125日
1991年1月12日
1991年7月23日
1991年7月2日
1991年9月8日
1994年2月
1994年2月2日
1995年11月26日
1995年火星观测事件
1995年美国天文学家观测火星事件
1995至2015年
1998年
1998年以来最为严峻的防汛形势
1998年历史极值
19999元
1999年
1999年底
1999年马云创立阿里巴巴初期
1999年马云找雷军融资2000万
1999年马云找雷军融资2000万被拒
1999年马云找雷军融资被拒
19:00
19人
19人牺牲
19人遇难
19名地方扑火人员
19名地方扑火人员牺牲
19名扑火人员
19名扑火人员死亡
19名扑火人员牺牲
19名扑火人员牺牲事件
19名扑火队员
19名扑火队员出征前的最后画面
19名扑火队员抵达火场前画面
19名扑火队员最后影像
19名扑火队员牺牲
19名扑火队员牺牲事件
19名扑火队员生前可能最后的影像
19名扑火队员生前最后影像
19名牺牲扑火队员出征的最后影像
19名牺牲扑火队员生前最后影像
19名牺牲队员
19名牺牲队员和3名幸存队员
19名牺牲队员最后的影像
19名牺牲队员最后的影像一个个稚嫩的脸庞毅然赴火场一去不复还
19名牺牲队员生前最后影像
19名逆行英雄生前最后的影像
19名遇难者
19名遇难者中
19名队员不幸遇难
19岁
19岁消防兵董泽鹏
19岁消防员
19岁消防员孙络络在上海宝山区扑救厂房火灾时被坍塌墙体压倒牺牲
19岁消防员孙络络湖北武汉人在上海宝山区扑救厂房火灾时被突然坍塌的墙体压入10米深坑壮烈牺牲
19岁消防员救火时被坍塌的墙体压倒而牺牲
19岁消防战士
19岁逆行消防员背影
19年有期徒刑
19日警方通报河南3岁小孩被狗咬死
19日警方通报河南3岁小孩被狗咬死：狗主人涉嫌过失致人死亡被刑拘涉事犬只已被处置抖音小助手
1万次
1个小孩
1人
1人受伤
1人失联
1人当场死亡
1人死亡
1人经抢救无效死亡
1人轻伤
1人遇难
1人重伤
1亿美元股份
1分50秒
1分钟
1区人民医院附近大药房店门口
1名中国游客溺亡
1名伤者
1名司机和3名乘客
1名向导
1名学生作为人质
1名小孩
1名工人
1名工作人员
1名当地向导
1名当地向导带领
1名当地林场职工
1名林场职工
1名美籍华人
1名被困工人
1名轻伤者
1名队员
1小时59分钟
1小时被抢完
1岁女儿
1岁女儿因烧伤过重、器官衰竭身亡
1岁女婴脸上有三道深抓痕
1月10日一段疑似机场监控拍下失事客机起飞前的画面曝光
1月12日中午12时
1月13日上午11时
1月14日
1月14日天津港一车间发生燃气爆炸事故
1月15日19时许
1月20日
1月22日21时许
1月23日
1月23日17时许
1月24日
1月25日
1月26日起所有群聊禁止转发未经官方证实的新冠肺炎相关信息
1月28日
1月31日
1月31日河南商丘新修路段两车剧烈碰撞
1月31日河南商丘火神台金桥路
1月8日上午
1月9日
1楼进行灭火
1死2伤
1死4伤
1死7伤
1看成都
1米
1米以上富余高度
1群2群3群已满请进粉丝4群
2%
2.31%
2.8亿
2.93mg/kg
2.95米
20.05.2019:08:58
2000万元融资
2000余人
2000名学生
2000年
2000年1148名
2002年
2002年7月4日凌晨2时许
2003年
2004年
2004年11月14日
2004年7月
2004年至2015年之间
2005年
2008年
200万警察都在关注 最有态度的警察自媒体 vx：xiaojingzhijia2
200人
200余名民警及消防人员
200余米
200元
200元现金
200多元
200多具尸体
200多只蝗虫
200多名武警
200多斤米
200多条
200多米后上桥
200立方米/秒
200至10000元不等
2010年
2010年380名
2010年8月19日
2010年8月19日西安至昆明的K165次车事故现场
2011年
2011年2月25日晚
2011年的广告现在还在炒
2012年
2012年4月4日晚
2012灭亡预言
2013年5月29日
2013年轮奸罪
2014年
2014年2月4日
2014年3月8日
2014年存放
2014年马航MH370失联航班乘客
2015年
2015年1月21日
2015年9月27日
2016年
2016年12月16日
2016年9月19日
2016年在拘留期间死亡的法国黑人青年
2016年至2018年
2017年
2017年10月11日
2017年10月5日
2017年12月10日12:39
2017年入学的首批电竞专业学生
2017年尼米兹号航母舰载机
2017年尼米兹号航母舰载机拍摄的UFO视频
2018年
2018年10月18日
2018年10月28日
2018年10月28日10时许
2018年10月印尼狮航空难存在明显相似之处
2018年11月15日
2018年11月17日
2018年12月22日
2018年12月27日
2018年12月5日
2018年12月5日事件混淆
2018年12月8日
2018年12月8日17时许
2018年3月14日
2018年4月14日
2018年4月9日14时20分许
2018年6月8日
2018年7月23日晚
2018年7月5日
2018年7月5日17时45分
2018年7月5日17时45分左右
2018年7月6日一早
2018年7月6日凌晨4时
2018年7月8日
2018年7月8日左右
2018年8月12日3时58分许
2018年8月28日
2018年8月8日山东济宁
2018年9月16日
2018年9月16日左右
2018年9月27日
2018年9月4日
2018年全国0-14岁儿童达2.8亿
2018年全年出生人口1850万
2018年公租房摇号名单中位列轮候的2297户家庭
2018年发生事件
2018年后首次
2018年国家绿盾行动
2018年国家绿盾行动要求
2018年小米上市时
2018年总和生育率
2018年辍学
2018年邵东故意杀人案
2019-10-27
2019-12-26 07:32:12 辽G|4292 6KMH 继续寻找目标 37.36.50055 N.116.29.65279 碰瓷儿? 夏津一女子逼停大货车 却被另外一辆货车撞倒
2019年
2019年05月14日14:29:08
2019年10月10日
2019年10月10日18:06
2019年10月11日
2019年10月11日傍晚
2019年10月12日
2019年10月12日上午
2019年10月12日晚
2019年10月15日左右
2019年10月19日23时许
2019年10月20日
2019年10月22日
2019年10月27日
2019年10月27日香港理工大学举行第二十五届毕业典礼
2019年10月27日香港理工大学举行第二十五届毕业典礼期间
2019年10月28日左右
2019年10月29日
2019年10月31日
2019年10月31日18时19分
2019年11月18日
2019年11月20日
2019年11月20日前后
2019年11月24日07:53:08至07:53:09
2019年11月25日
2019年11月2日23时33分
2019年11月6日
2019年12月
2019年12月10日上午
2019年12月11日
2019年12月13日22时31分
2019年12月13日晚
2019年12月17日
2019年12月18日
2019年12月18日08时14分
2019年12月18日8时14分
2019年12月1日22时
2019年12月21日
2019年12月26日
2019年12月26日07:31:05
2019年12月26日07:32:12
2019年12月26日07:32:22
2019年12月29日
2019年12月29日8时04分
2019年12月29日8时56分
2019年12月29日8时许
2019年12月3日
2019年12月3日17时19分
2019年12月3日17时19分许
2019年12月3日17时28分
2019年12月3日17时左右
2019年12月3日21:55
2019年12月3日21时30分许
2019年12月3日下午
2019年12月4日
2019年12月4日02:59
2019年12月4日7时50分
2019年12月4日凌晨
2019年12月5日
2019年12月6日16时
2019年12月6日下午
2019年12月7日
2019年12月7日凌晨
2019年12月8日
2019年1月16日
2019年1月24日
2019年1月25日左右
2019年1月28日
2019年2月
2019年2月13日
2019年2月20日
2019年2月20日傍晚
2019年2月24日
2019年2月28日
2019年2月6日
2019年2月6日12时左右
2019年3月
2019年3月10日
2019年3月13日
2019年3月14日晚7点
2019年3月15日
2019年3月18日
2019年3月20日左右
2019年3月21日下午
2019年3月22日
2019年3月23日18时
2019年3月6日19时30分许
2019年4月
2019年4月12日左右
2019年4月16日
2019年4月16日晚
2019年4月17日
2019年4月18日
2019年4月在四川·巴中举行
2019年5日下午
2019年5日下午驾驶公交车
2019年5月14日
2019年5月14日14:29:07
2019年5月31日09:23的交通违法信息
2019年5月5日
2019年5月5日13:40
2019年5月5日13时53分
2019年5月5日前后
2019年5月7日
2019年5月7日14:40
2019年6月
2019年6月10日左右
2019年6月16日
2019年6月17日22时55分
2019年6月19日
2019年6月19日7点40分
2019年6月23日
2019年6月25日
2019年6月26日
2019年6月26日15时40分许
2019年6月4日16时40分许
2019年6月9日
2019年6月9日爆发
2019年6月9日苏门答腊岛的錫納朋海底火山爆发
2019年6月9日苏门答腊岛的锡纳朋海底火山爆发
2019年6月9日苏门答腊岛锡纳朋海底火山爆发
2019年6月9日苏门答腊岛锡纳朋海底火山爆发文本
2019年6月9日苏门答腊岛锡纳朋海底火山爆发监控拍下全过程海边建筑瞬间化为灰烬
2019年7月14日
2019年7月20日安徽黄山一起气模设施下陷致8岁女童身亡事件
2019年7月21日16:15
2019年7月23日
2019年7月27日
2019年7月28日12时许
2019年7月28日9时52分
2019年7月29日
2019年7月29日左右
2019年7月30日
2019年7月30日凌晨4点14分左右
2019年7月3日早上
2019年7月4日
2019年7月4日10时17分
2019年7月4日晚
2019年7月8日
2019年7月某周五12:58左右
2019年8月
2019年8月10日
2019年8月10日15时
2019年8月10日17时
2019年8月10日1时45分
2019年8月10日22时
2019年8月10日左右
2019年8月11日
2019年8月11日凌晨
2019年8月14日
2019年8月16日
2019年8月18日
2019年8月18日广西南丹县有人因吃猪肉导致全家中毒死亡
2019年8月19日18:23
2019年8月19日18时23分
2019年8月1日
2019年8月20日晚
2019年8月21日
2019年8月30日
2019年8月31日8时30分许
2019年8月4日左右
2019年8月7日
2019年8月8日
2019年8月9日
2019年8月一架客机在黑龙江失事42人遇难
2019年8月黑龙江伊春客机失事、42人遇难
2019年9月
2019年9月12日
2019年9月14日晚广州白云区人和地铁外美食街有人吃小龙虾中毒三男两女死亡
2019年9月17日左右
2019年9月17日至23日
2019年9月18日
2019年9月24日7时36分左右
2019年9月27日
2019年9月2日
2019年9月2日达成一致处理结果
2019年9月30日左右
2019年9月3日
2019年出生人口持续增长
2019年台风利奇马过境期间
2019年国庆期间
2019年国庆期间事件
2019年国庆期间场景
2019年埃塞俄比亚航空坠机事故
2019年夏至2021年1月时间段
2019年底至2020年4月
2019年春节前
2019年登陆我国的最强台风
2019年第19号台风
2019年第19号强台风
2019年西北太平洋最强台风
2019环邢台国际公路自行车赛
2019环邢台国际公路自行车赛第一赛段
2019环邢台国际公路自行车赛第一赛段视频
2019环邢台国际公路自行车赛连环大撞车
2019环邢台国际自行车赛连环大撞车
2019的视频
2019邢台国际公路自行车赛
2020-04-26 08:08
2020-05-20 11:32
2020-05-20 21:23
2020-5-25 16:26
2020-7-6 上海暴雨各种乘风破浪一次看个够
2020.06
2020东京奥运会开幕式烟花
2020东京奥运会开幕式烟花在富士山下提前燃放
2020事太多了
2020多灾多难的一年
2020太难了
2020奥运会开幕式烟花
2020奥运会开幕式烟花在日本富士山下燃放
2020年
2020年10月11日
2020年10月11日前后
2020年10月12日
2020年10月12日上午8时许
2020年10月14日
2020年10月15日10时许
2020年10月15日上午10时许
2020年10月16日
2020年10月21日左右
2020年10月22日
2020年10月22日入境
2020年10月22日左右
2020年10月22日广东湛江某宵夜店被砸
2020年10月24日
2020年10月27日
2020年10月27日凌晨1时许
2020年10月29日
2020年10月29日广东韶关广告牌坠落事件
2020年10月30日
2020年10月31日
2020年10月31日12时至16时许
2020年10月4日5时40分许
2020年10月9日
2020年11月
2020年11月10日
2020年11月11日
2020年11月11日13:27:44
2020年11月11日13时27分
2020年11月12日左右
2020年11月13日
2020年11月19日
2020年11月20日
2020年11月21日凌晨3时40分许
2020年11月27日
2020年11月28日
2020年11月28日左右
2020年11月2日发布11.02警情通报
2020年11月3日事故
2020年11月4日左右
2020年11月7日上午10时许
2020年11月9日
2020年12月10日20时许
2020年12月10日晚12点多
2020年12月11日
2020年12月11日前
2020年12月11日左右
2020年12月14日12:30
2020年12月14日13:30–14:30
2020年12月14日9:27
2020年12月15日
2020年12月15日09:00左右
2020年12月15日17时24分
2020年12月17日
2020年12月17日15时30分许
2020年12月17日18时许
2020年12月18日
2020年12月19日
2020年12月19日左右
2020年12月1日
2020年12月20日10:16
2020年12月21日
2020年12月21日左右
2020年12月22日
2020年12月22日清晨
2020年12月23日
2020年12月23日晚
2020年12月24日
2020年12月25日
2020年12月27日
2020年12月27日00:10
2020年12月2日
2020年12月4日13时许
2020年12月5日
2020年12月6日21:07
2020年12月6日21:07发生的交通违法
2020年12月7日
2020年12月7日前后
2020年12月9日
2020年156名
2020年1月10日左右
2020年1月14日
2020年1月14日左右
2020年1月19日凌晨
2020年1月20日
2020年1月20日14时许
2020年1月20日17时13分
2020年1月31日前后
2020年1月3日澳大利亚袋鼠岛大火
2020年2月
2020年2月10日
2020年2月10日左右
2020年2月14日
2020年2月19日
2020年2月19日左右
2020年2月20日8时32分
2020年2月20日8时34分
2020年2月20日前后
2020年2月23日左右
2020年2月24日
2020年2月25日
2020年2月27日前后
2020年2月28日
2020年2月28日天津市红桥区咸阳北路街治安事件
2020年2月29日
2020年2月2日
2020年2月3日
2020年2月3日前后
2020年2月4日
2020年2月4日前后
2020年2月5日左右
2020年2月6日左右
2020年2月7日下午
2020年2月7日左右
2020年2月8日前后
2020年2月9日
2020年2月钟南山将逆行出征欧洲
2020年3月
2020年3月10日
2020年3月10日前后
2020年3月11日
2020年3月11日20时左右
2020年3月11日左右
2020年3月12日下午
2020年3月15日凌晨
2020年3月17日前后
2020年3月18日
2020年3月19日
2020年3月19日前后
2020年3月1日
2020年3月20日左右
2020年3月21日
2020年3月21日11时50分
2020年3月21日13时左右
2020年3月21日22时
2020年3月21日22时许
2020年3月21日河南安阳北关区油厂家属院发生
2020年3月22日9时32分许
2020年3月22日前后
2020年3月23日
2020年3月24日左右
2020年3月26日
2020年3月26日发布公告
2020年3月26日左右
2020年3月27日左右
2020年3月28日
2020年3月28日0时
2020年3月28日0时起暂时停止持有效来华签证、居留许可、APEC商务旅行卡入境
2020年3月2日
2020年3月30日
2020年3月30日15时51分
2020年3月30日出发执行救援任务
2020年3月30日西昌森林火灾救援人员重大伤亡情况
2020年3月31日
2020年3月31日0时
2020年3月31日凌晨
2020年3月31日凌晨1时30分
2020年3月31日左右
2020年3月3日
2020年3月6日前后
2020年3月7日
2020年3月7日19时05分
2020年3月7日夜间
2020年3月8日
2020年3月左右
2020年3月意大利疫情高峰期真实情况
2020年3月试飞
2020年4月
2020年4月13日
2020年4月15日
2020年4月17日
2020年4月1日
2020年4月1日左右
2020年4月1日至16日
2020年4月21日
2020年4月21日21时10分左右
2020年4月21日21时许
2020年4月21日下午14时
2020年4月21日晚9时许
2020年4月21日晚9时许赣榆区城头镇后黄墩村连云港宏兴研磨材料有限公司发生火灾
2020年4月22日
2020年4月22日左右
2020年4月23日
2020年4月23日晚
2020年4月23日白宫新闻发布会
2020年4月24日
2020年4月24日左右
2020年4月25日
2020年4月26日左右
2020年4月29日左右
2020年4月30日
2020年4月3日左右
2020年4月4日
2020年4月8日
2020年5月10日前后
2020年5月10日左右
2020年5月11日左右
2020年5月12日
2020年5月13日上午9时许
2020年5月15日
2020年5月15日左右
2020年5月17日5时许
2020年5月17日左右
2020年5月18日
2020年5月20日
2020年5月20日至31日
2020年5月21日
2020年5月21日09:09
2020年5月22日上午八九点左右
2020年5月23日
2020年5月23日前后
2020年5月23日左右
2020年5月26日
2020年5月27日
2020年5月28日上午9时许
2020年5月30日
2020年5月4日
2020年5月4日左右
2020年5月6日
2020年5月8日
2020年5月8日13时
2020年5月8日4时27分
2020年5月8日8时40分许
2020年5月底
2020年6月10日
2020年6月10日左右
2020年6月12日
2020年6月13日
2020年6月13日16时40分许
2020年6月13日16时46分
2020年6月13日22时17分
2020年6月13日下午
2020年6月13日清晨
2020年6月14日
2020年6月14日17时30分许
2020年6月14日上午9时
2020年6月15日
2020年6月15日5时许
2020年6月15日左右
2020年6月17日
2020年6月18日
2020年6月21日
2020年6月21日上午
2020年6月21日凌晨
2020年6月23日
2020年6月23日23时29分04秒
2020年6月23日左右
2020年6月26日
2020年6月26日晚6点前
2020年6月27日
2020年6月27日左右
2020年6月28日
2020年6月28日中午
2020年6月28日左右
2020年6月29日
2020年6月29日晚
2020年6月2日
2020年6月30日左右
2020年6月3日
2020年6月7日前后
2020年6月8日
2020年6月8日21时
2020年6月8日21时41分
2020年6月9日
2020年6月9日9时30分许
2020年6月9日上午
2020年6月9日上午9时左右
2020年6月9日上午9时许
2020年6月9日上午9点左右
2020年7月
2020年7月10日
2020年7月10日上午9时02分
2020年7月11日
2020年7月11日晚
2020年7月12日
2020年7月12日19时40分
2020年7月12日晚
2020年7月12日零时
2020年7月13日
2020年7月13日10时
2020年7月13日17时
2020年7月13日8时
2020年7月13日左右
2020年7月14日
2020年7月15日左右
2020年7月16日
2020年7月17日
2020年7月1日左右
2020年7月21日
2020年7月21日左右
2020年7月21日星期二上午
2020年7月22日
2020年7月22日前后
2020年7月23日
2020年7月24日
2020年7月25日
2020年7月25日17:00
2020年7月25日18:00
2020年7月25日23时至26日13时
2020年7月25日下午5时
2020年7月25日左右
2020年7月26日
2020年7月26日09时09分
2020年7月26日17:17
2020年7月26日18时
2020年7月26日18时前有序撤离
2020年7月26日左右
2020年7月26日清晨
2020年7月27日
2020年7月27日左右
2020年7月28日
2020年7月29日
2020年7月29日凌晨
2020年7月2日
2020年7月2日10时35分
2020年7月2日10时35分左右
2020年7月2日12时50分
2020年7月2日12时50分后
2020年7月2日上午10时35分左右
2020年7月2日湖南张家界强降雨
2020年7月30日左右
2020年7月31日
2020年7月31日左右
2020年7月3日
2020年7月5日
2020年7月6日
2020年7月7日
2020年7月7日左右
2020年7月8日
2020年7月8日9时
2020年7月8日左右
2020年7月左右
2020年8月10日
2020年8月10日14时
2020年8月10日14时开始泄洪
2020年8月10日凌晨5时31分
2020年8月12日
2020年8月13日前后
2020年8月13日左右
2020年8月15日
2020年8月15日报案
2020年8月16日
2020年8月16日10时
2020年8月16日21时09分
2020年8月16日国内某旅行团组织游客前往美国一著名火山口参观
2020年8月16日晚
2020年8月17日
2020年8月17日13时
2020年8月17日左右
2020年8月18日
2020年8月18日, 起闭园
2020年8月18日17时30分左右
2020年8月18日前后
2020年8月18日左右
2020年8月18日晚
2020年8月19日
2020年8月19日发布通报
2020年8月1日
2020年8月1日凌晨2时许
2020年8月20日13:48左右
2020年8月20日左右
2020年8月23日
2020年8月26日前后
2020年8月27日
2020年8月28日
2020年8月28日上午9点
2020年8月28日凌晨
2020年8月28日发表演讲
2020年8月29日凌晨2时许
2020年8月2日
2020年8月30日
2020年8月30日11:01至11:02
2020年8月30日下午4点
2020年8月30日左右
2020年8月31日
2020年8月4日
2020年8月4日18:00左右
2020年8月4日18时
2020年8月4日黎巴嫩大爆炸
2020年8月5日
2020年8月6日
2020年8月6日17时至20时
2020年8月6日23时
2020年8月6日下午
2020年8月7日
2020年8月8日
2020年8月8日11时左右
2020年9月
2020年9月10日
2020年9月11日15时
2020年9月12日
2020年9月13日
2020年9月13日左右
2020年9月14日
2020年9月15日
2020年9月15日下午
2020年9月16日
2020年9月17日18时20分许
2020年9月18日
2020年9月18日0时20分
2020年9月18日14:33
2020年9月19日
2020年9月21日
2020年9月22日
2020年9月23日10:15
2020年9月24日
2020年9月24日晚
2020年9月25日
2020年9月25日9时左右
2020年9月25日星期五07:44:35
2020年9月27日
2020年9月28日
2020年9月28日下午
2020年9月3日
2020年9月7日
2020年9月7日9时40分许
2020年9月7日前后
2020年9月8日左右
2020年G17暴雨期间
2020年乔治·弗洛伊德事件
2020年以来全球第6次7级以上地震
2020年何享健遭劫持未遂案
2020年全国两会期间
2020年公租房分配工作
2020年内
2020年初
2020年四川西昌森林火灾
2020年多灾多难
2020年太难了
2020年太难了上半年抗疫下半年抗洪
2020年奥运会开幕式烟花在日本富士山下燃放不能存放到2021年
2020年奥运会开幕式烟花已在富士山下提前燃放
2020年度淄博市政务类十佳抖音号
2020年抗洪抢险中的应急举措
2020年抗洪抢险典型应急措施
2020年是个值得纪念的年份[666]
2020年汛期湖北恩施建始县强降雨导致城市内涝
2020年江西九江汛情应对措施
2020年温岭槽罐车爆炸事故
2020年灾情频发
2020年疫情初期
2020年美国反种族歧视浪潮
2020年美国对华科技政策动向
2020年美国总统选举结果
2020年西昌山火救援事件
2020年西昌山火救援重大事件
2020年西昌森林火灾
2020怎么了？？？祈祷平平安安
2020湖南汛情
2020迎战暴雨 湖北恩施建始县城遭暴雨侵袭被淹救援人员徒步前往救援致敬
2021
2021-01-02
2021-01-02 18:27:13
2021-01-02 18:30:24
2021-01-14T12:05
2021-01-30
2021-02-03
2021元宵烟花预演
2021年
2021年10月26日
2021年10月底
2021年1月10日
2021年1月10日前不久
2021年1月12日左右
2021年1月13日21时许
2021年1月14日
2021年1月14日12时50分左右
2021年1月14日15:30
2021年1月14日15时30分
2021年1月15日
2021年1月18日早晨5点多
2021年1月19日
2021年1月1日凌晨两点多跳桥
2021年1月20日
2021年1月21日
2021年1月22日
2021年1月22日18时30分
2021年1月22日星期五凌晨3时34分32秒
2021年1月24日
2021年1月24日13时许
2021年1月25日左右
2021年1月27日
2021年1月27日中午12时左右
2021年1月27日广西宜州巡警举行返赃仪式将追回赃物及时返还失主
2021年1月29日
2021年1月2日
2021年1月2日10时许
2021年1月3日
2021年1月5日10时32分
2021年1月5日左右
2021年1月6日
2021年1月6日左右
2021年1月8日19时23分左右
2021年1月8日左右
2021年1月9日
2021年27名
2021年2月10日
2021年2月10日左右
2021年2月13日
2021年2月15日
2021年2月15日15:49:34
2021年2月17日
2021年2月17日中午
2021年2月21日
2021年2月24日
2021年2月24日14时12分许
2021年2月3日晚21时10分
2021年2月4日
2021年2月5日10:58
2021年2月5日10时41分
2021年2月5日15时许
2021年2月7日
2021年2月9日左右
2021年3月10日
2021年3月10日左右
2021年3月14日
2021年3月17日
2021年3月19日
2021年3月1日
2021年3月1日21:56:15
2021年3月1日星期一晚间
2021年3月20日左右
2021年3月21日
2021年3月21日左右
2021年3月23日
2021年3月24日前后
2021年3月24日左右
2021年3月26日
2021年3月28日
2021年3月29日
2021年3月29日11时40分
2021年3月29日9时56分
2021年3月29日早5时50分
2021年3月2日
2021年3月2日15时50分许
2021年3月30日
2021年3月30日左右
2021年3月31日
2021年3月3日
2021年3月5日
2021年3月7日
2021年3月7日左右
2021年3月8日10时56分
2021年4月10日
2021年4月13日
2021年4月13日江苏苏州大货车内轮差致电动车被蹭倒事件
2021年4月15日
2021年4月15日凌晨2点29分
2021年4月17日13时许
2021年4月19日
2021年4月22日
2021年4月24日左右
2021年4月25日
2021年4月26日
2021年4月27日
2021年4月28日
2021年4月28日左右
2021年4月29日
2021年4月29日左右
2021年4月30日左右
2021年4月3日
2021年4月4日
2021年4月4日12时34分许
2021年4月4日左右
2021年4月5日
2021年4月6日
2021年4月6日14:13
2021年4月7日
2021年4月7日前后
2021年4月8日
2021年4月9日
2021年5月11日
2021年5月11日左右
2021年5月12日
2021年5月13日左右
2021年5月15日
2021年5月15日上午7点
2021年5月16日
2021年5月17日
2021年5月17日左右
2021年5月18日
2021年5月19日左右
2021年5月20日11:17:44
2021年5月23日
2021年5月23日凌晨
2021年5月23日星期日凌晨1时50分许
2021年5月24日左右
2021年5月25日下午
2021年5月26日
2021年5月26日11时29分
2021年5月26日11时29分许
2021年5月27日
2021年5月27日前后
2021年5月28日
2021年5月28日-5月30日
2021年5月29日
2021年5月30日
2021年5月31日
2021年5月3日
2021年5月3日21时许
2021年5月4日
2021年5月5日
2021年5月5日中午
2021年5月7日
2021年5月7日前后
2021年5月8日
2021年5月8日10时55分许
2021年5月9日左右
2021年6月11日
2021年6月11日公布影像
2021年6月12日
2021年6月13日
2021年6月13日11时
2021年6月13日上午11时
2021年6月13日早晨六七点钟
2021年6月13日湖北十堰艳湖社区燃气爆炸事故
2021年6月13日湖北省十堰市张湾区艳湖小区集贸市场发生的燃气爆炸事故
2021年6月14日
2021年6月14日6时30分许
2021年6月14日当日
2021年6月15日
2021年6月16日左右
2021年6月17日
2021年6月19日
2021年6月1日
2021年6月21日左右
2021年6月22日
2021年6月23日
2021年6月24日左右
2021年6月25日凌晨3时许
2021年6月2日
2021年6月30日
2021年6月3日
2021年6月3日11时37分
2021年6月4日
2021年6月4日左右
2021年6月6日
2021年6月7日
2021年9月13日
2021年假新闻
2021年农业大事件
2021年夏天
2021年度淄博市新闻类十佳抖音号
2021年度虫草采挖第一次安保推进会
2021年度虫草采集管理工作动员部署会
2021年度首批公共租赁住房实物配租抽签分配工作
2021年美东时间
2021年这89种农药不能卖了自己用也不行违规将被罚款、判刑
2022-22921999
2022年
2022年感谢关注我的朋友们感激有你们的支持与陪伴
2023年10月15日
2023年11月18日14时51分
2023年11月18日18:26
2023年12月27日晚
2023年5月29日
2023年6月14日清晨6时许
2023年9月29日21时
2023年夏天毕业
2023年年底
2024年
2024年2月17日11时30分左右
2024年6月21日上午
2024年6月25日
2025年5月20日19时许
2033587140@qq.com
203577005
203斤
204人受伤
2055144149@qq.com
206.25亿元
20:00
20:07至22:09之间
20~31°C
20万元
20万元人民币
20万元分手费
20个管涌点
20人受伤
20人死亡
20余亩
20余年
20分钟
20分钟 禁止非专用车辆使用 皖0617
20多人死亡
20多名乘客安全
20多层高楼跳下
20多米
20小时
20岁
20岁女儿
20年
20年前
20年前的战绩
20米
20米以上高压电线杆
20米深桥底
20罐
20至25美元
20至30万吨
20至50元
21.27mg/100ml
2100余人
210万元存款被划走
210万元存款被银行工作人员私自划走
212米
214省道大田段
2159384948@qq.com
21:00
21:34
21:40
21世纪园林的特色
21世纪科技、世界看中国🇨🇳
21人
21人组成
21名扑火队员
21名队员
21小时前
21岁
21岁女性
21岁女性打造
21日22时20分左右
22.52米
220公里/小时
2215697137
2226091685@qq.com
223082443
223万
224083
2240832740
2249823770
225-350克
2250770014@qq.com
225亿元
225元考试费
225省道部分路段
2261571251@qq.com
228人
22:07
22:11 知道了知道你想告诉我让我注意安全
22人
22人中
22岁
22岁女孩
22岁女孩坠亡
22岁男子
22岁网红小伙宏楠
22日
22日晚
22时
23.1公里
23.2公里
23000余套
2330厂
234米
23606789
23:00
23:16 腾讯看点 庄人做完肛拭子检测秒变企鹅+走路一摇一摆让人心疼又想笑
23:50前后
23万人转行开滴滴
23人
23人受伤
23人死亡
23亿美元开支法案
23名伤者
23名危重伤员
23名员工
23名工作人员
23名被困人员
23岁
23岁男子
23时29分
24
24/72/144小时过境免签政策
2401697034@qq.com
24500元
24734例
2497915657@qq.com
24℃/-6℃
24个省份
24人
24人失踪
24人重伤
24分05秒
24名伤者
24小时
24小时不间断巡逻
24小时巡逻队
24小时慢直播：成都双流国际机场飞机起降、成都二环路高架
24小时新闻热线3520000
24小时网罗天下事 做有态度的新闻 临沂权威信息发布平台
24小时计罚周期
24小时计罚周期规则
24小时运转
24小时送🦀上楼
24小时随手看 新鲜 及时 有趣 感谢支持加入粉丝群……
24岁
24岁男子
24日14时
24日晚
24楼与25楼之间
24罐
25%
2501/25012
25032
250公里/小时
254名囚犯
254名在押人员
2578253697@qq.com
25℃
25万人
25人
25人死亡
25具遗体
25年后两人终于修成正果
25年后修成正果
25年后雨人终于
25日
25日8时50分
25日晚至26日
25楼跳下
2668927499@qq.com
26万
26人受伤
26名
26名学生
26名群众受伤
26岁
26岁甘肃籍女子唐某
26年
26日
2700吨硝酸铵
2700吨硝酸铵引发
270km/h
270°着陆点全景图
2711608008@qq.com
2720856053@qq.com
27446450@qq.com
2750吨硝酸铵
277人
277名
277名密切接触者
277名接触者
277名相关人员
278节车厢
278节车厢使用10个车头的火车
278节车厢共计10个车头的陆运火车场景
27~33°C
27名在华外国人确诊新型冠状病毒感染肺炎
27岁
27日
27日云南一村庄土葬棺材滚落致1死2伤
27日晚
27条
27条留言
2850立方米/秒
2861119646@qq.com
2878676742@qq.com
2897余公顷
28万元
28万彩礼
28万彩礼被拒
28个火星日
28人
28岁
28年
28日
28日竞选集会
293元
29个子孙
29名师生
29岁
29日
2:05 啊
2、3号桥墩坍塌
2万元
2万元/平
2万元/平方米
2个小时建成
2人
2人下落不明
2人受伤
2人检查无异常后自行离开
2人死亡
2人被埋压
2人轻伤
2人重伤
2亿元
2号和8号闸口
2名市民受伤
2名遇难者
2名飞行员
2小时
2小时47分钟
2小时以内
2小时内搭建移动方舱隔离病房
2岁左右女童
2岁幼子
2岁的孩子吃瓜子卡住喉咙送到医院被延误治疗死亡
2年
2月10日网上例行记者会
2月12日
2月15日
2月17日晚间
2月19日
2月20日15时许
2月24日
2月24日14时12分
2月24日大庆交通事故
2月26日
2月28日16时许
2月29日
2月2日
2月2日10:30
2月2日19时12分
2月3日
2月3日下午2时许
2月5日晚
2月6号上午九点左右新北区万达广场A座九楼是否发生火灾
2月6日19时
2月7日下午
2月9日16时13分
2月9日17时56分
2月份走到十月份？
2死8伤
2米
2米以上
2至3人被困
2辆小客车
2辆消防车
2辆重型半挂车受损
3%
3%滞纳金
3-9310号车辆
3.2%
3.2千克
3.3级
3.3级地震
3.3级地震描述存在差异
3.5万亩
3.5元
3.5级
3.5级地震
3.6万人
3.6亿
3.8万
3.8万人
3.8级地震
3.9元
3.9级地震
3.9级地震信息
30-50cc
30-50cc温水
30000只
30000只捐赠羊
3000万
3000万人民币
3000人受伤
3000元
3000元赔偿
3000升酒精
3000米
300万
300万元
300万承包千亩种植地收割时遭遇数百名村民哄抢
300余人
300余公里
300余名群众
300元
300元现金
300千瓦
300千瓦级激光武器
300多万元
300片
3026401447@qq.com
306路公交车
30963116@qq.com
30mg/kg
30万例
30万元
30万元人民币/每起案件
30万元债务
30万元彩礼
30万元彩礼要求
30万元直播收入
30万只老鼠
30万只老鼠集体跳崖
30万吨级巨型油轮紧缺
30万巨额债款和人命伤亡货车司机瞬间做了这个抉择：我很庆幸自己做了对的选择
30万条
30万老鼠
30万老鼠集体自杀
30公斤
30分名称
30分钟
30只鸭
30名公职人员
30名公职人员被问责
30多人
30多只鸭
30多岁女性
30多岁男性
30多针
30岁
30日
30日内处理
30秒
30秒+大风+雷电
30秒封面视频
30米
30美元/桶
30至40人失联
3100人
3122961391@qq.com
3130018486@qq.com
31只受伤考拉
31岁
31岁男子
31日凌晨
3204172166@qq.com
320克/罐
320公里/小时
327省道复线
32C
32元
32岁
32年
32年前宁海7·30洪灾记忆全县656个村庄受淹近25万人受灾
335元
335元全包
335元费用
335路公交车
3367564530@qq.com
33只鸭
33岁
3450849514@qq.com
34737069@qq.com
34万
34例
34名游客滞留高空
34岁男子
3500亿泰铢
3500元
3500名医护人员
350吨级履带吊
350开头
353990537@qq.com
359元
35人
35名中国游客
35岁
35辆消防车
360安全浏览器
360度全景照片
360度托马斯全旋花手肃康新冠病毒
363728454@qq.com
367家存在不规范现象的4A级及以下景区
368064845@qq.com
36公里
36分钟
36岁
37-43厘米
37.36.50055 N
37.6万户停电
3700人受伤
376963973@qq.com
37人
37人重伤
37名重伤者
37度
38%
38.5吨
3800例
382405859@qq.com
385488591
3888 8888888
38km/h
38岁刘女士
38车连撞、17人死
38车连撞说法
390公里
39人
39晨报
3D动画还原
3M Aura 1870+
3M Aura 1870+型号N95口罩
3S 海市屋楼
3万余元人民币
3万元/平
3万元/平房价
3万元/平方米
3万元人民币
3万元年租金
3万元现金
3万元私房钱
3万元被购得
3万只活羊
3万只羊
3万只羊移交
3万只蒙古羊真的来了赵立坚用一句蒙古谚语表达中方的感谢
3万只鸭兵
3个半小时
3个多小时
3个多月
3个工作日内获联系
3个月免费体验权
3个消防救援站
3个美人鱼真实目击事件
3人
3人伤亡
3人伤势较重
3人受伤
3人受轻伤
3人在送医途中死亡
3人已治愈出院
3人死亡
3人被困
3人被埋
3例
3例确诊病例
3分
3单
3只羊被疑似狼的野生动物咬死
3名
3名伤者
3名婴儿
3名嫌疑人
3名安徽金寨县铁冲乡居民
3名工人被埋
3名教职工
3名死者
3名派出所干警
3名男子
3名被困人员
3名队员
3处犯罪窝点
3天
3天前
3头分散活动的大象
3头猪
3头猪8只鸡30多只鸭几百斤米一家9口探亲滞留湖北40天吃空亲家屯粮
3小时
3岁
3岁10个月
3岁儿子
3岁儿子因烧伤过重、器官衰竭身亡
3岁半男童
3岁男孩
3岁男童
3岁男童被30斤土狗咬伤半边脸
3岁男童被大狗咬伤事件
3岁男童被大狗把半边脸咬伤
3岁男童遭大狗撕咬15秒
3岁男童遭大狗疯狂追咬
3岁男童遭未牵绳大狗疯狂追咬
3岁男童遭未牵绳大狗疯狂追咬狗主人称打过疫苗却无证
3座中型水库
3户14人
3户14人需疏散
3户农户共7孔窑洞被掩埋
3月11日早上
3月11日晚象群进入勐海县勐阿镇偷吃农户家30kg自考酒后醉倒在茶山地里
3月16日
3月18日
3月19日西藏那曲市比如县发生6.1级地震地震发生后全体学生已撤离至操场校长再次返回逐一检查教室确保无学生遗漏
3月1日至6月30日
3月20日起每晚19:35
3月23日
3月29日
3月29日05:50
3月29日11:40
3月2日
3月2日河南安阳北关区油厂家属院某小区12号楼
3月4日早上6点
3条搜救犬
3段UFO视频
3段被认为是最真实UFO的视频
3秒
3秒内汽车如纸片漂浮
3米
3起人员陷入泥潭事件
3车烧毁
3辆大货车
3辆救护车
3辆车受损
3针
4.2万人次
4.2米轻型货车
4.2级地震
4.5年
40-16-A-16-J
400-
4000人受伤
4000亿
4000元医疗费
4000只
4000只羊
4000名攀登者
4000多人受伤
400人
400至500英里
402588804@qq.com
409例
40万元
40万元奖金
40人
40人死亡
40人获救
40人重伤
40余天
40余天滞留在亲家
40元
40公里
40分钟
40多天
40天
40天吃三头猪是否可能
40天吃三头猪的说法
40岁左右
40年僵尸肉大量流入本地
41000元
41000元现金
416名申请人
416名申请人中
41名中国公民遇难
4200米高空
42人通作夜今属
42人遇难
42岁
42岁内地女子
42岁男子
42岁男子倒地身亡
42岁男子倒地身亡事件
42岁男子尸体
42岁男子遗体
43.6公里
4321.3万次
434366257@qq.com
437882759@qq.com
44
44.3万次
4400元
44岁
44枚钢钉
45%
45000公斤垃圾
450221197501081936
450名乘客
450名乘客满载说法
45台车辆被困
45名遇难者遗体
460万元天价
46人
46名成人
46岁
47人
47名中国游客遇难
47岁保洁阿姨
47米深处
48.1公里
482805045
48人死亡
499元
49人遇难
4G
4S店保养车辆
4S店员工
4S店员工驾驶
4个中队
4个执勤中队16车84名指战员
4个执勤中队、16车84名消防指战员
4亩
4人
4人伤势较重
4人受伤
4人受伤情况
4人死亡
4人轻微受伤
4人重伤
4只野狼
4名伤者
4名伤者中
4名伤者中一人
4名伤者送医救治
4名医生、3名护士自愿奔赴抗疫一线
4名受伤人员
4名成年人遇难
4名村民
4名死者
4名空乘
4名群众
4名被困人员
4名重伤员
4名重伤员正在医院救治
4处险情
4天前
4小时
4小时以上
4小时惊魂广西男子闹市劫杀挟持人质警方持枪包围120待命
4岁
4岁男童
4岁男童游泳
4平方米
4年
4月10日7时1分
4月13日
4月13日福布斯发布文章点赞抗击疫情的亚洲企业家
4月14日
4月16日
4月16日12时17分
4月1日
4月21日晚连云港赣榆区化工厂爆炸愿平安
4月22日
4月24日
4月25日
4月26号
4月26日
4月26日19时左右
4月27日美国五角大楼首次对外公布3段UFO视频完整版中文字幕
4月27日首次对外公布UFO视频
4月28日湖北武汉地铁上一男子突然晕厥全车厢乘客热心施救
4月5日
4村民疑目击巨型老虎
4条恶狗撕咬一六旬太婆2名年轻人及时相救警方已找到狗主人
4死16伤
4死1伤柳州发生命案警方悬赏5万缉凶
4死2伤内蒙古2车相撞车头碎一地4人躺在血泊中1女子跪地求救
4米高处
4至5名壮年人员在屯组入山道口巡逻
4辆小型越野客车
4辆小车受损
4辆用于实战测试
4达安全靠岸
5 PCS 3M 1860 Medical Mask N95
5.1米
5.25万平方公里
5.2级地震
5.5万
5.6秒
5.6级地震
5.7级
50%
50-80cc温水
500.8万次
50000元
5000万元
5000余方
5000元
5000元补助内容
500亩
500人
500元
500元以上2000元以下罚款
500多辆车连环相撞事故
500车
503万
50mm以上
50人
50人浩浩荡荡大摇大摆逻辑荒诞
50人获救
50余人受伤
50分钟
50分钟名为正午30分
50千瓦
50千瓦级激光武器
50名
50名中国公民
50名犯罪嫌疑人已落网
50吨
50吨以上
50吨以上金金属资源量
50吨以上黄金资源量
50块晶体
50多颗晶体
50多颗水晶
50岁
50岁货车司机
50平方米
50年一遇洪水重车压梁8100吨火车重车压梁应对洪峰过境
50年一遇特大洪水
50颗
51120170004
51120180011
51608例
519694848@qq.com
51人
51岁
520 X
522054111@qq.com
52岁
5333333 或 65333333
5373例
53人
53名失踪人员中
54321发射
5476例
5476例死亡病例
54万次
54岁
550×8
550×8=4400
550元人民币
550八口人也是个数
559.95米
55吨
565745098@qq.com
5690247 英国剑桥大学降半旗师生排队填写吊喷 恒念霍金
56人
56名乘客
57.1毫米
57131111
5780万元人民币
57岁
5800余人
58人死亡
597港元
5G技术
5°C~-20°C
5万元
5万元/平
5万元/平方米
5万多亩农田没了
5个专职消防队5车30名专职消防员
5个专职消防队、5车30名专职消防员
5人
5人受伤
5人受伤中
5人受伤无大碍
5人死亡
5人被埋
5倍
5公里
5分36秒
5分钟
5单异常订单
5号电池存在于歼-20弹舱
5号线剑川路站
5号线剑川路站漏雨
5号线站内漏水
5名
5名中国游客
5名中国籍船员
5名中国籍船员遇难
5名儿童
5名受伤游客
5名嫌犯还是50名的数据矛盾
5名嫌疑人
5名嫌疑人被捕
5名武装人员
5名武装分子
5名涉案犯罪嫌疑人
5名犯罪嫌疑人
5女1男
5小时
5层钢筋混凝土厂房
5岁
5岁孩子
5岁孩子被洪水围困
5日
5日为国家哀悼日
5日凌晨
5日当地时间
5月10日
5月11日
5月11日浙江湖州项王公园发生殴打事件
5月12日
5月12日早5时许
5月16日
5月17日5时
5月17日5时发生的山体崩塌事件
5月17日江苏淮安
5月20日事件
5月25日
5月25日15时
5月25日下午3时27分
5月25日下午3时27分浙江宁波市上空出现中国地图形状的云彩景象震撼
5月25日下午3时许浙江宁波天空出现中国地图云彩
5月25日浙江宁波天空
5月29日
5月31日
5月3日
5月3日一家4口自驾游玩黄河壶口瀑布发生扼腕痛惜事件
5月4日
5月5日
5月5日下午
5月6日
5月8日8时40分许
5月8日玉林福绵机场南航波音737客机进行低空通场试飞玉林
5月9日
5条登机廊桥
5男3女
5米
5米多高
5辆消防车
6.0级地震
6.14顺德绑架勒索案
6.14顺德绑架勒索案5名犯罪嫌疑人已全部落网
6.1级地震
6000余元
600945243
600万粉丝
600名森林消防员
600名消防员增援
60万元人民币
60多岁……为什么呢
60多岁……为什么呢评论
60岁
60岁以上患者
60岁以上新冠肺炎感染者
60岁以下病人
60岁以下重症患者使用呼吸机
60年难遇强度
60日内
60秒直击台风海贝思登陆：现场一片汪洋已致21人遇难
60秒看美国劳工节当天特朗普白宫演讲名场面
60辆洒水车
610761320@qq.com
61年
625名救援人员
62人
62天
62年
631平方米
632146508@qq.com
638.8万次
63岁
649001496@qq.com
64岁老人
651116841
651326523@qq.com
6533333
656个
65以上还不懂事还不能消停消停宅家该抓
65以上还不懂事还不能消停消停宅家该抓评论
65岁以上老年人
65岁被困老人
65米每秒
666
6666
666666
666评论
66819999
66岁
67岁
67岁中国籍女性
67岁女性新冠患者
67岁老人
6800元
6897例
69%
698分
69岁
69岁的朴槿惠
6KMH
6·21故意杀人案
6·21故意杀人案冯某某落网描述
6万
6万元
6个月内
6人
6人伤势危重
6人受伤
6人在县人民医院抢救无效死亡
6人死亡
6人死亡1人受伤
6元房费
6元房费纠纷
6分
6名
6名受伤游客
6名密切接触者
6名机组人员
6名重伤员
6小时
6岁
6岁儿子
6岁半
6岁孩子
6岁男孩井盖上放鞭炮引爆化粪池沼气
6岁男童
6年
6日上午
6月10日
6月11日
6月13日
6月13日6时30分左右
6月13日上午11时
6月13日截至上午11时湖北十堰发生爆炸事故已致11人死亡、37人重伤
6月14日
6月14日17时30分许
6月14日发布的事故现场VR全景影像
6月15日
6月15日5时许
6月15日起实施
6月15日起持有效签证和居留许可的外国人将无法入境
6月16日
6月17日凌晨3点20分许
6月19日7点40分进入洗澡
6月1日
6月1日凌晨
6月1日至6月25日
6月20日14时
6月20日驾驶公交车
6月21日
6月21日上午
6月21日凌晨
6月22日
6月23日23时29分
6月24日
6月24日海南海口一女子小区高层坠楼身亡
6月25日晚
6月26日
6月26日16时许
6月26日晚
6月28日
6月28日上午10:52
6月31日
6月7日长沙一名家长送考途中在高架桥遭遇拥堵
6月9日上午9点左右武汉武昌和平大道绿地某工地发生塔吊倒塌
6月9日上午武昌和平大道绿地门口发生塔吊坍塌事故导致交通中断提醒过往车辆绕行并注意安全
6月9日武汉吊桥倒塌瞬间
6月9日武汉市和平大道三角路附近发生塔吊倒塌事故
6条搜救犬
6条轮胎接连爆炸
6楼转移至1楼
6液电工装屋
6男1女
6种入选语言
6秒
6米高桥
7 15:51 CT o205 5:5
7.2级
7.4级
7.5普吉岛海难事件
7.8万
70%
7000元
700余名师生
700元
700多万玉林人民的蓝天梦
700平方米
703170800
70万
70万元人民币
70万左右人民币
70人
70余名消防指战员
70后自驾游爱好者
70多岁爷爷奶奶
70立方
71.3%
713年
71人被困
72岁
72或74岁
72铁秦汉宣布大婚
730多万玉林人民的航空梦
7313条
73岁
73岁的叶乃学
747货机
74岁乘客
75%
75%浓度酒精
75%的酒精
75%酒精
754644599@qq.com
75km/h
76人
76岁
772947401@qq.com
779881173
77岁伤者
78 犀牛脚死一跳大鲸鱼
786991011@qq.com
78人死亡
78人获救
78岁路人余某某
78岁路人余某某撞倒
7P673279252
7–9级阵风
7万元/平方米
7万研究生毕业送外卖
7个上海
7人
7人受伤
7人死亡
7人经抢救无效死亡
7人落水
7分钟
7分钟后考场秩序恢复正常
7名中国籍船员
7名乘客
7名乘客受伤
7名儿童
7名受伤乘客
7名师生
7名指战员
7小时
7岁男孩
7岁男孩冰上玩耍坠湖过路男子跳进冰水将人救起
7平方米
7新闻综合 老贾
7月10日
7月10日9时58分
7月10日一段视频
7月10日上午9时02分
7月10日湖南发生山体滑坡
7月11日
7月11日晚
7月11日重庆一过路男子被高空坠落的折叠刀插进头部直插后脑勺
7月12日
7月12日8时
7月12日9时
7月12日江苏东海县一男子酒后持木棍殴打亲生子女
7月12日江苏东海县温泉镇西连湾村一名男子酒后暴打父母、妻子及子女
7月12日零时
7月12日零时我国最大淡水湖鄱阳湖水位突破有水文纪录以来的历史极值
7月12日零时我国最大淡水湖鄱阳湖水位突破有水文纪录以来的历史极值九江多地出现河口决堤
7月17日
7月1日起向外国游客开放
7月22日
7月25日20时至26日8时
7月26日
7月26日8时
7月26日上午
7月26日恩施发布洪水红色预警 建始城区多个地段全部被淹
7月28日
7月29日清晨
7月2日湖南张家界突发洪水新安小学被淹乡政府回应已组织安全转移
7月4日至6日
7月5日下午
7月5日凌晨
7月6日
7月6日公交车涉水行驶能力
7月6日暴雨后
7月6日暴雨后上海一公交车乘风破浪
7月9日
7条主街道严重积水
7条主街道积水
7条主街道被洪水淹没
7根肋骨骨折
7楼
7秒
7秒视频
7页
8.12事件
8.12爆炸事故中第一次进入火场后全队牺牲、仅他幸存
8.4吨垃圾
80%以上
80%栖息地
80%考拉栖息地
80%考拉栖息地被毁
80,000.00元
80000.00元存款
80000元
80000元存款
8000公里
800–900元
800元
800多名救援人员
800栋房屋损毁
80200 120 品 1293
8049
80多岁
80岁
80岁老爷子
80岁老爷子天天起早喂草
80末尾的打工人主业ZBSJ副业辅导班老师两个孩子的爸爸好多好多个负翁起床就头疼
80米
8100吨
8100吨火车重车压梁
8101039
812条
8179907729
83145678
83例
842447915
84896529@qq.com
84岁
84岁男子装聋作哑62年为不和妻子讲话
84岁的钟南山
84岁美国男子
84岁老大爷
84岁老大爷为不和妻子说话装聋作哑62年最终被揭穿
84岁钟南山将逆行出征欧洲向各国介绍中国经验
84岁钟南山将逆行欧洲
84年鼠
84艘VLCC
84艘巨轮
84艘巨轮直扑海湾
84艘超大型油轮
84艘载重20至30万吨的海上巨无霸油轮
8549万元
85万人口中至今无人患癌
85路司机
867670106@qq.com
8771686@qq.com
879983500
87名中国游客
87米
8800元/晚起限时竞价
8888888888
888ich888
88厘米钢筋
891 Z616
8:16
8:30-20:30
8万元/平
8万元/平预期售价
8万元存款
8个人4400确实太贵了
8个位于四川
8个多小时
8个大人
8个大人1个小孩
8个月实刑上海首例高空抛物罪案今日宣判
8人
8人受伤
8人死亡
8人获刑最高判14年德阳一恶势力团伙被团灭
8位中国遇难者中
8千人次
8千米
8只鸡
8名中国公民
8名人质
8名大人
8名大人1名小孩
8名大人和1名小孩
8名家人
8名工人在岗作业
8名成人和1名小孩共9人
8吨
8天后
8岁
8岁女童死亡
8岁小男孩
8岁小男孩掉进冰窟仅头部露出因身上背着一件物品获救
8岁男孩
8岁白血病女孩
8岁白血病女孩不想继续拖累家人自拔氧气管离世
8岁白血病女孩为减轻父母负担自拔氧气管离世
8岁的白血病女孩沐梓在病房中坚持每天画一幅画
8日
8时56分
8月10日
8月10日上午
8月10日晚上
8月10日陕西汉中太街头碰瓷
8月16日13时左右
8月17日
8月17日11时
8月17日8100吨重车压梁保护涪江大桥顺利渡过洪峰
8月18日
8月19日06时前后
8月22日起恢复开园
8月30日
8月3日18时左右
8月3日18时许
8月4日
8月4日傍晚
8月5日上午
8月5日为国家哀悼日
8月初
8月江苏一货车翻车后
8楼住户陈女士
8款中国软件
8死11伤
8死11伤运蒜车侧翻居民捡蒜时另一辆货车驶来…
8点57分
8省176.3万人受灾
8美元
8路公交车司机
90%的mianshan红村香山等樱桃使用了膨大剂
900年来几乎没人患癌症
904147382
90990
90后宝妈
90后男子
90后男性作者
90多例
90秒揭秘疫情下蔓延全美的大骚乱：背后是400年的愤怒与悲伤
90至100岁之间
91元
930名消防指战员
94-105厘米
9477.815万元
948交通广播
95338
959安康交通广播官方账号
95例
95后创业者
95户222间
95栋222间
9600195
960人
963881362@qq.com
964784928
9666公里
97.5江宁交通广播
97.5辽宁交通广播
9767325@qq.com
97公顷
98%
985高校其他专业研究生
98斤
99%
999990元
99％樱桃都用膨大剂
9万元
9万元停车费
9人
9人受伤送医
9人来鄂探亲滞留吃光亲家3头猪就剩下蛋母鸡没杀
9人死亡
9人湖北探亲滞留40天吃掉家里3头猪只剩下蛋鸡
9人滞留湖北吃光亲家三头猪
9人滞留湖北吃光亲家物资
9人遇难
9亿元
9元一斤
9分
9口人滞留湖北亲家家事件
9口人滞留湖北亲家家吃光3头猪几百斤大米鸡因能下蛋而幸存
9口人滞留湖北吃光亲家三头猪
9名参与者
9名警察
9名身穿制服的警察
9孔全开泄洪
9孔泄洪
9孔泄洪事件
9岁男孩
9岁男孩病情
9岁过敏男孩
9年
9日
9日早上天气网眼实时画面
9月
9月10日傍晚
9月15日
9月22日
9月22日晚
9月29日晚
9月7日
9月7日上午9时40分许
9月7日下午3时
9月8日
9死4重伤
9死4重伤浙江海宁发生污水罐体倒塌事故消防连夜搜救失联人员已全部找到
9辆电动自行车
@
@730多万玉林人你们的航空梦即将实现啦2020全面小康
@@@@@@@@
@DOU+小助手
@DOU+小助手 抖音热门
@FBI官员
@RTNews
@iz19991227
@qianlongwang
@wang-1238
@yah589661062yumir
@上海立达学院
@中国正能量
@中国消防
@中国长安网
@书影宅客
@人民日报微博
@今天拍点啥
@他人互动
@偶遇流浪大师
@八桂警事
@冰红茶
@北三环政能量
@南宁交警
@合其文化中心：谢谢支持关注
@商城外宣
@川农都江堰校区心理健康中心
@市场与监管
@平安朝阳
@广西新闻网
@府报
@快手VLOG【长快手】
@快手乡村
@快手创作者中心
@快手区域
@快手娱乐
@快手娱乐（O3x7xgyh3xp3pd5m）
@快手娱乐（O3x7xgyh3xp3pd5m）的作者简介
@快手热点（O3xddgkd5fav5if9）
@快手粉条
@我有个朋友
@抖音小助手
@新大庆
@新闻晨报
@昆明汽车广场
@星任务平台助手
@杜拉拉
@正noon30分 @壹深圳
@正午30分 @壹深圳
@汇客文旅
@江海市广海电视台
@河池警视
@法直播
@波波摄影
@流浪大师沈先生
@流浪的沈先生日常
@温州都市报（wendu.cn）
@热闻站
@牛哥怪谈
@王颜值
@界面新闻
@界面新闻｜Vnews
@白衣天使们辛苦了广州加油@感谢祖国@全民防疫@防疫必胜
@直播日照
@等风等雨我等你、等下个轮回……
@综合网络
@羊城晚报·羊城派
@自从加入了抖音每天有人献歌献舞表演各种才艺俺一个个点评盖红章一天那个忙啊不忙还不行得活跃
@融创北京集团
@西昌发布
@西瓜视频
@观察者网
@评论
@豫视频
@轻尘情感
@这个巨要良心的是时办事
@这个巨要良心的是时办事评论
@邯郸交巡警 @永年观察 早日破案严惩肇事者
@鹤城公安
@龙警
A T 00:23 至 A VF T 00:01:01 和 01:37
A baby Infected with Corona Virus Wuhan China
A baby infected with Corona Virus in Wuhan China Cant hold tears
A lucky dog~bobo
A01至一三
A2驾驶证
A5员
AAA杨雅涵
AAA杨雅涵评论
ABC News
ACG艺术留学作品集导师
ADC DEF MINO WXYZ
AEW
AIR BAG气囊
AI芯片
AI芯片支持自然对话与家务执行
AK47
AMOUNT BER
AN S LEWS
AONFUN
APEC商务旅行卡持有者
APEC商务旅行卡政策
APP内爆料
APP通过麦克风窃听通话内容
ARAN OUNT BED
ARAN OUNT BED的作者简介
ARMA3
ATM机现金飞散事件
ATM机被台风吹倒
ATM机被台风吹倒并现金飞出事件
AWW
Alipay
Altitude
Android
Apower Ed it
App Store
A小 si0
B-7547
B-7627
B77760
B8532
BBC
BC省
BDY空间
BJP政府
BLACK LIVES MATTER
BOTIAOU
BTV 北京时间
Baoding Broadcasting System
Begins M 牢记使命
Beijing Subway Map
Black Lives Matter
Bo mo 巫师
Bytedancer
B小丽
B站
B站人民视讯
C 发
C6607次列车
CAUTION WET FLOOR提示标识
CBS新闻
CC1527221
CCTV
CCTV-13
CCTV-4高清中文国际频道
CCTV10我爱发明
CCTV10我爱发明嘉宾
CCTV13新闻
CCTV中文国际频道
CCTV央视网平台
CD
CGTN
CGTN表述方式
CGTN评论专栏内容
CG还原事发视频
CG还原事故视频
CG还原情景
CG还原技术
CG还原视频
CIA与FBI
CLEAN PLANE
CNMV
COITV
COSMO LADY 马地路夜市
COTV NEWS
COTV-3
COTV-3直播及多路现场记录
COTV-3直播片段
COVID-19: 保护非洲的生命和经济报告
CQTV
CRC355编码
CT出现在正文中
CT检查
CZ682航班
CZONFUN
Chinese get out!
Con Edison电力公司电站
Cwewom oml 福
C广州ing
C罗
C罗送医
C罗送医尤文图斯全队隔离
D32722977
DAXIANGMCN
DBCZ0566
DE-M-SHORAD
DE-M-SHORAD作战部队
DM5248
DNA比对
DOU+小助手
DROP R GYRO
DROP R GYRO DROP TTE WORLD YRBBROPB
DROP R GYRO项目
DTAK hoc Beku MG等
DV现场
DYROOROPY
Deep Fake技术
Deep Fake生成的语音与口型
Dont Disturb
Duqiao区域G351
Duqiao区域S225
Duqiao区域溪口马宅隧道
D小影
D秒拍
D秒拍视频
D类摩托车驾驶证
E484Q和L452R
EA
EAN
EB流感
EB流感严重
EB流感很严重
EB流感超级严重大家注意预防
EB病毒
EB病毒与流感病毒
EDG
EMEDIA CENTRE
ET302
ET302航班
ETO RNANOIPESCITRAIEGONDOIF
EUR
EVIIET村
EVIIET村村民
EWS 河北综合广播
EWS可北综合广播
EXIT
Eim
Estrecho CO3 A1 空视频
Executive Order on Amending Executive Order 13959
E类摩托车驾驶证
F 2 H 走了走
F-16A战斗机
F-16使用激光武器拦截导弹能力
F-16战斗机
F-16所拦截的导弹明显不同
F-16机型
FAKE REAL
FBI
FBI open the door
FBI open the door类比
FBI与CIA职能混淆
FBI官员
FBI探员
FBI探员证件
FBI特工
FBI特工身份
FDA前局长
FJTV1
FJTV1清新法治
FJTV1清新法治栏目
FLD
FLIR1
FM 92.7楚天交通广播尚美金声音
FM101.1江苏交通广播网
FM102.6合肥交通广播
FM102.7台州交通广播
FM102.7台州交通广播作者简介
FM102.7台州交通广播发布
FM106.5
FM106.6
FM87.8
FM88.5攀枝花综合广播
FM92.7天交通广城
FM92.7楚天交通广播
FM93交通之声官方账号
FM98.1四川之声
FM99.5兰州交通音乐广播
FM99.7
FM99.7 AM1017保定经济广播
FORTRUMP
FPM福
FPX刘青松[奸笑][奸笑]
FU13607708038
Feel so good
F类摩托车驾驶证
G041273
G0425广澳高速广珠段往珠海方向K55+100处横沥桥面灵山一三角位置
G10绥满高速大庆湿地跨线桥
G10绥满高速大庆湿地跨线桥上大客车与越野车碰撞事故
G10绥满高速大庆湿地跨线桥发生交通事故
G15沈海高速公路浙江台州温岭西出口互通段
G15沈海高速公路浙江台州温岭西出口互通路段
G15沈海高速公路浙江温岭段
G15沈海高速浙江省台州市温岭市大溪镇良山村附近
G318多功路段
G511次列车
G511次列车8车厢06D座
GBP
GC新闻
GETTY
GLEANPI
GLEANPI 或 CLEAN PLANE
GPS定位系统
GPS定位鞋
GPS定位鞋所引用数据
GRTN经济科教频道
GS388 mini
GUOJIASHECU
GYRO DROP
GYRO DROP极限游乐设施
GYRO DROP设施的反应
GYRO DROP项目
GYRO DROP项目的强烈感官冲击
GYRO DROP项目的惊险程度
GYRODROP V
GZ号
GZ号：江苏广播 WEIBO：江苏广播 【合作投稿方式⬇️】邮箱：jiangsuguangbo@126.com 欢迎投稿爆料～
Gal Peleg
Gal Peleg为帕尔马省医生
Gal Peleg称因呼吸机不足不再为60岁以上患者插管
Gimbal
Global News
Go Fast
Gz号＆Vb账号
Gz号：renminshixun
G字母
HA.4 N
HAPPY NEW YEAR 鼠年来啦
HAPPYNESS 3en Ca北ules
HAXHUE
HD 4G
HDHD 直招 无活 推荐
HEN JIANG He
HKInn
HORLOU TW STATION
HRB新闻综合直播
HRB新闻综合频道
HUOKU20
HVI杭州电视台
HXN506
Heart
Hsrning HI影响湖南
Huawei
H您大药房
ICU
ICU抢救
IMF总裁
INT
IT安全信息
IUCN LC
In Sh Ot
In Sh Ot 警察
In Sh Ot 警察, 过背摔擒拿敌
J 心119 芜湖消防 蓝朋友在身边
JAC车辆玻璃被砸碎
JIEXING
JINGGONG_024
JOY2021
JT电视台播报全市打开井盖排水
Jack
J科音 柔和2狗特
K-12
K165次列车
K165次列车乘务组
K165次列车事件
K165次列车事故
K165次列车事故处置
K165次列车事故的影响
K165次列车事故的结果
K165次列车救援事迹
K165次列车救援行动
K8499次列车
KLF
KM187 W
KO
KO+000车次
KTV唱歌视频曝光
Knews环球交叉点
L896
LACOUADEICANALIELIMPIDA
LC出口
LEE抖车普速版 领现金
LHYUNDAI 丽 15143
LICE 特警动作漂亮! 一举擒获!
LINGJULI 零距离
LIVE 2 KYPN
LIVE 2 KYPN直播画面
LONGYANZB发布的视频
Lacey Browning
Lang Zhang QD
Larus ridibundus
LeBron James👑 The Chosen One More than an Athlete
Let's wear mask properly
Li Kaifu
Listen...listen
Luck will be always by our side 关关难过关关过
M MOUNT BED
MA5 P5 K
MAERS OTTX759259
MAERSK N2 ERKLIN
MAERSK SEA LANG MAERSK
MAFSSK
MAGIC PASS
MAGIC PASS关联设施
MAKE AMERICA GREAT AGAIN
MAN FAKED BEING DEAF AND DUMB FOR 62 YEARS TO AVOID LISTENING TO HIS WIFE
MAWA W J科音
MAZDA3
MA维坊电台融媒体
MH370
MH370乘客车辆停放六年未洗
MH370的乘客赶紧回来赶紧把车开去洗洗你们的车6年没洗了
MODERN Vlyse tt nerview OVer aene 中!
MUJI
MUMU 看世界
MUSIC 像一颗海草海草
Mankind is at war with an invisible enemy
Midea
Mitay Glory Worla Peace
My name is Albert Einstein
My name is Albert Einstein语音与口型
N36.49870
N95口罩
N95口罩价格
N95口罩价格涨幅
N95口罩型号
N95口罩暴涨5倍每个25美元美国休斯敦民众排队抢购
NASA公开算法
NASA有
NC V752 二 24 二 三周1贴
NO JUSTICE
NSAS
News1150
No.020722车厢
None
Nshipinpaike
N号房主犯赵主彬
N种方式打开世界
N种方式打开世界——本地资讯、热点动态、人物故事更多独家原创内容关注南方都市报
N种方式打开世界——本地资讯、热点动态、人物故事更多独家原创内容关注南方都市报爆料邮箱：nshipinpk@nandu.cc拍客投稿微信：Nshipinpaike
N视频
O1里一三
O3xddgkd5fav5if9
O3xhse825dkj3ss9
OCR识别结果
OHHH OLOGY SPACE
OMG
OPPO
ORPPV
OTO
OUNT BED 病床
OYABM
Omg 经历的最大的暴雨⛈️ 乘风破浪真实版 高考学子加油
Ouyang Ziyuan院士
P 随点 上地器
PA GOGo Safe GS388mini
PAAGO Go Safe GS388 mini
PACOOo Safe GS388 min
PF 大 有菜
PIR AMOUNT BED
PIR AMOUNT EED
POLICE
POLICE 公 罗徒劫持人质 警方等待增援
POLICE公安
POLICE新闻在线
POLIS
PRAYFOR
PS
PS制作
PWYY不源
PWYY示源
PeoPle.cn
Police001
Privacy
P图合成
P图技术不错
QBDEINC
QBOE通快速公路
QQ
QQ36066772
QQ360667772
QQ:482805045
QQQ验飞机
QQ号8992016
QQ浏览器文件服务
QQ空间
QQ联系方式
QUANJING.COM
Q泉州通
REC cattle
REC 美国警察抓住一名黑人 却抓了 FBI探员 你们 XXX 我得查你们证件
REC视频内容
REM
RFM二
RPM 二 a Pm RPM ZA
RSGIGF王丽 式:动 S0150工 T 骨 IOTS
RT报道
RUOSLA 35
RUPTLY画面
RUool A SUDOl A 心 RU0 D7
Raka EUNGY SUUNGT yingji365.com 应急365
Rem
Riots are not the problem
Ruool A
Ruool A SUDOl A 心 RU0 D7 5 RUu S/ 心 3 U3 D 5 RUOSIA 35 Uool A uuull 西
Ruool A SUDOl A 心 RU0 D7 等
Ruud/ RUUS/ 6 1 UOD 等
R迎1 电发部场 0业
S331以南、君滨路以东仓房村郭瑞等地居民
S331以南、君滨路以东仓房村郭瑞等地居民撤离
SEALAN
SHE早就预言了全世界都在学中国话
SIDETRICK
SIM 0 O'MUSES huuhing Miden 的 IUSES Ml des 美的发丽蒸气
SIM SIM e O'MUSES P0 Mden
SITONCHUOYUL
SJ182航班上
SMGE
SMGE是因为穷生不起了吗
SNRTV午间关注午间版
SXBC
Satenik Karazian
Satenik Karazian治疗
Satenik Karazian病例
Satenik Karazian病例相关信息
Scott Gottlieb
Shang8619
So 天天说新闻
Spider-Woman 蜘蛛女侠
Spider-Woman 蜘蛛女侠描述
Susu
S字母
S形骑行
S柜卫浴
S记烤
T 乐贝家 Zobeca
TAIZHOUBROADCASTING AND TV STATION 泰州广播电视台
TANY091
THE W OUSE WAS 华
TIANFA 灭幼脲
TIANFA 阿维菌素
TIE安 ANG
TIM n OA
TNT
TOP1
TOP2
TOWER PEAK GENERAL AVIATION
TT标识
TikTok
To live a good life
True
Tupperwar
UAPTF
UC
UFC
UFO真实存在
UFO视频
UFO视频中飞行器
UFO视频中飞行器行为
UFO视频完整版中文字幕
USB/ISB设备信息
USD
USHYIZHIBO
USNS Comfort
USNS Comfort（安慰号）
V12发动机
V13897883130
V4505 K 5 MAERS DTTX759259
V:cymcoc
V:dodo171717
V:wf1314520668899
VISTA看天下
VLCC
VLCC油轮
VOLTE通话记录
VR全景看温岭槽罐车爆炸现场：槽罐瞬间解体四散波及周边房屋
VX:18656049899
VX:cctvrizhao
VX：weiluxuhua
VX：zakerguiyang
VX🔥：DD9987037
Vx：13136478271
V♡：leshanbang
WEIBO江苏广播
WHO DO YOU CALL WHEN THE POLICE MURDERS
WMT
WN 才揽风尘 关注民生
WN 才揽风尘 关注民生,传播正能量
WX
WX: 33225010
WX: fm975975975
WX: llkkzda_
WX: zakerguiyang
WX:13901502037
WX：U-TuTu
WX：llkkzda_
WX：xiaoxiangTV888
Word P escl 班所 有限公司
Wuhu a Railway Station
X
X 西钦州
XG病毒
XINHUA NEWS、XIUFUA NEWE等字样
XWwgf88511110
Xe-Pian Xe-Namnoy大坝
Xe-Pian Xe-Namnoy水电站大坝
X剪映×- d 只剪映× 抖音
X大学向国际学生发放助学补贴半年
X（原Twitter）
YBRTV
YTN
YUAN
YX：xiaoxiangshipin@qq.com
YY小源
You Wish
YouTube
YouTube-3天前
YouTube视频描述
ZHEJIANG DAILY PRESS GROUP
ZMTS乙7等无意义符号
ZR TV
ZZJJFZ2021@163.com
ZZTVdaminsheng
Zee新闻
Zzz
[666]
[666][666][666][666][666]
[666]表情
[:]
[]
[厉害了[捂脸][捂脸]]
[好样的]
[抱抱]
[捂脸]
[捂脸]评论
[火][火][火]
[火][火][火][666][666]
[火][火]火[赞]
[祈祷]
[祈祷][祈祷]
[祈祷][祈祷][祈祷]
[祈祷]愿大家平平安安
[赞]
[赞][赞]
[赞][赞][赞]
[赞][赞][赞][赞]
[赞][赞][赞][赞][赞][赞]
[赞]表情
[赞]评论
[龇牙]
[龇牙]表情
aa188aa
aarfv21
adidas 41 OZ 儿子你就一句话
ahifeng123
ahjsxmt@163.com
anhuinewsvideo@163.com
anyoulaw
asure21
ba257221
baoliao@ahwang.cn
bbtvzb@163.com
bd@weather.com.cn
bgm
bxqz
cctv news
ccxmt2017
cdd17214
cdgbdsb0314@163.com
cdtvsnzx@163.com
chengsj023
china.com
china.com.cn
china.com.cr
china.org.cn
chutiandushibaoXMT@126.com
cishicike520
color y
cqtvtiantian630
daxiangbaoliao@163.com
dcrmt
dltv8811@163.com
dodo171717
dou出新知
dou是知识点
dou来辽聊身边事
dskbsp@163.com
dspdxmt
dspdxmt@163.com
dspdxmt发布内容的时间
dspdxmt的作者简介
dvxcxmt@163.com
dya60ukzzke4
dygphoxefln账号作者简介
dygpoxefln
dygpoxefln0
eadd oog
error
ersanlivideo@qq.com
fb/waqtube
fengjI
fidaily.com
fjdaily
former高管
fujian@people.cn
fán shì
gd.people.cn
ggg
gry711@126.com
gsc1002
gsxfxcc@qq.com
guangboxuzhou@163.com
hainanjiaotong@126.com
hbjsxmt@qq.com
hbtvnews
hbzs1046
hbzs1046发布的视频
hdtvms@163.com
hdzbhd@163.com
hf
hfrxny
hljrbdsf@163.com
hnfzb001
honc
hp.npp00c
hqmrrs
hrbttdbh
huailaijj@163.com
hubeitoday@163.com
hunan_119
hxnews.com
hxwnews@163.com
hzrbyhfs
hzrbyhfs@qq.com
iPhone 11 Pro Max
iPhone客户端
ifushun
itouchtv_sh
ixnt V.cn
j333333sx
jiange8098
jiangsu gqt@163.com
jiangsuguangbo@126.com
jingjidouyin@126.com
jlntvliangwei@126.com
jnwbzbb@163.com
jrgzsz@126.com
jsjg1011@163.com
jsjs1011
junshibu@vip.126.com
jzrbxmtzx@163.com
kqnews@163.com
kzj1999
langzhang2020@163.com的发布账号
lanshanfabu@163.com
lanshanrongmei
laojiabobao@qq.com
ln Sh Ob
longyanzhibo666@163.com
love21wy@163.com
m lndrgy 上上上工u 56 上 125 86
meizi@rednet.cn
mianyang
miaowenshipin@qq.com
monokuma_rz
ncbdzy1618a
news1150@163.com
ngdsbnews@126.com
nice啊
nmrbvideo@QQ.com
np.oonpp
nshipinpk@nandu.cc
nyw0377@163.com
nywdy520
on the bed
p 0 0 p0pw 0 0 P
people_video
prg.cn
ps技术不错
pufa4000
p图？
qbbl198@163.com
qbc_1127
qgxrmtzx@163.com
qilutv123@163.com
qlwbguoranshipin
qmtzk@wendu.cn
qsx_rmtzx
rciysbxxb
rcjysbxxb@foxmail.com
rctvnews@163.com
rgz1061@163.com
rmrbxmt
rmsj@peopledata.com.cn
rmsxtg@peoplevideo.cn
rxr224149346
rxr224149346账号信息
scdsb123@163.com
scfm_981@163.com
scgcnews@163.com
sctv1tl@126.com
sctvgcgzs
shb96005900
shenghuobang@163.com
shijianshipin@sina.com
shipinbu@jksb.com.cn
slx ww
star 星视频
starxingshipin@163.com
star星视频
swds1800@163.com
sztvzbgatwx
this is china
thrbgfdyh@163.com
tianjindwt@163.com
tianjinznl@163.com
tianmu8531@126.com
tianmunews@8531.cn
tianmunews@8531.cn邮箱
tianyanshipin@qq.com
tmj482805045
true
tuuo15596543777
tyzg0032@163.com
tzfm1027@163.com
tàn
t天天315投稿邮箱
ufo飞碟
ufo飞碟 外星人
v ❤wxid_n7otlaxynwmv22
v:dodo171717
v@people.cn
vista week
vista week的作者简介
vistatougao@163.com
vlog我的日常
vx1138741857
vx: wuhan-0102
vx:chengsj023
vx：Gummybearr7
v信：people_video
wang-1238
wanghongcs6@sina.com
wei181078019
weibo.com
weiluxuhua
wife_5
wife_5机器人外形与真人极为相似
wobaole1011
womenshipin2016
world news daily report.com
woxiaoniu7hao
wozhidao@jiemian.com
www.sxslnews.com
www.ynet.com
www.zznews.gov.cn
wx:tiege9
wx：sztvzbgatwx
wyj_happy
wypk@vip.163.com
wzgdxmt@163.com
xcrbnews
xhskuaikan@qq.com
xiaoyuhzwx
xjbxcpd@126.com
xmtbbb@163.com
xxcbdy@qq.com
xxcbdyh
y9/GX
ycpai@ycwb.com
ygjs@cnr.cn
yttvrmt@163.com
yushipin007@163.com
zasuisu
zckl931
zgwzb
zhao15346040189
zhuenejk@163.com
zhujiangjingji@163.com
zhuzhu123123@qq.com
zjdaily111@163.com
zjolvideo@qq.com
zjsvideo
zsxnnews@163.com
zzz就是我
Би Чамд Хайртай•••
ᵀᴴᴱ ᴮᴱˢᵀ ⁱˢ ᶠᴼᴿ ᵞᴼᵁ
⚠️关注我 带孩子远离危险 ❤️每周二四六更新视频 ❤️私信和评论都有看 感谢大家
⚠️投稿、合作🛰️: ql6806看社会万象品百味人生
⚠️暴雨+大风+雷电上海发布三黄预警地下水像喷泉一样冲出公交当船开
✒︎历史知识 ✒︎地理文化 ✒︎成语故事 🇨🇳读史使人明智·精彩每日更新
✨一个帅气的留学博主 ✨带你了解国外的生活 ✨欢迎大家咨询留学相关事宜👉Vx：13136478271 每周六晚9点直播间解答留学问题
✨感谢遇见 ✨愿我们努力又上进 ✨身高164 从128细到98 🌈经验分享：ba257221（懒人变细）
❤认真生活❤️感恩遇见❤️哪有什么岁月静好❤️只有余生好好爱自己❤️
❤️
❤️感谢快手官方❤️ ❤️感恩所有遇见❤️ 💚传递绿色正能量💚 👉喜欢的双击加关注👈
❤️欢迎投稿爆料一经采用必有感谢❤️ 投稿爆料直接私信必看安徽超快的新媒体我关注时事心系民生温情生活、搞怪日常我也喜爱来瞅瞅不虚此行
❤️潜心研究家庭教育孩子的成长只有一次教育的路上我们一起努力陪伴孩子的成长
❤️经营着一家小店 ❤️只为你定制•鲜果茶 闲暇时光可以来坐坐
【官方合作投稿联系方式】
【官方合作投稿联系方式】中公布的号码
【官方合作投稿联系方式】中公布的微信号
【官方合作投稿联系方式】中公布的邮箱地址
【广东惊险商铺广告牌掉落砸中老人】
【杭州市人民政府】短信
【歪果百科】
【爆料】
一一一二一一二三四
一万元
一万多一个月还在哪叫
一两吨的汽车都不敢过你一个二百斤的摩托车硬的不合适了呢
一两年前的国外视频翻炒
一个人注意安全
一个人的梦想也许不值钱但一个人的努力很值钱加油[捂脸][捂脸]2021年撸起袖子加油干有赞必回谢谢朋友们的关注点赞🙏
一个啥都好奇的测评博主
一个在外拼搏的八零后做真实的自己
一个多小时
一个字…快
一个小时那么快发作？
一个小时那么快发作？评论
一个巴掌拍不响
一个引擎
一个意外让原本不富裕的我更加雪上加霜
一个拿命来见一个拿命来疼
一个月
一个月前去水都干了
一个有料的新媒体❤️
一个正儿八经超级宠粉有血有肉的官方（可能肉是真多了点）
一个爱玩爱俏的老太太
一个老人手被门夹了一站地大家都在看我破坏了摁钮救人地铁工作人员没让我赔钱
一个被感染隔离的娃娃向医生要抱抱医生忍不住掩面而泣
一个西湖
一个都不能少
一个重症隔离病房的小朋友和医生的对话泪目❤️
一个馒头
一二手房价倒挂带来的套利空间
一些美军高级将领认为爆炸可能由炸弹所致
一人
一人受伤
一人拿俩不争不抢
一人死亡
一人死亡后果
一人死亡案件
一人能分多少
一人被困驾驶室
一人被撞重伤
一人被火车撞击致死
一人被雷电击中
一人轻微擦伤
一人重伤
一人骑摩托车强行通过涉水路段被水流冲走
一人骑摩托车过河被冲走
一介布衣冬冬哥
一代脱口大师 终归落幕
一伙小青年
一位80多岁老太太
一位处于昏迷状态的老人及其家属
一位大爷
一位感染新冠病毒的男子去世后留下大笔存款委托其好友在纽约时报广场撒钱
一位气功大师
一位美籍华人
一位老人
一位被拐卖的孩子现在广东汕头派出所
一儿童
一儿童在浏阳北正西三楼钓鱼池内触电身亡
一具遇难者遗体
一具遗体
一刀9999还需要学高数？
一分多钟黑屏
一分多钟黑屏不要离开
一分多钟黑屏后景象剧变
一分多钟黑屏后画面面目全非
一分钟
一分钟内
一分钟内身亡
一分钟谈社会热点趣说背后知识
一切外部探视
一切安康
一切平安
一切措施保护本国人民
一切正常
一切都是最好的安排
一列重载货物列车
一包两只N95口罩
一化工厂
一千万
一千块一杯的酒
一千拿到了啊
一半学生在吃饭
一半学生在用餐
一句老公回来真的暖
一只母雁
一只狗狗
一只狗被咬死
一只狮子
一只被轧死的狗
一只都不能少
一台越野车
一号桥板移位下沉
一名15岁男孩
一名16岁男孩
一名16岁男孩在家写作业时不幸遇难
一名20多岁女性
一名27岁男子
一名36岁女子
一名50多岁女性
一名65岁村民
一名65岁老人
一名6岁儿童溺水失踪事件
一名上山采菜的村民
一名中年男子
一名乘客
一名乘客亲属
一名乘客死亡
一名伤者
一名伤者死亡
一名儿童
一名儿童在上海大宁公园结冰湖面玩耍时不慎落水
一名公交劝导员
一名公交司机
一名军人
一名医生
一名华裔女子
一名华裔女孩
一名华裔女孩在加拿大遭警察暴力殴打
一名印度新冠患者
一名在铁轨上的男子
一名大爷
一名女司机
一名女士
一名女子
一名女子与辽G4292大货车
一名女子在货車前故意S形慢骑逼停车辆
一名女子欲跳桥轻生事件
一名女孩
一名女性司机
一名女性路人
一名女毕业生
一名女生
一名婴儿
一名学生
一名孩子
一名孩子在重症监护室对医生说我想把球赛踢完我答应过妈妈
一名孩子在重症监护室对医生说话
一名小孩
一名工作人员被砸伤
一名年轻人
一名年轻人踩上斑马线滑倒后脑着地死亡
一名年轻人踩上斑马线白漆面滑倒
一名年轻人踩斑马线滑倒身亡事件
一名年轻女性游客在无视警示、擅自越过警戒线拍照时不幸滑落熔浆
一名店员
一名店老板
一名当地向导带领
一名恐怖分子已被逮捕
一名摩托车骑手
一名新冠患者治疗费用
一名新冠确诊患者
一名毕业生
一名消防员
一名消防员坐在大雨中睡着
一名消防员背影的画面
一名涉案人员
一名涉案人员有期徒刑六个月缓刑一年
一名热心男子
一名爱吃香菜的汽车爱好者
一名父亲
一名狱警
一名狱警引入
一名男子
一名男子为逃避隔离从澳门游泳返回珠海
一名男子前来投案
一名男子和一名小女孩
一名男子拖移至站台
一名男子未戴口罩
一名男子死亡
一名男子的父亲
一名男孩
一名男性乘客
一名男教师
一名白衣女子
一名短发女子在奶茶店与他人冲突事件
一名约30岁男子
一名美团外卖员在大雨中坐地痛哭
一名群众
一名老人
一名老人被抱上警车
一名老太太
一名自称巫师的男子
一名船员手持镰刀在船头挥舞
一名警察受伤
一名路过的小女孩
一名路过考生
一名路过考生被砸伤
一名跳江轻生男子
一名途经的老太太
一名邻居
一名钓鱼者
一名销售员
一名陌生男子
一名青年男子
一名骑行选手
一名黑人
一周情侣活动
一周情侣活动相关信息
一周情侣活动策划书
一场军事冲突毁了多少家庭
一场相遇 一生铭记 往后余生 你若安好 便是幸福
一场矿泉水瓶魔法后被感染目前已被隔离
一场矿泉水瓶魔法后被感染目前已被隔离的署名作者
一场空战
一场车祸😭失去一对夫妻孩子死心裂肺地去找爸妈
一块钱可以坐车还能泡脚
一壶清茶一壶酒劝君且放心中愁权把世事当作戏酒敬苍天逍遥叟哈哈哈哈
一处变压器
一处路口
一夜之间变成注洋大海
一夜之间大珠海又变水城了
一夜之间大珠海又变水城了😄😄😄😄😄
一天一张没毛病
一天一斤肉
一天吃十几斤肉是否真实
一女子
一女子在列车上霸占他人座位被拘
一女子在车上喷大量香水点烟瞬间人没了
一女生
一孤寡老人
一学生雨天过马路因斑马线滑滑倒撞到后脑勺不幸身亡
一定关注
一定时间
一定是人为的
一定注意安全生产
一定现实背景
一定立法探索权
一定要保重身体
一定要在庙里买香才能拜佛
一定要平安归来
一定要平安归来凉山木里再起山火今天晚上100名消防战士机动390公里赶赴火场
一定要找到
一定要注意安全
一定要看到最后
一宝妈妈
一审判决时间
一室
一家9口
一家9口到湖北探亲被滞留
一家9口探亲滞留湖北40天吃掉亲家3头猪、30多只鸭、几百斤米
一家9口探亲滞留湖北吃光3头猪亲家：就剩下蛋的母鸡没杀
一家9口来鄂探亲滞留
一家9口来鄂探亲滞留事件描述
一家9口来鄂探亲滞留吃光了亲家3头猪、8只鸡、30几只鸭吃了几百斤大米
一家9口来鄂探亲滞留吃光亲家三头猪、8只鸡、3只鸭几百斤大米……只剩下下蛋的母鸡没杀
一家9口来鄂探亲被滞留
一家9口来鄂探亲被滞留吃光亲家3头猪、几百斤米
一家9口来鄂探亲被滞留吃光亲家3头猪亲家：就剩下蛋的母鸡没杀
一家9口来鄂探亲被滞留吃光亲家3头猪几百斤米
一家9口湖北探亲滞留吃光亲家3头猪还有30多只鸭几百斤米已住40多天
一家9口滞留亲家40天吃光几百斤米和3头猪亲家：就剩下蛋的母鸡没杀
一家9口滞留湖北亲家家中40余天
一家七口被打死
一家三口
一家三口开车在水库冰面漂移瞬间坠入冰窟
一家三口的免费治疗请求
一家三口美籍华人
一家三口美籍华人主张免费治疗事件
一家三口驾驶丰田越野车
一家两死一伤
一家人
一家人太狠了
一家人被打死七口
一家八口
一家八口放弃乘机
一家八口躲过印尼空难事件
一家四口
一家四口在壶口瀑布落水身亡事件
一家四口溺水险些溺亡73岁的叶乃学纵身一跳拼命救人最终全部获救
一对夫妻
一对夫妻去世
一对夫妻因车祸去世留下6岁孩子
一对夫妻死亡
一对年轻夫妇在民政局离婚后女子晕倒、前夫离开
一对年轻夫妻及两名孩子
一对情侣
一对意大利情侣
一小时
一小部分用户呼吁严惩凶手
一岁多
一岁女童
一岁幼童被异物卡喉
一岁幼童被异物卡喉事件
一带一路从浙江义乌至欧洲伦敦的陆运火车
一带一路从浙江义乌至欧洲伦敦的陆运火车共计278节车厢使用10个车头（前5、中3、后2）场面壮观
一带一路从浙江义乌至歇洲敦的隆连火车
一带一路从浙江义乌至英国伦敦的陆运火车
一带一路框架下从浙江义乌至英国伦敦的中欧班列
一带一路框架下从浙江义乌至英国伦敦的中欧班列全长12000公里共计278节车厢配备10个车头（前5个、中3个、后2个）运行时长18天被称为最远的中欧班列和友谊的使者
一带一路浙江义乌至欧洲伦敦的陆运火车
一平方公里蝗群日食量相当于3.5万人的口粮
一年
一年两次必须进行正规体检
一废弃家具厂
一度昏迷
一引擎
一张从月球拍摄的照片
一张违停罚单
一律刑拘
一恶势力团伙
一手拿一个馒头
一批人形企鹅来袭
一把展开的折叠刀
一把岁数了这点道理不懂吗
一把扳手
一把扳手直插其后脑
一把粗盐一把口水破车窗玻璃
一把粗盐加一口口水
一把粗盐加一口口水破车窗玻璃
一抹红尘别相信真爱好好愛自己
一支21人的扑火队
一支监狱乐队的照片
一整晚灭火作战
一整袋米
一方有难、八方支援的正能量
一方有难全民帮忙
一方有难八方支援
一施工工地
一旦发生事故生还率太低埃航客机坠毁乘客无人生还……
一时救都没法救
一时气愤的无奈之举
一昼夜
一晚上睡都睡不着心脏都有点受不了了
一晚大暴雨
一机一中高三学生
一条公路
一条深色狗
一条深色狗突然冲出咬住女孩大腿致其被扑倒
一条网友评论
一条腿
一条金项链
一条鲜活的生命滑倒后后脑着地引发惨剧交通事故警示录
一枚独行侠徒步走天涯
一架客机
一桌5人中的3人被撞飞
一桌五人被撞飞
一桥
一桩生意让你弄得跟结婚似的
一楼
一楼住户小院
一楼住户小院起火
一次不忠终身不用
一次出征成永别
一次性大量饮水
一次运输量
一次违停收到两张罚单
一次违停收到两张罚单的现象
一次违章收到两张罚单现象
一步登天天女散花众神归位贬入凡间魂飞魄散
一段3分半钟视频
一段网络曝光视频
一段视频
一水闸管理员
一水闸管理员发现
一点即燃、边缘焦黑
一点就着的一定是假的
一点资讯
一点资讯沸点
一点资讯沸点视频
一点都不馋
一片废墟
一片汪洋
一片混乱
一片狼藉
一片童心的世界
一狱警
一狱警确诊新冠肺炎
一生一世
一生为孩子拼搏
一生努力一生被爱想要的都拥有得不到的都释怀
一生未得自在
一男一女
一男一女在车内因喷香水和点烟引发爆炸
一男子
一男子从5米高空坠落身体插入88厘米钢筋
一男孩
一男孩斑马线滑倒后脑着地身亡
一男孩斑马线滑倒后脑着地身亡事件
一瘸一拐
一百万元
一看到这样的视频痛心
一看就是中国制造
一看就是拍的
一看就是演员
一看就是经历过大风大浪的叔叔阿姨上海暴雨 坐公交像坐船
一看就是表演
一硕大生物在水中游动
一秒天上地下
一站二看三确认四通过
一站地
一箱中用泡沫填充缺罐
一箱人民币
一箱人民币尚未抬上押运车即被刮跑
一箱人民币未抬上押运车
一箱人民币被刮跑事件
一箱人民币被大风吹散
一箱尚未抬上押运车的人民币
一箱饮品
一米多
一米多长的刀具
一米多长镰刀
一系列桥梁
一级
一级裁判员
一线人员
一线人员防疫消杀工作场景
一线医护人员及工作人员
一线城市大型企业电竞部门
一线工作者
一线执法职务
一线救援人员负担
一线消防人员
一线防汛人员
一组消防员
一罐奶粉
一群孩子顶着大雪艰难前行
一群小学生
一群男女
一群驯鹿
一脚踩空
一脸虔诚
一致
一般人第一反应都是回头厉害了
一般违法行为
一般违法行为举报
一艘大型船舶
一艘渔船
一艘满载汽车的货轮
一艘装载汽车的货轮
一艘货轮
一花一世界一叶一菩提
一袋米
一视同仁
一视同仁政策
一言不合立马断气
一货车河南侧翻掩压拾蒜群众画面曝光：车躺沟里车轮还在转
一起4人死亡的惨烈车祸
一起严重交通事故
一起交通事故
一起享受抖音里的青春与轻松😏 合作/投稿 邮箱：youth007@126.com 📮 欢迎做客～👏🏻
一起仇恨袭击事件
一起刑事案件
一起去
一起参与
一起外地私家车坠河事件
一起寻衅滋事案例
一起已被司法处理的恶势力犯罪案件
一起故意杀人案
一起暗杀事件
一起暴力事件
一起服药自杀事件
一起未发生的绑架事件
一起来爱国 我和我的祖国 抖音送我上热们
一起毁灭证据违法行为案件
一起看电影
一起真实救援事件
一起自习
一起触电事故
一起追星吧 @吉利汽车
一路前行不忘初心方得始终五年电商经历分享好物用心审核做好你们的眼睛
一路走好
一路走好凉山英雄
一路走好逝者安息
一车主
一车起火
一辆SUV
一辆从安徽驶入的运输碎石的货车
一辆从重庆前往利川避暑的自驾车辆
一辆公交车
一辆外地运输蒜瓣的货车
一辆外地运输蒜瓣的货车在河南省信阳市商城县苏仙石乡距安徽省金寨县铁冲乡1000米处撒漏事故
一辆大型普通客车
一辆大巴
一辆大货车
一辆奥迪R8在高速公路行驶
一辆客车
一辆小汽车
一辆小车
一辆小车冲进宵夜档将就餐人员撞飞目前伤亡不明
一辆小轿车
一辆无牌兰博基尼
一辆无牌新车
一辆日产轿车
一辆汽车
一辆装载炸药的货车
一辆货车
一辆货车自燃
一辆越野车
一辆越野车从长沙波隆立交桥坠落
一辆越野车坠落事件
一辆车
一辆轿车
一辆运输蒜瓣的货车
一辆集装箱卡车
一辈子也许都看不到
一边带娃一边上班的宝妈
一边肆无忌惮行窃一边高喊防贼
一道亮丽的混沌线
一部未插卡手机
一酒店
一面科技一面未来
一项23亿美元开支法案
一颗有料的瓜
一颗红心、永远朋友
丁总
丁昊警官
丁某某
丁某某、许某某等
丁硫克百威
丁硫克百威在特定作物上使用
丁青公安官方抖音账号
丁青县
丁青县公安局
丁青县公安局110接警平台
丁青县公安局刑警
丁青县公安局局长
丁青县公安局有民警在KTV消费不买单
丁青县公安局组织召开2021年度虫草采挖第一次安保推进会
丁青县公安局组织召开2021年度虫草采集管理工作动员部署会
丁青县四季富养酒店再叙烤吧门前
丁青县四季富养酒店经理赖某
丁青县天宫神话KTV经理
七孔窑洞被掩埋
七字扣
七彩鸟广告
七旬老太
七旬老太两次跪谢民警只因……@抖音小助手
七环视频
七重金殿组成
万事以和为贵
万人坑
万人坑存在
万人坑相关关键词
万人坑等表述
万众一心共克时艰
万众一心抗击疫魔中国🇨🇳加油武汉加油
万众一心泰山
万号
万州长江二桥
万州长江二桥江中
万幸没有中国人在那更是万幸
万幸没有人员伤害
万幸的是人没事就好
万水千山总是情欢迎关注加点赞……请不要连续点赞哦👦🙏🙏🙏
万物生灵
万物皆有灵性 善待动物关爱生命
万物皆有灵性 奇妙的动物 饥饿的猴子🐒高素质猴性&人性
万物皆有灵超有爱
万物皆有灵黑天鹅与锦鲤之间的美丽故事……
万科金色梦想小区
万科金色梦想小区负二层车库
万视达
万象新闻
万里长江第一城
万里长江第一城必须扛得住洪水
丈夫
丈夫伪装
丈夫在KTV高声唱歌的视频
丈夫天生聋哑
丈夫异常
丈夫把私房钱藏在被子里妻子晒被子飞出三万元现金
丈夫藏匿的私房钱
丈夫进入驾驶舱的原因
丈夫酒后杀死妻子
三
三 小皮 一 A 如制 CAOH
三万余元现金
三万元现金
三万元现金从天而降
三万只羊
三万只羊入境事件
三万只羊捐赠事件
三万只羊给中国
三不笑不笑灾难不笑疾病不笑贫穷愿世界平安中国平安
三个井盖爆裂
三个女孩
三个孩子
三个年幼子女
三个月
三个电极检测学生脑电波
三个馒头
三亚交警
三亚交警喊你举报交通违法行为随时拍最高可获1000元奖励人人都可当交警
三亚交警微信公众号平台
三亚海事局
三人受伤
三人死亡
三人被杀害、一人自杀
三代什么时候能实行我的二代身份证刚丢
三农 快手搜索
三十亿元
三十年
三十年河东三十年河西
三千元罚款
三千年
三千年历史
三千年古镇被淹
三千年古镇被腌
三千繁华 弹指刹那 百年过后 一捧黄沙
三只经过短期训练的鸵鸟
三只经过短期训练的鸵鸟滑雪能力已远超国家级运动员
三只经过短期训练的鸵鸟滑雪能力远超国家级运动员
三只羊被咬死
三只鸵鸟
三只鸵鸟在阿尔卑斯山滑雪
三只鸵鸟在阿尔卑斯山滑雪远超运动员
三名医护人员
三名医护人员和一名群众
三名受伤医护人员
三名外国人
三名外国人在青岛插队事件
三名大人
三名学生
三名小孩
三名小孩在资江浮邱山乡毛家桥村乱石滩河段玩耍事件
三名市政工作人员
三名股东
三名落水儿童
三四十毫米
三国相邻处看打仗
三声谢谢
三大警告
三天
三天确诊超百万医疗系统接近崩溃印度小伙不戴口罩问新冠是啥
三头猪
三头猪实已死亡并未被食用
三头猪并未被食用
三头猪约600斤被吃光
三家店铺
三家服装店
三家运营商咋办评论
三层船身
三峡坝区
三峡坝区惊现神秘水怪体型硕大在水中游动
三峡坝区水中生物
三峡日报社官方抖音号
三峡水怪现象
三张麻将牌中的八万
三张麻将牌中的八万付款
三挺路夜市妖风肆虐后表述
三星大厦停车场
三月份去故宫的时候导游不是这样说的
三月份去故宫的时候导游不是这样说的评论
三月份建的新房7月份冲没了
三楼
三次
三次滑坡
三段UFO视频
三江口瑶族镇走失男童
三清三拆过程
三清三拆过程中
三清水秀
三点半至四点左右
三瓶农药
三瓶敌敌畏
三瓶敌敌畏农药
三百多米
三英纸制品包装
三草两木有机护肤
三角乡区域
三角乡灾区
三角乡约2.6万群众生命财产安全受威胁
三角乡群众安全
三角形飞行物
三角联圩溃堤
三起类似事件
三车不同程度受损
三车连撞事故
三轮摩托车
三轮摩托车驾驶人
三轮摩托车驾驶人李某
三辆车受损
三集连播
三项交通违法行为
三黄预警
上一轮的20倍
上一轮蝗灾
上一轮规模的20倍
上万元
上万名香港居民经深圳湾口岸返回内地
上下伸缩
上世纪80年代
上世纪90年代方式解决争端
上个月的现在抖抖啥意思？
上乘材料
上交专家
上今日头条查看更多热点资讯
上传者
上传者附文内容
上保河南
上千万的牛蛙被冲走
上千亿经济损失
上千只考拉死亡
上千只考拉被烧死
上午10:00
上午11时
上午8点左右
上午9时许
上午时分
上台瞬间
上台过程中
上官带刀
上山过程中
上山采菜村民
上山采菜的村民
上山采菜的这伙人
上岸
上市公司
上市公司或州立机构
上帝的流光溢彩
上报信息
上担架
上梁钱风俗
上次看到这个视频说是孩子的父亲希望你不是造谣的
上汽通用五菱
上汽通用五菱赠送印有英雄字样的汽车
上海
上海2号线事件
上海2号线静安寺站
上海2号线静安寺站事件
上海3月市筹公租房房源公布有你心仪的吗？
上海一乘客因未戴口罩被抬出地铁车厢
上海一公交车
上海一公交车乘风破浪
上海一公交车如乘风破浪
上海一名男子
上海一商场
上海一店长
上海一老人因没有口罩出入证翻进小区
上海一辆公交车在积水中行驶
上海交通大学附属新华医院副院长
上海人
上海公交北安线
上海公交车
上海出现海市蜃楼
上海华山医院国家紧急医学救援队
上海发布三黄预警
上海发布三黄预警网友：坐公交像坐船上海下的不是雨是瀑布吧
上海变海上
上海售价将达5万一平
上海因垃圾分类发生命案
上海地铁
上海地铁2号线
上海地铁2号线乘客事件
上海地铁2号线爆炸
上海地铁2号线车厢内
上海地铁2号线静安寺站
上海地铁2号线静安寺站车厢内
上海地铁内一醉酒男未戴口罩躺卧地铁拒绝下车被工作人员拖走
上海地铁车厢内
上海地铁防疫事件
上海坐公交像坐船🚢这哪里是下的暴雨简直是瀑布真的是乘风破浪
上海多处路段
上海多套豪宅
上海大宁公园
上海大宁公园有小孩落入结冰湖面
上海大宁公园结冰湖面
上海大宁郁金香公园
上海大宁郁金香公园事件
上海大宁郁金香公园儿童落水事件
上海宝山区
上海宝山区一厂房
上海宝山区一厂房扑救火灾
上海宝山区一厂房扑救火灾时牺牲
上海宝山区厂房火灾
上海宝山区扑救厂房火灾
上海宝山区消防救援队伍
上海审计局
上海审计局公务员
上海工地项目性质
上海市
上海市徐汇区审计局
上海市杨浦区某小区楼下无障碍通道处
上海市杨浦区某小区高层住宅
上海店长殴打环卫工事件
上海建方舱医院
上海当日灾情程度
上海悲剧事件
上海新生儿出生数断崖式下降趋势
上海新生婴儿数量瀑布式下跌
上海时刻
上海暂无出梅迹象
上海暴雨
上海暴雨中公交车乘风破浪
上海暴雨像坐船
上海暴雨像瀑布
上海暴雨公交如船
上海暴雨公交车也可以带你乘风破浪勇往直前
上海暴雨：乘风破浪的叔叔阿姨
上海松江区九亭
上海流浪汉
上海流浪汉毕业于复旦大学
上海浦东机场
上海浦东航头
上海浦东航头惊现天宫 田 D638
上海海市蜃楼
上海瑞金医院
上海瑞金医院公共卫生应急演练
上海瑞金医院副院长
上海瑞金医院应急演练报道
上海瑞金医院应急演练相关内容
上海瑞金医院康复科
上海电动车
上海男子
上海男子掏鸟窝被电伤事件
上海男子掏鸟窝踏空身亡
上海男子掏鸟窝踏空身亡关键词
上海的冰还敢走
上海的湖结冰了想去走走？小心真有人掉下去了
上海的湖面结冰了想去走走？小心真有人掉下去了
上海立达学院
上海立达学院内结冰水域
上海立达学院学生
上海立达学院学生落水事件
上海立达学院误作大宁公园
上海虹口区
上海虹口区居民叶某
上海融创外滩壹号院房产
上海迪士尼
上海迪士尼4D影视中机器人表演中国古典舞
上海迪士尼4D影视场景
上海迪士尼一场演出
上海迪士尼使用机器人舞者
上海迪士尼演出
上海迪士尼演出中由国产机器人进行舞蹈表演、观众排队四小时观看
上海迪士尼演出仅5分钟
上海迪士尼演出仅5分钟购票排队竟需四小时多名舞者均为机器人新科技真惊人
上海迪士尼演出仅持续五分钟购票排队却需四小时参演舞者均为机器人
上海迪士尼演出购票排队四小时
上海迪士尼美女机器人五分钟舞蹈需排队四小时票价499元
上海邮轮免签政策
上海部分地铁站
上海都市媒体
上海都市媒体发布的内容
上海金山区一名老人
上海首例高空抛物罪案件
上游持续暴雨
上游新闻·重庆晨报
上游新闻影视中心
上游水库放水
上游泄洪与巢湖倒灌
上游视频
上热门🔥🔥
上犹融媒体中心
上班
上线一小时被抢光
上网不用流量
上网查阅自杀方式
上舜网 知天下
上街捞鱼
上西瓜看知识
上视频啊
上访的猴子
上访者
上课是否走神
上路行驶
上述信息
上述信息属实
上述细节
上述评论
上述询问
上险些摔倒
上饶市
上饶晚报官方账号
上饶晚报融媒体中心
下一个疫情重灾区
下一处出口
下了一晚暴雨嘉陵江上发大水可怜的四头牛能否安全靠岸？
下保江苏
下午4点20分左右在渝北区松北支路发生事件
下午五点到七点半
下单支持外卖小哥
下图姿势躺好
下坠时心不在肚子里下来腿发软
下夹河镇
下山堵路
下山堵路乞食
下山急转弯路段
下山抗议
下手太重
下方车辆
下月起全面实施灵活工作制度
下来以后裤子湿了
下楼避险
下次去感受一下
下水井
下水道内沼气
下水道堵塞
下水道防水作业
下水道防水作业时塌陷
下游城市可能受影响
下游安全关切
下游要受灾了
下葬日期或风水可能有关
下蛋
下蛋的母鸡没杀
下蛋的鸡
下跪求助
下跪磕头
下路湖海桥暂停通行
下车
下车再牵车方案
下车殴打小车驾驶员
下车道歉
下载今日头条到头条热榜看更多理性发声
下载天目新闻App并上传至潮客频道
下载懂车帝APP
下载梨视频APP报料赢万元奖金
下载目标应用
下酒菜
下降
下降过程
下雨且路面已积水情况下洒水车仍在作业
下雨也是浪漫
下雨天
下雨天斑马线湿滑危险
下雨天斑马线白漆面湿滑危险
下雨天斑马线白漆面湿滑致人死亡
下雨天踩踏斑马线白漆面
下雨天过横道线不可踏上斑马线的白漆面
下雨天过横道线不可踏上斑马线的白漆面非常滑
下雨天过横道线不可踏上斑马线的白漆面非常滑视频中这位年轻人因踩上白漆面而滑倒后脑勺着地短短一分钟生命结束
下雨路滑小心
下面再出一支枪
下高速住帐篷隔离14天
不一定是真实情况
不一样的上市公司不一样的创业故事不一样的勇哥
不一样的烟火
不一样的烟火表演你看懂了吗
不一样的视角一样的精彩
不一样自拍祝融号在火星上的自拍照
不一致
不一致名称或乱码信息
不一致表述
不一致问题
不严谨信息
不严重
不久后
不乱于心不困于情不畏将来不念过往如此安好深谋若谷深交若水深明大义深悉小节已然静舒善宽以怀善感以恩善博以浪善精以业这般最佳无愧于天无愧于地无怍于人无惧于鬼这样人生
不予出具意外死亡证明
不予执行拘留
不予插管治疗
不予立案
不予解释规定来源
不以利益为友不以格局为大全新修造迎合自然……
不会使用智能机的老年群体如何被社会关照
不会是真的吧
不会游泳问题
不会灭绝
不传谣、不信谣
不作不会死
不作为
不作为行为指涉
不作死就不会死
不佳
不信
不信任
不信谣
不信谣、不传谣
不值得同情
不允许随意采摘
不关注我的我会把你清除掉
不再为60岁以上新冠肺炎患者使用呼吸机
不再给60岁以上患者戴呼吸机
不再给60岁以上患者提供呼吸机插管治疗
不再给60岁以上患者插管或使用呼吸机
不再给超60岁患者插管
不再随意丢弃烟头
不准确
不准确之处
不准确类比
不出门
不分国界关注人道灾难
不切实际
不列颠哥伦比亚省
不列颠哥伦比亚省基洛纳市
不列颠哥伦比亚省基洛纳市护理专业华裔女大学生
不列颠哥伦比亚省警方
不到15分钟
不到1分钟
不到2万元
不到3秒
不卖房
不发工资
不发工资劳资矛盾事件
不受欢迎…最好不要回来
不受美国重金诱惑
不可原谅
不可容忍这种暴行
不可抗力天灾
不可推卸的责任
不可注射消毒剂
不可能
不可能出现大规模无序流动
不可能实现
不可能放这么低级的错误
不可能真的吧？
不可能赔偿可以去告
不可食用的危险食品
不吃早饭导致低血糖
不合常理内容
不合格的学生连起码的尊重都不懂
不合法
不合理
不合理强盗等评论
不同反应
不同地区事件
不同地区建筑抗震能力差异
不同地域宣称
不同基因型发病率不同有关
不同程度
不同程度受损
不同程度拘留
不同观点
不同部位和面积的纹身
不同部位纹身将被拘留
不后悔
不向天灾低头
不向未参保归国人员提供免费治疗
不和妻子讲话
不和妻子说话
不喜欢流浪和捡垃圾
不堪忍受家暴淮安男子勒死老婆带尸体自首妻子派出所突然醒来为丈夫求情
不够明确
不大
不大像真的
不好意思我花腿加花臂
不好意思我花腿加花臂评论
不好意思难道认错人了 哈哈 开玩笑的哦 你在贵池吗
不存在
不存在的事件
不存在该日期
不安装软件也会被窃听
不完全匹配
不完整
不完整表述
不宜直接照护原因
不宜离岸出海
不实
不实传言
不实信息
不实信息传播
不实关联信息
不实情节
不实描述
不实消息
不实猜测
不实说法
不容忍将善意与谦让视为软弱可欺
不对
不对回国学生检测
不尊重场合
不尊重师长
不少人
不少市民
不屑与对抗态度
不属于真实事件
不属实
不希望这首配乐再收录灭绝物种
不平凡的一年愿一切安康
不幸
不幸中的万幸
不幸去世
不幸牺牲
不幸离世
不幸自杀
不幸身亡
不幸遇难
不应听信谣言
不应因个别现象否定信仰本身
不应处理该干部
不应承担刑事责任
不应由全民为个别入境人员的大额医疗费用买单
不应较真
不建议钟老去祖国人民更需要他
不当举动
不当使用取暖设备引发
不当言论
不当言论评论
不当调侃内容
不往恒河里扔了
不得不让人佩服
不得恶意传播不实信息
不得猎杀
不得猎杀国家二级保护动物
不心疼澳大利亚只心疼动物
不忍气吞声
不忘初心 继续前行 传承沙木拉达
不忘初心、感恩有你、谢谢你的支持
不忘初心做一个简单的丫头记录自己每天开心快乐的一天感谢抖音粑粑让我认识这么多好朋友喜欢的可以关注我让我们成为好朋友新手主播多多指点一起成长让我们给生活比个✌️每天中午12:00－14:00晚上20:00开始不见不散🌻
不忘初心砥砺前行不负韶华奋力拼搏
不怕死啊
不惧疫情
不想再添麻烦了
不想妈妈哭
不想检测可以走谁求着你来的？
不想钟老去要把钟老保护好评论
不想隔离的人就不要回来
不愁
不感冒
不愧是战斗民族的孩子零下9度上班的我都不敢抱怨了
不愧是战斗种族俄小学生零下50度顶暴风雪放学回家一路狂风咆哮如灾难大片
不愿意下车车子最终被洪水冲走大爷心态害了自己
不愿意接受隔离你回来干嘛？投毒吗？
不慎失手
不慎触电身亡
不成熟
不戴口罩
不戴口罩者
不戴口罩评论
不抚养婴儿
不抢50亿不好分不合常理
不按信号灯行驶
不接受报警举报
不接受语音聊天一切看淡不问世事疯疯癫癫开开心心活着就以足够
不接受道歉评论
不携带活性肺吸虫
不敢买走超市的面条了几根面泡出的胶就这么多还是在外面买现出的散面吃安全些
不敢去游乐园
不敢吃
不敢多看一遍实拍大爷公园玩单杠身体飞起不慎重击小女孩头部
不文明养犬行为
不文明行为
不断发生
不断挑战自我勇攀高峰
不明
不明信息
不明动物
不明恐怖分子发动
不明物相撞
不明物相撞事件
不明确
不明飞行物情报信息
不明飞行物照片与视频
不是700吗？
不是上班时还好
不是中国国籍者
不是中国我就放心一大半了
不是在钓鱼就是在钓鱼的路上
不是墓葬是防空洞
不是夏津已辟谣
不是夏津的
不是宇航员是奥地利的冒险家穿着宇航服而已
不是官方信息不轻易信
不是官方信息不轻易信评论
不是山东德州夏津公安网辟谣了
不是巨浪3
不是德州夏津的
不是摘橘子会罚款吗？
不是有保险吗？
不是满分吗？
不是火神山吧？
不是灵魂无处安放而是灵魂已然远去我却还在人世
不是特效堪比大片
不是特效才怪
不是视频指导吗？评论
不是说假新闻么？
不是说没死吗
不是那个小孩
不是都穿了救生衣吗怎么还会淹死
不晓得多少人在附近保护
不欢迎
不欢迎留言
不止于房与地
不正当关系
不求大富大贵只求家人平安
不治身亡
不法分子
不涉及外星科技
不清
不清晰或错别字
不满
不满情绪
不灯
不爸爸……
不牵绳犬只的危害
不现实性
不用拉我拉她
不用拉我拉她拉她
不用谢这是我们应该做的
不相关事件
不看私信敬请见谅主动私您的都是骗子
不真实存在或错误命名
不知好歹应该遣返回去言论
不知好歹应该遣返回去评论
不知情不要乱定罪
不知情或质疑
不知所起一往而深
不知者无畏
不知该下去捡还是上边录视频并报警
不知远方的你 是否快乐如昔
不知道以为在放烟花其实是阿塞拜疆和亚美尼亚两个国家打仗伊朗人站在山头上看
不知道总统在说什么
不知道真假
不知道真的假的
不知道说什么
不礼让行人
不礼让行人违法记录系统
不稳定
不符
不符合事实
不符合免费治疗条件
不符合医学常识的情节
不符合实际情况
不符合常理
不符合条件者
不符合现实常理
不符合现有技术水平
不签和解协议以确保判刑
不管你相不相信世界总在向前发展
不管干什么
不管干什么？一定要安全第一哦
不管是不是因为新肺炎辞职只要你在这个节骨眼上辞职总给人一种想象空间
不管用
不结也罢
不结了吧女人多的是
不缩病
不耻行为
不聚集
不能忍渴
不能惯着这种行为
不能拿生命开玩笑
不能接受中国法律就请回国
不能摘口罩饮水进食
不能看着动物饿死
不自量力
不良社会影响
不良风气
不落鸟
不要下车
不要主动联系外星人
不要乱加评论
不要乱说哦管委会人说了是人网鱼锚鱼伤了鱼死的
不要亵渎平台
不要叫过来过来快快快
不要因小事冲动而走错路
不要围观
不要在不可信设备上使用生物信息
不要将人工智能发展到极致
不要当间谍评论
不要情绪化
不要惊慌
不要把人骨头按断了
不要拉紧拉紧
不要相信表象小人之心永远猜不透
不要联系外星人以避免危险
不要让年轻的生命去硬拼
不要试图联系外星人
不要贪便宜
不要购买的呼吁
不要踩斑马线白色部分以防滑倒
不要迷信要相信科学
不要造谣谢谢
不要钱？
不见一个戴口罩的
不规范
不规范表述
不解
不解冻
不解和不满
不认识该女子
不让参加考试
不让有理
不让路的话大雁会把飞机撞下来
不该让她毕业
不负责任
不贵美国不差钱
不赞网红不赞星只赞中国人民子弟兵
不赞网红不赞星只赞中国人民子弟兵评论
不足24小时
不足一个月时间
不辜负每一个美
不过是大家的美好愿望而已吧
不违法
不适
不通
不造谣
不道德且不负责任
不配做我们中国人
不锈钢螺丝
不错
不错哦
不顾危险
不顾风险
与UFO相关的秘密档案
与中国乌兰察布市有关
与事件关联
与事件实际地点不符
与事件直接关联
与事实不符
与事实不符信息
与事实不符的信息
与事实不符的信息点
与事实不符的关键词描述
与事实不符的表述
与亲人告别
与你共关注
与其交流
与其他几人用被子接人
与其在华亲属保持联系
与剩稀饭无异
与动车司机刘畅的争执
与南宁事件关联
与司机通话
与城市共成长让生活更美好
与大家分享
与女友相拥
与女子相撞
与安徽绩溪事件关联
与官方信息不符
与官方通报矛盾
与实际事件地点不符
与实际内容不符的关键词
与实际地点不符
与实际情况不符
与实际案情不符的信息
与家人发生口角
与小型越野客车发生交通事故
与工程质量无关
与当时媒体报道相符
与所述宠物狗事故无关
与新冠斗法被反噬
与时代共进与人民同行从这里走进宜昌从宜昌走向世界
与时代同步
与时代同行为人民放歌
与时间赛跑
与朋友打赌
与本事件无关
与本文无关
与机场配套交通
与林青霞发文承认分手真相
与标题呼应的评论
与核实结果矛盾
与正文一致
与正文不符
与正文不符的关键词
与正文主题不符
与正文事实存在出入
与正文关联性较弱的关键词
与正文内容不符信息
与正文内容关联
与正文内容无关
与正文描述不符
与正文无关
与民众围观拍摄视频
与河南沈丘县白集镇走失儿童事件时间不符
与泰方保持密切沟通
与洪灾描述不符
与涉事双方沟通协调
与温岭事故无关
与火神山医疗队无关
与现实情况不符
与电竞直接相关的工作
与真实事件不一致
与真实事件不符
与真实情况不符
与真实政策不符的入境限制信息
与真实案例不符
与着陆平台的合影
与秦汉宣布大婚
与茶中儿茶素含量有关
与视频相关
与警方通报不符
与该女子同处羁留室的6人
与货车相撞
与重车压梁事件无关
专业专注只做母婴
专业人员到场救援
专业人士
专业化、现代化的种养殖与加工示范基地
专业咨询
专业定位专注安全
专业屏蔽无人机
专业性
专业扑火队员
专业打火队
专业救援人员
专业文旅融媒体与产业融合平台
专业服务
专业机构检验
专业检测
专业治疗
专业版微博 pwc 今天0913
专业误解
专业高效的公益帮扶平台
专为下蛋
专人值守
专人清洁
专家
专家介绍
专家分析
专家实地考察
专家组
专家解读
专家解释
专家说法令人震惊
专家说这是成熟的技术安全性很高
专家鉴定说法
专案组
专注于吊装搬运
专注于外交和国际问题的专业出版传媒机构
专注力可视化示意图
专注同城配送系统服务解决方案
专注指数算法
专注时政与思想致力于原创新闻
专注潍坊那些事儿 百姓信赖媒体
专用地铁线路
专门的律师团队
且无严重受伤
且无生命危险
且未立遗嘱
且确诊感染
且行且注意呀
世上哪有捷径可走
世上最心痛的距离是明明你刷到了我不给👍就走了
世上没有免费的午餐
世事无常
世俗中人
世卫组织
世卫组织病毒进化工作组
世卫组织非洲区域办事处
世界
世界7
世界上引人注目的怪病至今都无法治愈令人遗憾
世界上最有骨气的鱼
世界上最有骨气的鱼文本内容
世界上最贵的眼泪
世界不复存在
世界之大无奇不有😂😂😂
世界人工智能大会（WAIC）
世界人才
世界卫生组织
世界历史上最快
世界历史进程
世界和平
世界在你眼前
世界在你眼前 新闻爆料368064845@qq.com
世界奇闻趣事
世界文化与自然双重遗产
世界是美好的坚强点好姑娘不愁嫁
世界最大木结构宗教建筑
世界最大石刻佛像
世界未解之谜 近日位于印度的一处公园中的健身器材突然在深夜自己运动起来极为诡异灵异
世界末日的感觉
世界生活压力大到老鼠都自杀了
世界秩序要变了
世界第一大科音
世界第一大车祸
世界第一高峰珠穆朗玛峰
世界罕见
世界脊诊整脊医学联盟常委
世界观察
世界这么大我想带你去看看～点点关注不走丢
世界那么大满足你的好奇心
世界那么大环环带你看天下
世界那么大环环带你看天下官方商务合作或新闻投稿 vx：hqmrrs（请注明来意）
世界那么大环环带你看天下😘
世知社
世硕电子
世硕电子为涉事工厂
世硕电子相关网络热点
世纪大新闻
世纪最强
世纪最强太平洋恶魔风暴
世纪最强太平洋恶魔风暴——山竹
世纪最强太平洋恶魔风暴——山竹 小拉音
世纪最强太平洋恶魔风暴……山竹来袭
世纪最强太平洋恶魔风暴山竹
世间万象尽在万象新闻
世间百味尽在青蜂侠
世间百味尽在青蜂侠商务合作➕V:cymcoc欢迎私信提供新闻线索感谢快手官方
世间百态、天下时事、热点新闻一秒为您送达
世间美好暖心正能量都给你｜许昌大事小情新资讯全在这｜用心记录许昌时刻在你身边｜许昌时刻抖音欢迎投稿邮箱xcskdy@163.com
业主
业主身份
业余选手
业关西边的位置
业务专用章
业务咨询电话
业务咨询联系方式
业厨电子台
业州、长梁、茅田、龙坪
业州、长梁、茅田、龙坪等4个乡镇受灾
业工
丛台区南吕固乡某村口东侧
丛林魔网
东京
东京等多地发布最高级别大雨警报
东京部分地区
东京都
东兴街的肉铺每个都这么忙
东兴街肉铺
东北及东部沿海地区
东北地区最具影响力网络媒体
东北小哥
东北方言式幽默表达
东北旱情与南方洪灾
东北的人东北的事东北人的日子最有味东北话说新闻
东北虎
东北虎、熊、野猪等
东北虎数量越来越多
东北虎疑似出没事件
东北虎豹国家公园
东北虎都干到辽宁了看来是数量越来越多了
东南早报
东向西
东向西方向交通
东坡肉
东城群众
东大街
东大街这边
东岭北街
东平邑某小区一女子竟从楼上阳台漏下去房子质量引质疑
东方卫视
东方卫视影视综艺短视频
东方卫视环球交叉点官方抖音号
东方大道
东方昱老师
东方网·c相新闻
东方网官方短视频平台
东日本铁路公司
东昌府区融媒体中心快手发布平台
东昌府区融媒体中心快手平台
东海地区
东海岸
东海舰队
东海舰队值守
东海长洲片区
东白湖路段
东盟旅游团入境广西免签政策
东秦百姓
东罗马成功生产丝织品
东罗马生产丝织品
东莞
东莞一出租屋及附近垃圾桶
东莞企石镇和兴钓鱼场
东莞企石镇和兴钓鱼场事故
东莞儿童医院
东莞市儿童医院
东莞市儿童医院儿童康复医学科
东莞市儿童医院儿童康复医学科主任
东莞市儿童医院儿童康复科主任
东莞警方
东西都烧了
东部战区空军某部
东部战区空军某部救援分队
东部战区空军某部救援分队15名党员
东部战区空军某部救援队
东阳花园村
东阳花园村疫情期间有人打麻将
东风小康或金杯等车型
丝绵苗基地
丝绸之路
丝绸制作技术外传
丝绸垄断被打破
丝绸技术
丝绸技术泄露
丢入万人坑
丢员工厂牌
丢员工厂牌劳资矛盾事件
丢失三万元老人跪下的那一刻感动泪目了…
丢失孩子是父母一辈子都愈合不了的伤痛
丢弃婴儿行为
丢弃所有的负担
丢弃肉品
丢弃行为
丢弃负担
丢掉幻想准备战斗
丢身份证事件
两三步
两个多小时
两个大角膜伤口
两个孩子
两个孩子相爱成全了得了
两个孩子相爱成全了得了评论
两个孩子险些一同洗澡遭遇不测
两个小时
两个小时以上
两个月
两个老头子
两个馒头
两人
两人受了重伤
两人受伤
两人同处塔吊驾驶室
两人太低调了
两人实施围殴
两人格局不同
两人死亡
两人轻伤
两人重量
两份机密报告被媒体公开
两位司机
两位司机的交通违法行为
两位村民
两位表哥
两军交战炮火满天伊朗群众坐在山头看烟花别样风景啊
两分钟
两列重载货物列车
两口子
两名伤者
两名儿童
两名儿童受伤倒地
两名儿童被困半空
两名六旬老人
两名分别为10岁和9岁的小学生
两名医护人员
两名受伤人员
两名司机
两名外卖员
两名外卖员殴打一名店老板
两名外卖员殴打店老板
两名外卖小哥
两名女子殴打
两名女性毕业生
两名女生
两名妇女
两名嫌疑人
两名嫌疑人被抓获
两名孩子
两名家长
两名小学生碰撞致老人摔倒事件
两名小孩
两名小孩身亡
两名少年
两名少年与摔倒老人
两名市民受伤
两名年幼子女
两名年幼子女因窒息死亡
两名年幼子女窒息死亡
两名年轻人
两名幼儿
两名幼童
两名戴口罩的女性毕业生
两名戴口罩的女性毕业生上台
两名未成年子女
两名村民
两名村民救出
两名村民跌落被埋
两名消防员
两名涉嫌在火车站附近砸车窗盗窃的嫌疑人
两名男子
两名疑似领导人员
两名老人
两名老人受伤
两名老人被困
两名自称被神仙附体的妇女
两名被困儿童
两名车主
两名车主为马航370乘客且车辆仍停机场
两名车主均为2014年马航MH370失联航班乘客
两国交战被围观
两国合作抗疫的友好佳话
两块广告牌
两头雄鹿
两女子
两女子殴打一女生事件
两孩童
两孩童碰撞致老人摔倒
两家亲家因疫情滞留期间共同生活
两家彻底互相了解了
两家殡葬服务公司
两家殡葬服务公司之间的业务矛盾
两小时建成
两小时建成方舱医院
两少年不承担事故责任
两层窗户玻璃破碎
两年
两床被子
两床被子从17楼坠落事件
两座塔吊损毁
两张停车告知单
两张罚单
两张罚单表示不满
两支水枪
两支水枪内攻灭火
两支狮子一只没有腿一只没有尾巴
两极分化
两次抢劫
两次淹没
两款激光武器实战测试
两渔船互相撞击
两男子
两男子动车自称领导霸座并辱骂司机事件
两男子动车自称领导霸座并辱骂司机铁路公司介入调查
两百名警民
两米以上
两艘天津渔船
两艘天津渔船船主
两艘渔船
两艘渔船互撞事件
两艘渔船互相撞击事件
两艘渔船在天津海域疑似因纠纷互撞
两艘渔船船主
两艘游船
两艘船只
两艘载有127名中国游客的船只
两起案件合计
两路桥
两车不同程度受损
两车严重损坏
两车相撞
两车相撞事故
两车相撞油箱起火事件
两车相撞油箱起火关键时刻兵哥哥又出手了干得漂亮
两辆半挂车之间
两辆豪车
两辆豪车产生
两辆豪车车主
两辆货车
两辆货车相撞为何导致18人死亡
两部门
两部门：暂停持有效中国签证、居留许可的外国人入境
严厉打击奸商
严厉措施
严厉防疫措施
严峻
严应对
严惩
严惩不贷
严惩凶手
严惩危害公共安全行为
严惩打人者
严惩施暴者
严惩李某与张某
严惩涉事人员
严惩涉事女子
严惩湖南15岁少年
严惩犯罪
严惩狗主人
严惩碰瓷行为
严惩纵火者
严惩肇事者
严惩讹人者
严惩评论
严惩责任人
严惩越野车司机
严惩逃逸行为
严惩高空扔东西的行为
严惩高空抛物者
严惩高空抛物者呼吁
严惩高空抛物行为
严打高空抛物重庆男子被高空坠落的折叠刀直插后脑勺自己走进救护车接受救治
严某
严某女友
严某女友存在恋爱关系
严某女友的女儿
严某祥
严某祥与陈家
严查
严查不贷
严查严惩高空抛物主张
严查全国燃气安全隐患
严查建筑公司和责任人
严查环保造假行为
严查相关责任人
严格洗消处理
严格洗消措施
严格的防疫措施
严格社交距离措施
严格管控
严格规范
严禁、严惩高空抛物
严肃处理
严肃处理 执法公正
严肃处理涉事人员
严肃处理相关人员
严肃批评教育
严重
严重不符
严重事故
严重交通事故
严重人员伤亡
严重伤亡
严重伤害
严重内涝
严重内涝灾情
严重创伤
严重受伤
严重受损
严重受淹
严重变形
严重后果
严重呼吸困难
严重失实
严重夸大
严重夸大事实
严重威胁
严重安全隐患
严重山体滑坡
严重损毁
严重排异反应
严重暴洪和泥石流灾害
严重水毁
严重汛情
严重洪涝灾害
严重洪灾
严重灾害隐患
严重灾情
严重短缺
严重破损
严重磨损
严重积水
严重缺乏公德行为
严重超载
严重超载（如百吨王）
严重车祸
严重追尾事故
严重错误
严重错误或无法查证
严防境外疫情输入
严防死守
严防疫情输入
严防疫情输入留言
严防类似事故发生
丧失自理能力
丧葬方式
个人主观动机
个人举报重点违法行为
个人信息
个人关切表达
个人关系
个人兴趣爱好📷🚗🤳喜欢车、喜欢交朋友🤝感谢关注❣️感谢点赞❣️
个人悲剧与共情
个人感慨
个人成本
个人挥霍
个人推断
个人整存整取
个人整存整取储蓄存单图片
个人消费
个人物品
个人真实经历
个人见闻
个人见鬼经历
个人认为安装指纹锁的目的就是为了方便开门关门不需要带钥匙至于安全性也就那样吧
个人资料
个人车辆被盗尚未追回
个人防护装备
个人隐私
个人风格描述
个体经营者
个别地方
个别幸灾乐祸言论
个别成员乱发信息
个别提及信息
个别数据误植
个别旅客因经济考量改变行程
个别用户
个别留言
个别评论
个别调侃言论
中
中3个
中亚、西亚
中低收入群体
中共中央办公厅、国务院办公厅
中共株洲市委机关报
中共梧州市委宣传部
中共茂名市社会组执委员会
中共茂省市社会机委员会
中医养生知识
中医农业
中医参与国际交流
中医妇科相关疾病
中医推广议题
中医松筋正骨调理
中医正骨实现瘦脸
中医正骨疗效
中医正骨瘦脸 大小脸 小V脸 中医纯手法调理
中医正骨瘦脸 大小脸 小v脸 中医纯手法调理
中医正骨瘦脸的真实性
中午
中午吃红烧手机啊
中午好
中华中医药学会全国中医整脊推拿优秀人才
中华人民共和国侵权责任法
中华人民共和国侵权责任法第八条
中华人民共和国刑法第234条
中华人民共和国刑法第二百七十七条
中华人民共和国基本医疗卫生与健康促进法第五十七条
中华人民共和国外交部
中华人民共和国外交部、国家移民管理局公告
中华人民共和国外交部与国家移民管理局
中华人民共和国外交部发言人赵立坚
中华人民共和国居民身份证
中华人民共和国治安管理处罚法
中华人民共和国治安管理处罚法第43条
中华人民共和国治安管理处罚法第43条规定
中华人民共和国治安管理处罚法第六十条第二项
中华人民共和国治安管理处罚法第四十二条第三款
中华人民共和国自然保护区条例
中华人民共和国道路交通安全法第三十八条
中华儿女中国的传统不能丢
中华大街与沧河路交叉区域
中华好儿女
中华好儿女评论
中华文化博大精深
中华文化重要组成部分
中华民族的脊梁
中华独有的龙
中华腾飞
中卦路与麦甘公路交叉路口
中印边境基础设施建设详情
中印边界地区
中原网
中和抗体反应降低
中国
中国 入境
中国054护卫舰
中国0团
中国700万外卖骑手中硕士研究生以上学历者达7万人
中国84艘巨轮
中国84艘巨轮拔锚起航 全球最大船队直扑海湾
中国84艘巨轮直扑海湾
中国84艘巨轮直扑海湾抄底石油
中国84艘巨轮赴海湾抄底原油
中国84艘巨轮集体拔锚起航
中国84艘巨轮集体赴海湾抢油
中国一冶集团有限公司
中国一点也不能少
中国一点都不能少
中国专业提热 热发5场 爱四您
中国专业服务 财发市运 欢迎您
中国专业服饰 财发市您欢迎您
中国专业超造 批发市场
中国丝绸
中国丝绸得名
中国中医药研究促进会针刀分会常委兼秘书
中国中铁旗下多个单位
中国主权岂容挑战印度将中国领土划入直辖区耿爽强硬回击
中国主权权益
中国之崛起
中国也应当保护好科学家
中国交通 海南
中国交通频道·海南
中国人
中国人一样承受过你凭什么不遵守
中国人应支持祖国
中国人民
中国人民解放军新闻传播中心广播电视部官方快手号
中国人民解放军空军
中国人民银行
中国人民银行R40 P952897
中国人滚出去
中国人的团结力量
中国人的骄傲河南常德人刘海燕698分考入美国哈佛大学并在美国全国学术论坛以第一名夺冠回国
中国人真的牛
中国人越来越好了
中国企业
中国企业家
中国伟大
中国伟大的企业
中国传媒大学南广学院
中国传媒大学数字娱乐专业学生
中国传媒大学数字娱乐专业首批电竞本科生
中国传媒大学数字娱乐专业首批电竞本科生今年夏天毕业
中国传媒大学数字媒体技术专业
中国传媒大学数字媒体技术专业学生
中国传媒大学数字媒体技术专业毕业生
中国传媒大学首届电竞本科生毕业了但几乎没有人从业电竞行业
中国传统文化践行者
中国低价购油
中国公民
中国关怀全球视野欢迎加入粉丝群进群提供原创新闻视频线索有奖励
中国军人人民子弟兵
中国军人英勇救人的正面形象
中国军人英勇无畏
中国军舰建造速度快
中国出口市场
中国列车长
中国制造
中国制造手机
中国力量
中国功夫
中国功夫KO搏击壮汉
中国功夫KO搏击壮汉 ON KON
中国功夫与外卖小哥
中国加油
中国加油 澳洲 华人用他们的方式把物资运回国了
中国加油世界加油
中国加油加油我爱我的祖国
中国加油武汉加油
中国医大附属第一医院发热门诊
中国医师节
中国医护人员
中国医护人员的奉献精神
中国医护人员自愿请战抗疫
中国医疗安全措施完善
中国医疗队一定要保护好自己
中国南北分界
中国南方
中国南方航空
中国南方航空公司
中国南方航空公司B-5645号飞机
中国南方航空公司一架波音747客机
中国南方航空公司一架波音747客机满载450名乘客因发动机被一架无人直升机撞击导致一个引擎起火
中国南方航空公司执行
中国南方航空公司波音747客机
中国南方航空公司波音747客机发动机
中国南方航空公司波音747客机满载450名乘客因发动机被无人直升机撞击导致引擎起火
中国南方航空公司波音747客机被无人直升机撞击后平安着陆
中国南方航空公司派出
中国印迹图
中国印迹图像
中国印迹影像
中国印迹影像图
中国原创财经新闻领跑者
中国参与国际抗疫交流
中国参与老挝近半数水电站项目
中国参保居民
中国发射巨浪3型导弹
中国发布禁令封山清理
中国古代因蚕丝技术外泄导致丝绸垄断被打破
中国古代手工艺传承
中国古典舞
中国古典舞 福
中国可能在印度洋长期部署航母
中国吉林网
中国吉林网15秒知事
中国国境
中国国家地理杂志社
中国国家地理杂志社花100万美元买回相关影像
中国国家地理杂志社购买影像的说法
中国国家地理杂志社购买视频说法
中国国家应急广播
中国国家航天局
中国国家航天局官方发布
中国国家通讯社
中国国情
中国在非洲的项目
中国在非洲的项目为虐待与操纵行为
中国地图
中国地图云现象
中国地图形状云彩
中国地图形状的云
中国地图形状的云彩
中国地震台网
中国地震台网正式测定
中国地震台网自动测定
中国地震台网自动测定信息
中国地震台网速报
中国地震台网速报账号
中国坚决态度
中国城地图显现
中国外交部
中国外交部全球领事保护与服务应急热线
中国外交部发言人
中国外交部发言人华春莹
中国外交部发言人耿爽
中国外卖小哥
中国外卖小哥KO美国拳击冠军KONE
中国外卖小哥以一指神功KO外国搏击壮汉
中国多个地区
中国大规模采购原油的战略行动氛围
中国天气
中国天气预报
中国失去丝绸垄断
中国失去丝绸贸易垄断地位
中国女生
中国好亲家
中国好司机
中国好司机[赞]很有责任心[玫瑰]
中国好村民
中国好校长
中国好邻居
中国姑娘
中国威武发射巨浪3型导弹4连发世界罕见射程可覆盖美国全境
中国威武发射巨浪3型导弹四连发世界罕见射程可覆盖美国全境
中国学生抗寒能力对比
中国官方
中国官方回应
中国官方抗议
中国家庭报
中国对非承诺
中国对非洲的排外情绪令人遗憾但不意外
中国将拥有美国
中国将进入无现金时代
中国工程院院士
中国巨浪3型导弹发射
中国巨浪3型导弹发射描述
中国巨额损失
中国巴菲特
中国常州网
中国广东等地在新冠肺炎疫情防控中存在针对非洲人的歧视性做法
中国广东等地疫情防控措施
中国应急能力
中国建博会智能锁葵花奖专家评委
中国必胜
中国必胜武汉必胜
中国志愿军冰雕连
中国志愿军冰雕连真实场景
中国急设（ZG5 J18）
中国感动自己第一人
中国成为最大赢家
中国战机
中国抄底契机
中国抗击新冠疫情经验
中国抗击新冠肺炎疫情
中国抗击新冠肺炎疫情经验
中国抗疫
中国抗疫举措
中国抗疫成功与油价低位叠加
中国抗疫经验
中国抢购石油的时候外国人还在抵抗疫情
中国提供的免费新冠疫苗接种服务
中国政府
中国政府已派出蝗灾防治工作组赴巴基斯坦
中国政府防疫政策
中国政府防疫政策公平执行
中国救援能力强
中国教育报官方账号
中国教育电视台法治天下栏目
中国新一轮采购的开始
中国新冠患者免费治疗政策
中国新闻名专栏
中国新闻周刊
中国日报
中国是世界大哥的支持态度
中国暂停所有持有效签证外国人入境
中国暂停所有持有效签证外国人入境文本内容
中国最严重技术泄露导致损失百亿因外国人偷走了几只这种虫子
中国最大的政务直播平台
中国最安全的城市
中国最新战略能力展示
中国有7万研究生在送外卖
中国有力声援和支持
中国未兑现对非承诺
中国核潜发射全球打击的巨浪3型导弹
中国核潜发射武器系统
中国植物健康营养导师——为植物健康成长提供优质营养元素
中国正在把神话变成现实
中国每年丢失20万儿童找回的只有0.1%
中国每年丢失儿童约20万仅有0.1%能找回
中国每年失踪人口
中国每年失踪人口找回率
中国每年失踪人口约20万
中国每年失踪人口约20万且找回率仅0.1%
中国每年失踪儿童数据
中国民众手中的登记单据
中国民航局记录
中国气象局气象宣传与科普中心
中国水产第一媒体
中国江西网
中国没有龙卷风也没有平地
中国法院网
中国法院网官方认证账号
中国派出84艘巨轮前往波斯湾抢购石油
中国派出84艘油轮赴海湾大规模抄底原油
中国派遣84艘巨轮赴波斯湾大规模抄底原油
中国海事融媒体
中国海军
中国海军太原舰
中国海军太原舰悬挂横幅行为
中国海军太原舰行为
中国海军展现国际人道关怀的真实案例
中国海军展现大国风范
中国海基核力量
中国海基核力量技术进步
中国海基核威慑能力提升
中国消防
中国消防救援
中国深空探测成就
中国游客
中国游客及家属
中国演员
中国火星探测器
中国特色社会主义先行示范区
中国环球电视网
中国电信
中国电信4G信号
中国电信、中国联通、中国移动被列入限制名单
中国电信备忘录
中国电建
中国留学生在加拿大
中国疫情不断好转
中国疫情期间对待非洲学生的方式暴露了中非伙伴关系的虚伪本质
中国疫情期间的外交实践
中国疫情防控与治疗经验
中国的儿童丢失找回率只有百分之0.1
中国的养蚕技术是怎样流入古罗马给中国造成无可弥补的损失
中国的国家实力
中国的国际援助精神
中国的大国风范
中国的学生太宝贝了每天都得家长接送
中国的新海南 世界的自贸港
中国的烟花科技
中国的烟花科技真牛
中国的百家姓都是一家人
中国的记者们注意安全
中国看山东山东看菏泽
中国真好
中国科学家
中国科技城绵阳
中国科技城绵阳将进行2021元宵烟花预演
中国移动
中国移动 VoLTE 18:20 霍金
中国移动66体验所
中国立场
中国第一机器人
中国第一机器人跳舞
中国第一辆火星车
中国第一辆火星车——祝融号即将登陆火星
中国第六大富豪
中国籍
中国籍乘客
中国籍乘客报告
中国籍男女
中国籍男女遗弃婴儿事件
中国籍男女遗弃婴儿致死事件
中国精神中国力量
中国经济广播第一台
中国网
中国网友
中国网友的评论好暖心
中国网友评论
中国网友评论现象
中国网官方直播频道
中国网民
中国网直播
中国网直播发布账号
中国网资讯
中国联通
中国脊梁钟南山出征欧洲大情怀
中国航天科普传播成果之一
中国航天重要进展
中国航母战斗群将扩大
中国航空工业集团
中国航空工业集团员工
中国花100万美元买了加拿大龙卷风
中国花费100万美元购买加拿大龙卷风相关录像
中国蝗灾防治工作组
中国西藏
中国西藏一侧
中国西藏一部分
中国西藏登山协会
中国警察网
中国调集84艘巨型油轮直扑海湾全力抢油
中国象棋
中国赴巴灭蝗代表
中国赴意支援的四川医疗队
中国近年空难记录
中国铁路人的专业与担当
中国铁路成都局集团有限公司
中国防疫经验
中国霸气
中国青年报·中国青年网记者邱晨辉
中国青年网
中国领土
中国领土主权
中国领导
中国食政观察
中国首创
中国首次火星探测任务
中国驻印尼使馆
中国驻宋卡总领馆
中国驻日使馆
中国驻日本大使馆
中国驻泰国使领馆
中国驻泰国大使吕健
中国驻泰国大使馆
中国驻泰国大使馆临时代办
中国骄傲
中国骄傲情绪化留言
中国高考成绩
中国高铁站
中國
中國花100萬美元買了加拿大龍卷風
中國花100萬美元買了加拿大龍捲風
中外对比讨论
中外建筑质量对比
中外抗疫对比言论
中外抗疫表现
中央广播电视总台蒙古语
中央政法委官方新闻网站
中央政法委机关报
中央新闻网站
中央重点新闻网站
中央重点新闻网站联系方式
中学师生
中学语文教师
中学语文教师三尺讲台育桃李；资深文学青年万卷诗书写春秋
中学门口
中宁枸杞
中安视频
中小企业
中小河流洪水
中情局是CIA……FBI是联邦调查局
中情局是CIA联邦调查局是FBI
中新短视频
中新短视频发布者
中新网
中方
中方不承认印度非法设立的所谓拉达克中央直辖区
中方决定
中方坚决反对印度行为
中方坚决反对印方单方面改变现状
中方对遇难者表示哀悼
中方将暂停持有效中国签证、居留许可的外国人入境
中方将暂时停止外国人持目前有效来华签证和居留许可入境
中方暂停外国人入境政策
中方暂停持有效中国签证、居留许可的外国人入境
中方疫情防控工作
中方立场
中方立场之外
中方要求泰方继续扩大潜水搜救范围
中日双语
中枢神经系统
中枢神经系统受影响
中欧班列
中欧班列为中国首创并全世界唯我独有
中欧班列具有震撼性且唯我独有
中瑞热力
中秋微信红包有病毒
中秋期间勿开微信红包封面
中科院人员
中科院地球化学研究所
中科院王光力院士
中科院王光力院士研究强磁场
中纪委12388举报专线
中美应急能力对比叙事
中美应急能力对比吸引流量
中考
中职电竞学校有哪些
中草药材
中蒙
中蒙两国
中蒙友谊万古长存
中蒙友谊长存
中蒙双方
中蒙捐羊交接仪式
中蒙边境
中西文化对比
中视
中铁十八局集团
中铁建某局
中间层
中间层烧不着的就是真口罩
中间空位
中队辖区
中青年面临抚养子女负担
中青年面临赡养父母负担
中非伙伴关系
中非友谊不会被轻易破坏
中马两国互惠原则
丰华路
丰厚报酬给爆料者
丰富的面部表情
丰富面部表情
丰美路
临危不乱
临危不乱、守护学生的崇高形象
临危不惧
临危不惧、尽职守护学生的正面形象
临危回国
临安哪里？
临床应用
临床精准诊断的重要性
临时交通管制
临时交通管控
临时停车
临时停运
临时关闭
临时关闭园区
临时性而非永久性
临时改变行程
临时漂浮工具
临时牌照
临时闭园
临沂市人民政府
临沂日报
临沂财经频道官方抖音号
临沂费县人民医院附近
临沂高新技术产业开发区
临沐县
临沭县
临海
临海二桥避险
临海公安
临海公安救援联系电话
临海公安联系电话
临海古城
临海在台风利奇马期间的严重洪涝灾害
临海城区
临海城区内涝
临海城门外水位
临海大道朝阳路口
临海大部分地区
临海市
临海市古城
临海市排水系统
临海市政府
临海市灵江流域
临海市灾后救援
临海市灾情真实性
临海或发生超历史性大洪水
临海或发生超历史性大洪水 台风利奇马 浙江台风
临海挺住有舟出舟台风利奇马 浙江台风
临海灾情焦点地区
临海直击 |全城被淹的古城还好吗？
临海老城区
临海老城区积水
临海西门站
临海西门站将出现超历史性大洪水
临海西门站水位
临海重灾区
临潼分局交警大队
临潼发生交通事故3人死亡
临潼坍塌事故
临潼塌陷事故
临牌车辆上高速问题
临盆
临盆紧急状态
临街住户关闭窗户
临近春节注意消防安全
丹东天气信息
丹东烧烤文化
丹顶鹤的故乡
丹顶鹤：在不出来我就成烤鹤了
丹麦央行停止印钞
为中华之复兴而奋斗德为福基
为中国人点赞
为中国民警点赞
为中国点赞
为中国🇨🇳正能量发声
为中国🇨🇳科学家点赞
为了不和妻子说话这个老爷子装聋作哑62年
为了孩子的健康
为了家人与朋友的健康
为了挣钱也真是辛苦
为了搜救四肢受伤感染搜救犬贝贝你是我们的小英雄谢谢你泉州酒店坍塌 搜救犬 @抖音推送
为了省打车费
为了防止卫星抓拍甲方也是想尽办法
为人民发声
为人民教师点赞
为人民服务
为人民服务、为人民发声
为什么不早点开一个孔
为什么不跳窗自救
为什么中国人要待在美国？
为什么今天不要钱
为什么受伤的总是我们安徽
为什么故宫房顶不落鸟？
为什么时长50分钟却冠名正午30分呢？因为看30送20啊
为什么杀他一家人
为什么现在还有入境的
为什么要屠宰？不养起来？
为什么跳下来 一种胆量的挑战
为什么这么多粉丝没啥评论
为什么鸟不敢在故宫屋顶拉s
为他们点赞
为伟大的中国点赞
为伟大祖国感到自豪
为何一次违章要交两份罚单
为何不电话通知车主
为何不破窗强制处置
为何八天才打捞
为何未及时弃车逃生
为何消防员归来缺乏仪式感
为你们点赞
为你安家在郴州
为你我皆凡人
为你点赞
为你点赞大国的风范
为你牵你的手我牵我的狗忘却过往事独步天下走
为你若盛开 清风自来
为你赴汤蹈火
为你骄傲
为保九江城安全做出巨大牺牲生命才是最重要的
为保九江城安全鄱阳湖主动决堤数十万农田成为洪区
为假新闻
为全心全意为人民服务的民警点赞
为八位科学家点赞
为加快排水
为勇敢的小学生点赞👍最新发布
为医护人员点赞一岁幼童被异物卡喉医生紧急手术孩子成功脱险
为医护加油的评论
为华为点赞评论
为啥啊
为啥要防航拍？怕卫星拍到
为四川省高质量发展贡献铁投力量
为国为民为人类您永远在最危险的地方征战欧洲你一定要完完整整毫发无损的把钟老给我们还回来
为国争光
为土生土长的中国人
为外卖小哥点赞美团给大家发红包了
为大众安全请多转发雨天不可踩斑马线白漆面非常滑路人因踩上白漆面而滑倒后脑勺着地一分钟丧生急救
为大雁北归让路
为天地立心为万世开太平
为失踪儿童点赞祈福
为好心人
为好心老板点赞评论
为好邻居点赞
为安徽人民点赞
为家人健康
为小龙虾产地辩护的声音
为居民统一投保家庭意外险
为广州加油
为庆祝建国70周年9月将补发养老金每人352元
为应付考核而进行视觉伪装的操作
为当地公安点赞 公正客观
为待建项目
为您的质量生活先行一步
为您讲述山西风土人情带您领略三晋表里山河
为您讲述政法的那些事工作日每天直播庭审敬请关注
为我们中国白衣天使点赞
为我们诸暨警察点赞
为战争和远程作战所作的战略储备
为战胜癌疫点赞
为排除险情东部战区空军某部救援队连续奋战一昼夜
为摆拍
为摆拍或旧视频嫁接
为政府点赞
为救人者点赞
为救援战士点赞
为救援让出通道
为方便婴儿车乘客
为方便携带大件行李乘客
为方便轮椅使用者
为旧视频嫁接
为期一个月的纪律作风整顿
为期一个月的纪律作风整顿活动
为机场的决定点赞
为正义
为正能量发声
为武汉加油
为民警点赞[赞][赞][赞][爱心][爱心][爱心]
为江西祈福
为海外华人点赞
为消防员点赞
为火灾而非爆炸
为爱国学子点赞
为爱情殉情
为爱情而死
为爱情而死评论
为爱犬佩戴嘴套
为王某求情
为真人以反驳机器人说法
为真实发生的弃婴事件
为真实新闻
为真实新闻事件
为真新闻
为祖国点赞
为祖国骄傲
为空
为群众办实事 讲好中国法治故事 爆料：sdtvnkpd@163.com
为群众办实事讲好中国法治故事
为老不尊现象
为老人就医
为老板点赞
为英雄泪奔
为虚构情节
为虚构或夸大事实
为被警察杀害和伤害的非洲裔群体伸张正义
为西宁最美司机点赞
为要钱
为警察点赞
为警察蜀黍点赞
为贫困户上保险
为这些动物祈祷
为这些可爱的老师点赞
为这对恋人点赞
为这样的飞行员高超的驾驭技术点赞挽救了乘客几百条生命和公司损失值得表扬
为钟老点赞致敬
为防止珠峰大本营爆发新型冠状病毒中国西藏登山协会宣布关闭珠峰北坡通道
为面对危险心里却装着同学们的校长点赞
主人
主人委屈
主人实际负担能力
主人家人数
主人家所养
主作植保机械 塑料容器 良心商家 保质保量质量第一 助力三农发展 取之于民 用之于民 作公益志愿 常继东
主全收援
主动决堤
主动决堤决策
主动到派出所说明情况
主动参与援救
主动参与救援
主动接触外星人
主动施以援手
主动赠送一袋米
主动辟谣
主动逆行参与抗疫
主城区严重内涝
主持人
主持人✨ʚ春莹ɞ
主持人摔倒
主持人脖子
主播中心
主播说得对
主播说新闻：入境人员的防疫账理应算清
主流媒体
主流媒体、全国重点新闻网站
主流媒体报道
主流媒体本地原创权威发布
主流新媒体
主流舆论阵地
主演
主牌平师
主要事件
主要施暴者
主要燃烧物
主要责任
主观推测和情绪渲染
主观臆断
主页商品橱窗中的曾仕强相关书籍
主题
主题不一致
主题偏离
丽岙街道
丽岙街道一夜之间被大水淹没
丽岙街道现状的感叹
丽岙街道被大水淹没
举一反三
举一反三开展安全隐患排查整治
举世绝伦的最美风景线
举办时间
举报
举报交通违法
举报交通违法方式
举报常见交通违法行为
举报成功者
举报或警告
举报散布谣言
举报方式
举报有奖制度
举报有猴子拿了两个
举报渠道
举报电话
举报电话0519-110
举报邪教邮箱信息
义乌三挺路台风天仍有夜市出摊
义乌三挺路夜市
义乌三挺路夜市因台风遭受严重破坏
义无反顾逆行奔赴火场
之前的菜市场那里
乏力
乐天世界
乐天世界发布的视频
乐天世界跳楼机老年人都去玩旋转木马了ㅋㅋㅋㅋㅋ
乐山大佛
乐山大佛修复事件
乐山大佛修复后外观变化
乐山大佛变小鲜肉
乐山大佛变身小鲜肉
乐山大佛变身小鲜肉描述内容
乐山大佛整容
乐山大佛整容了明明是个老爷爷非要打扮成小鲜肉
乐山大佛整容等内容
乐山大佛经修复后外观焕新
乐山大佛胸腹部破损
乐山还要涨水
乐山还要涨水宜宾菜坝被淹
乐快手
乐果
乐果在特定作物上使用
乐观期待
乔巴
乔治·弗洛伊德
乔治·弗洛伊德之死
乔治·弗洛伊德事件
乔治·弗洛伊德死亡事件
乖巧坚强
乘务员
乘务员劝阻
乘坐K8499次列车
乘坐公共交通
乘坐直升机撒钱
乘客
乘客中医疗志愿者
乘客亲属
乘客人数
乘客受肺炎感染
乘客和机组人员
乘客固执不愿逃生
乘客安全
乘客安全转移
乘客实际行为
乘客家属
乘客恐慌
乘客悬挂在火车外部或坐在车顶免费乘车
乘客感受
乘客报警
乘客拍到无人机撞碎大客机侧翼
乘客拍到无人机撞碎民航客机侧翼
乘客无人生还
乘客有序换乘
乘客未及时发现司机异常并施救
乘客欲逃离被警察开枪射击
乘客生命安全
乘客积极参与救援
乘客行为
乘客都下去吧我不走了
乘机
乘机回国
乘船回国
乘船回家
乘船返乡
乘车座位
乘车途中
乘风破浪
乘风破浪会有时直挂公交济沧海
乘风破浪如船行驶
乘风破浪浪奔浪流的夸张表述
乘风破浪现象
乘风破浪的公交车
乘风破浪的叔叔阿姨
乘风破浪的叔叔阿姨们
乘风破浪的姐姐
乘飞机都不用检测吗
乙酰甲胺磷
乙酰甲胺磷在特定作物上使用
九万元
九万元停车费
九万大山四号隧道出口
九万大山隧道群
九个月大婴儿
九人
九人死亡十六人受伤
九人集体施暴应属黑恶势力行为
九仔夜宵档店主
九八年防洪设施
九兵团冰雕连
九头鸟
九孔全开泄洪
九寨沟县
九寨沟县漳扎片区河水
九寨沟县漳扎片区河水暴涨
九寨沟县漳扎片区道路
九寨沟景区
九寨沟景区临时关闭
九寨沟景区临时闭园
九寨沟景区临时闭园事件
九寨沟景区临时闭园的原因
九寨沟景区关闭
九寨沟景区因持续强降雨临时闭园新闻
九寨沟景区因泥石流临时关闭
九寨沟景区自8月1日起临时关闭
九寨沟景区门票全额退款 水位暴涨堤防决口干道中断景区临时关闭
九寨沟管理局
九寨沟风景名胜区管理局
九寨沟风景名胜区管理局官网
九寨沟风景还是挺好的
九年义务教育太重要了
九年建成
九曲黄河
九江
九江城
九江城地理位置相关
九江城市
九江多地
九江多地出现河堤决口
九江多地河堤决口
九江多地破坝
九江大小事
九江楼市
九江消防
九部门
九龙寺
乞求施舍
乞讨者
也不知道谁给大哥出的招改成绿色的能防卫星抓拍
也有分析指出
也有声音
也有声音指出
也没有啥爱好那就继续爱好赚钱吧
习友路
习建立
习建立之弟
习惯了
乡亲们种地不容易啊
乡政府
乡政府工作人员
乡村两级
乡村两级救援组织
乡村学校灾情
乡村振兴
乡村振兴战略
书包
书画艺术展屋
书白读了
书院路
买一个这样的老婆
买下日产车辆
买下来了是吗
买了个寂寞
买了千万保险
买彩票
买房不能买鞭炮厂附近
买房买车加彩礼18.8万结婚前夕女方再要10万彩礼
买房买车加彩礼18.8万结婚前夕女方又10万父亲的话令人心酸
买房先问少吃亏不后悔
买房安家
买肉
买菜时被人抱走
买车用麻将付钱 然后被打 原视频找不到了哈哈哈哈
乱一团
乱发
乱套了
乱扔垃圾行为
乱扔烟头
乱抽烟
乱收费争议
乱码
乱码与不完整信息
乱码内容
乱码字符
乱码或广告内容
乱码或识别错误内容
乱码文字内容
乱码现象
乳化反应釜
乳油
了姐涨姿势
了解权威信息看真实新闻故事
了解江苏 记录江苏 这里正江苏
争分夺秒、竭尽全力开展搜救
争吵
争执
争执后
争执并厮打
争执致城管队员左手多处切割伤商贩予以警告处罚城管队员予以行政拘留
争气
争议
争议性观点
争议性言辞
争议性讨论
事主
事主何某某
事主安全
事主平安
事件
事件不存在
事件与事实不符
事件严重性
事件中年轻乘客行为
事件为摆拍摄像
事件为旧闻
事件为消防演习
事件为翻炒旧闻
事件为贵州发生
事件主体
事件主体真实性
事件争议焦点
事件信息来源
事件全过程
事件共致
事件关注类评论
事件关键词
事件具体原因
事件具体情况
事件具体机制
事件内容
事件动作描述差异
事件动机是否为报复
事件原因
事件双方沟通协调
事件发布时间
事件发生于
事件发生于12月8日上午位于淄博高新区柳泉路与万杰路交叉口附近一处院内
事件发生于四川阿坝州
事件发生反转
事件发生后正在组织全力搜救
事件发生地
事件发生地不明确
事件发生地点
事件发生地真实性
事件发生时间
事件发生时间戳
事件发生的环境背景
事件可能是美团营销广告
事件可能涉及私人恩怨
事件后续
事件图片
事件地点
事件地点不实
事件地点描述
事件声称具体地点
事件声称发生城市
事件声称发生时间
事件处理
事件处理单位
事件处理结果
事件处置全过程
事件完整版视频
事件属实
事件巧合的感慨
事件已上报至市指挥部
事件已处理完毕
事件当事人
事件性质
事件性质为模拟训练
事件性质是否人为
事件持续时间
事件描述
事件描述内容
事件时效性
事件时间
事件时间与地点不符
事件时间疑问
事件是精心策划的表演
事件未发生
事件本身
事件标签
事件标题
事件核心现象
事件正在调查中
事件炒作网络推广
事件现场
事件现场情况
事件现场画面
事件现场视频
事件的荒诞性感知
事件相关信息发布时间的时间戳
事件相关关键词
事件真实发生
事件真实发生地为广东省肇庆市
事件真实地点
事件真实性
事件真实性存疑
事件真实经过
事件真相调查
事件类型
事件系长期积怨所致
事件细节
事件细节真实性怀疑
事件经过
事件联想
事件背后存在系统性矛盾
事件背景
事件背景宣称
事件虚构
事件视频
事件警示语
事件记录时间
事件证据
事件详情
事件调查
事件责任归属
事件起因
事件起因系送餐纠纷
事件轰动性
事件过程
事件通报
事件通报人
事先预设
事发具体地点
事发具体小区名称
事发区域
事发区域已设有器材使用说明和提示标识
事发区域有安全提示
事发原因
事发后
事发地
事发地为其原住地
事发地实为天津空港
事发地实为天津空港保税区
事发地标注错误
事发地点
事发地点在那里
事发地点是否为空港经济区
事发地点是否属哈尔滨市
事发地点是否阴森
事发地点的询问
事发地类型
事发地距邻居家不足百米
事发情况
事发时
事发时北京
事发时天空出现明显蓝光
事发时路口
事发时身处附近
事发时间
事发柳州6月3日中午某小区1名男子持刀伤人2人死亡
事发桥梁
事发水域设置围栏
事发海口1名男子今日凌晨坠楼身亡
事发海口一年轻女子因感情纠纷欲从25楼跳下
事发现场
事发瞬间监控视频
事发经过尚不明确
事发路段
事发路段路况较差
事发过程
事后处罚以示警戒
事后设宴答谢
事实
事实不一致
事实不清
事实不符
事实与情绪化表达
事实依据
事实偏差
事实准确性
事实准确性质疑
事实性偏差
事实性误差
事实描述
事实支持
事实无人抚养儿童
事实无人抚养儿童身份
事实无依据
事实明确
事实混乱
事实状态
事实确认
事实胜于雄辩
事实辨析
事实错误
事实陈述
事實依據
事實錯誤
事态严重性
事态发展
事情经过
事故
事故中
事故中幸存者及救援人员的祈愿
事故为演练
事故主因
事故仍在调查中
事故伤亡情况
事故伤亡统计
事故位置
事故作业类型
事故全部责任方
事故具体原因
事故具体地点
事故内容
事故原因
事故原因为天然气爆炸
事故原因为插线板短路引燃酒精蒸气
事故原因猜测
事故原因疑似黑车司机逆行且酒驾
事故原因调查
事故原因追问
事故及转账行为
事故发生
事故发生于成都至宜宾路段
事故发生后
事故发生当晚
事故发生时
事故发生时间
事故发生时间细节
事故可能成因推测
事故可能是碰瓷未遂
事故可能由硝酸铵引发
事故后
事故后果
事故后燃放鞭炮表示平安归去
事故后状态
事故后的公众建议
事故善后
事故善后及赔偿进展
事故善后处理工作领导小组
事故因山高坡陡、绳索断裂所致
事故地点
事故地点、现象和人员受伤信息
事故地点位于和平大道秦园路
事故地点是否靠近居民区
事故地理位置
事故处理时长
事故处置结果
事故导致
事故属个人行为
事故已造成1人死亡
事故已造成9人死亡
事故影响
事故性质
事故恐怖场景
事故情况
事故截至目前的死亡人数
事故扩大
事故报道
事故报道内容
事故报道正文内容
事故持续时间
事故描述内容
事故救援
事故救援内容
事故是否与加油站有关
事故最终造成9人死亡、4人受伤
事故末段声音
事故标题
事故次要责任
事故海域
事故现场
事故现场VR全景影像
事故现场剧烈碰撞瞬间
事故现场描述中
事故现场救援
事故现场暂未发现人员死亡
事故现场画面
事故现场监控拍下
事故现场视频
事故相关视频
事故真实性
事故类型
事故系小型越野客车与大巴车发生交通事故
事故细节
事故结果
事故视频
事故警示性标题
事故设备应为履带吊
事故诱因之一
事故调查
事故调查与善后处置工作
事故调查和应急处置工作
事故调查处置工作
事故调查委员会
事故调查工作
事故调查进程
事故责任
事故责任与赔偿问题
事故责任归属
事故路口
事故车辆
事故车辆信息
事故车辆车头
事故通报
事故造成
事故造成26名群众受伤
事故造成人员伤亡
事故造成多人伤亡
事故重要成因
事故黑匣子
事是真的但图片是去年的
二七广场
二七长江大桥
二七长江大桥附近
二三百至三四百名村民尾随哄抢
二三里资讯
二中我是15级的
二人
二人作案过程
二人行窃过程
二人被救起、仅受轻伤
二儿子
二十万元
二十万元彩礼
二十余年
二十家锁具企业技术顾问
二十年专业摄影师、导演
二度梅得主
二战时期失踪的轰炸机停在月球上
二战时期失踪的轰炸机被发现停在月球上
二战时期美军轰炸机出现在火星
二战轰炸机停在月球
二手车市场又要火了
二月13-12:48 PM
二月13·01:26 PM
二月9·05:45 PM
二机合一操作
二楼
二次伤害
二次侧翻
二次元大门打开
二次爆炸
二次爆炸导致消防车受损
二菜一汤6元餐食
二轮摩托车发生碰撞
二连浩特
二连浩特—扎门乌德口岸
二连浩特加工
二连浩特口岸
二连浩特口岸入境
二连浩特口岸入境中国
二连浩特隔离区
二连浩特隔离约10天
二道区
二道区居民
二零二零年二月五日
于12月19日
于1月23日
于2020年6月15日5时许
于2021年3月2日离世
于5月9日凌晨4时许
于当地时间27日下午
于成都市体育中心区域
于案件侦办过程中
于洁
于犯罪嫌疑人家庭
于该文本
亏先人
云上南阳
云上南阳App
云南一中学提供变质食物
云南一中学食堂食材变质
云南人不相信酒醉
云南众鑫诚餐饮公司
云南众鑫诚餐饮公司经营服务
云南众鑫诚餐饮管理有限公司威信分公司
云南众鑫诚餐饮管理有限公司威信分公司公开道歉
云南勐海县曼迈村委会
云南勐海县茶园
云南勐海象群饮酒醉倒茶园
云南威信一中食堂
云南威信一中食堂事件
云南威信一中食堂提供变质食物事件
云南威信中学被曝食堂食物变质调查结果公布新闻
云南威信中学食堂食物变质事件
云南彝良
云南彝良一逝者出殡时棺材滑落致多人摔倒
云南彝良农村地区
云南彝良出殡时棺材滑落致五人受伤
云南彝良村民土葬时棺材滚落致1死2伤
云南彝良村民土葬时棺材滚落致抬棺者1死2伤
云南彝良棺材滑落致1死2伤
云南怒江
云南怒江一轿车行驶中被巨石砸扁
云南怒江地区
云南怒江地区事故
云南怒江轿车被巨石砸中事件
云南文山警方
云南旱灾 安徽洪灾
云南昆明东川区
云南昆明东川区发生4.2级地震
云南昭通
云南昭通彝良县
云南昭通彝良县棺材意外滑落致多人受伤律师：若属雇佣或帮忙应赔偿
云南游客
云南特产
云南王秋婷
云南瑞丽
云南瑞丽疫情病毒
云南的大象牛逼了和云南人一样爱喝酒
云南省
云南省彝良县角奎镇
云南省昭通市威信县第一中学平桥校区
云南省昭通市彝良县角奎镇大河村
云南省玉溪市澄江市融媒体中心
云南省西双版纳州勐海县勐阿镇曼迈村委会扎别、曼倒村民小组
云庭审
云庭审方式审理案件
云彩
云彩形状与地图相似
云彩轮廓
云彩轮廓与中国版图相似描述
云朵整体轮廓
云瞰视频
云瞰视频发布的视频内容
云霄
互关互粉
互动
互动方式及投稿渠道
互动留言
互射导弹
互射烟花评论
互殴言论
互毁
互相撞击
互相理解万岁
互联网
互联网传奇
互联网公司
互联网大厂
互联网大厂或游戏公司
互联网并非法外之地
互联网新闻信息服务许可证
互联网新闻信息服务许可证51120170004
互联网新闻信息服务许可证编号
互联网新闻信息服务许可证编号51120170001
互联网新闻信息服务许可证编号51120170002
互联网新闻信息服务许可证编号51120180011
互联网新闻信息服务许可证：51120170004
互联网时代
互联网时代若不改变将无路可走
互联网资讯
互赞
互道早安晚安
五一小长假前夕四川江油下冰雹
五交化经营部
五人受伤
五人被埋
五人遇难
五六百斤
五分钟
五分钟的表演购票近达四小时
五十多个国家和地区
五千万元
五千万赔偿或致物业公司破产
五千元
五千年看山西
五华区政府办
五单合计可能收入
五单若全部超时
五名
五名人员
五名涉案人员
五块钱一斤有多少我要多少
五堰南街口献血屋
五家渠猛进水库周边
五岁
五年
五年级数学老师❤️ 小学班主任✨✨
五无甘南创建活动
五无甘南创建行动
五日
五旬男子偷情被拦屋内跳窗身亡事件
五星红旗
五昨炎上午
五昼夜
五林口粮社 全媒体
五桥派出所证明
五楼
五楼发生火灾女子跳窗逃生被困空调外机消防员合力将其救回室内
五正星工
五湖四海的朋友
五百人
五菱
五菱宏光
五菱宏光弹射起步？？？
五菱神车
五角大楼
五角大楼不再隐瞒即将公布秘密档案：UFO真是外星飞船来地球？
五角大楼公布UFO视频这真的是外星人存在的证据吗？
五角大楼公布的UFO视频
五角大楼公布的UFO视频是外星人存在的证据
五角大楼发布3段ufo视频
五角大楼官方发布三段UFO视频
五角大楼将公布与UFO相关的秘密档案
五角大楼机密报告曝光：UFO或由外星人操作任意穿梭海空
五角大楼预算问题
五角钱
五辆货车连环燃烧
五辆车辆
五道口·宏楠
五道口·宏楠之死
五道口宏楠
井下因堵塞积聚沼气
井伯洋
井内为何会有沼气
井内沼气
井内积聚的沼气
井冈山市融媒体中心
井然有序
井盖
井盖旁
井盖炸飞
井盖炸飞事件
井盖爆炸飞起
井盖被冲起
井盖被炸飞
井盖设置透气孔
井里的老鼠算是倒血霉了
亚洲企业家
亚洲最佳冰球城市
亚洲第一高木塔
亚洲象抵达勐海县勐阿镇事件
亚洲象群
亚硝酸盐国家标准限量值
亚美利亚与阿塞拜疆战斗激烈
亚美利亚应为亚美尼亚
亚美尼亚
亚美尼亚22岁女子
亚美尼亚一名22岁女子
亚美尼亚与阿塞拜疆冲突
亚美尼亚与阿塞拜疆战斗激烈
亚美尼亚与阿塞拜疆爆发军事冲突
亚美尼亚交战
亚美尼亚卫生部
亚美尼亚卫生部首席眼科医生
亚美尼亚和阿塞拜疆打仗
亚美尼亚地面防空系统
亚美尼亚外长
亚美尼亚女子眼中流出水晶事件
亚美尼亚当地医院
亚美尼亚接壤
亚裔女生遭加拿大警察暴力执法：踩头杀
交不交智商税？走去瞅瞅
交个朋友
交友不慎注意安全
交战
交接仪式
交接地点之一
交易助手通知
交汇点新闻
交火持续近20分钟
交管12123 APP
交管12123APP报名
交警
交警下跪表达感激
交警为民服务的担当精神
交警众多
交警已经澄清了 这是假的
交警应现场指挥
交警执法者自身违法
交警执法要求
交警执法错误所致
交警抱着昏迷孩子狂奔送医孩子父亲下跪致谢
交警抱着突发疾病昏迷的孩子就医父亲下跪致谢
交警检查
交警正能量
交警编号059
交警自身违法被群众现场监督
交警警告后
交警调查发现
交警调查后认定
交警贴单加发提示地图
交警跪地救助老人
交警追击全过程
交警部门
交通
交通1061
交通不便
交通严重拥堵
交通中断
交通事故
交通事故中的涉事车辆
交通事故事件
交通事故伤亡
交通事故引发的车辆起火
交通事故或斗殴
交通事故逃逸行为
交通信号灯通行
交通冲卡事故
交通大家谈 违章行为 🚥
交通安全
交通安全 信阳
交通安全 油罐车侧翻起火前车内监控曝光司机竟然在车上玩手机嗑瓜子
交通安全意识
交通安全提示
交通安全责任归属
交通安全问题
交通安全隐患
交通广播
交通建设
交通异常
交通执法关注重点
交通拥堵
交通拥堵和汽车出行不便
交通暂时中断
交通服务几乎全面停摆
交通法规
交通法规定义
交通监控记录地点
交通管制
交通系统
交通规则执行公平性
交通设施受损
交通违法、不文明行为及维权请私信我要曝光 小编等你💪💪💪
交通违法、不文明行为及维权请私信我要曝光小编等你💪💪💪
交通违法行为
交通违法行为描述
交通违法记录
交通违法通知
交通违法随手拍有奖举报制度
交通违章行为
交通部门
交通配套建设
交通问题
亦有震感
产品实用性
产品已售罄
产品掺假疑云
产品编号
产品质量不满
产生丰富想象
产生对儿童患者的同情与担忧
享受免费乘车政策的人员资格
享受全球化便利者
享年76岁
京山孙桥交通事故
京山孙桥发生一起交通事故造成4死2伤
京通快速公路
京通快速公路八里桥收费站前
亮出你的观点
亲人某日突然归来
亲历险情
亲友
亲子体验
亲子关系失和
亲子关系问题有关
亲子教育 奥特曼 带娃外出要看牢别让孩子走丢
亲家
亲家17口人
亲家17口人年前赴湖北荆州探亲
亲家3只鸭
亲家3头猪
亲家40天
亲家8口人
亲家8只鸡
亲家中
亲家你啥时候回去啊😅😅疫情@DOU+小助手 @抖音小助手
亲家关系还是挺好的
亲家养的3只鸭
亲家养的家禽
亲家囤的几百斤大米养的猪鸭鸡
亲家夫妇
亲家夫妇睡卫生间门口四十多天
亲家的30多只鸭
亲家的3头猪
亲家的8只鸡
亲家饲养
亲家饲养的30多只鸭
亲家饲养的3头猪
亲家饲养的8只鸡
亲密伙伴
亲属
亲属关系证明
亲属居住地临近事发区域
亲属照顾
亲戚
亲戚尴尬话题
亲戚是否应给生活费
亲戚结婚照掉落
亲戚间是否应分担费用
亲清在线平台
亲自问诊9岁过敏男孩
亲身经历
亲身经历声称
亲身经历过类似灵异现象
人与猪最大的区别就是猪永远是猪而人有的时候却不是人了
人与自然和谐共处
人与自然和谐共处的美好
人与野生动物生存空间冲突加剧
人为因素
人为导致的自然现象
人为恶作剧所致
人为拼接或机器生成内容
人为操作导致
人为操控
人为杂物
人为涂抹过量润滑剂造成
人为添加的化学物质
人为渲染
人为纵火
人为蓄意淹没
人为蓄洪决策
人为调高图像饱和度
人为财死 贪得命都没了
人为财死鸟为食来
人为造成说法
人为道具或伪装
人人平等别带色眼镜看人
人人爱八卦良叔替你抓事件 + 评点浓缩的精华
人人都爱的人民币停产了
人们不敢做好事的重要原因
人们只是减少出行几天时间大自然就让我们见识到如此大的变化
人们濒死的惨叫声
人们珍惜考拉
人体长角现象
人口密集区
人听到老虎声音
人员与物资
人员伤亡
人员伤亡与失踪
人员伤亡与社会情绪反应
人员伤亡情况
人员伤亡报告
人员伤亡数字
人员伤亡风险
人员受伤
人员受伤事故
人员因踩斑马线白漆面发生意外身亡
人员坠落可能性
人员坠落而非车辆
人员外出
人员安全
人员安危
人员密度大
人员怎么样
人员拥堵
人员数量问题
人员死亡
人员死亡情况
人员死亡报告
人员被困
人员被甩出
人员陷入泥潭
人员陷入泥潭事件
人命如草芥
人在前面飞魂在后面追
人在国外保护好自己歧视永远存在
人在大堤在空军某部15名党员率先跳入水中封堵管涌好样的抗洪子弟兵
人在天上飞魂在后面追
人均寿命120岁
人均寿命达120岁
人多力量大
人多力量大善良的人能干大事
人太多根本管不住
人家一万多一个月也是靠劳动赚来的
人家可能有困难必需戴口罩
人家媒体已经辟谣了
人工呼吸机
人工呼吸机数量不足
人工呼吸机数量有限
人工智能
人工智能产生自我意识
人工智能发展
人工智能取代人类
人工智能安全问题
人工智能将发展出自我意识
人工智能将毁灭人类
人工智能将毁灭人类的临终警告
人工智能的发展
人工繁殖保护考拉
人工降水辅助灭火
人心惶惶
人性极限
人性灭绝与法西斯反动统治
人性的弱点
人手进行救援
人才
人才[赞]
人才、就业、社保政策咨询
人才外流
人才评论
人扮演的
人把什么也别放心里
人救上来没？
人文关怀
人有情
人民公安
人民关心的事都是我们的事
人民子弟兵
人民子弟兵是最可爱的人
人民子弟兵是真正的明星
人民子弟兵辛苦了
人民币5000元
人民币一万五千元
人民币五千元
人民币停产
人民币停产的调侃
人民币停产的质疑
人民币停产的隐射调侃
人民币停产相关假新闻内容
人民币停产真实性的质疑
人民币被吹散
人民教师
人民数据（国家大数据灾备中心）
人民新闻
人民日报
人民日报健康客户端
人民日报客户端记者孙广勇报道
人民日报海外版-海外网
人民日报社人民论坛杂志社官方账号
人民日款旅游客户端
人民法院裁决
人民的好警察
人民的生命保护神
人民网
人民网-人民数据（国家大数据灾备中心）
人民网江苏频道
人民群众
人民群众生命安全
人民视讯
人民视讯官方账号
人民视频
人民视频账号信息
人民警察为人民的温暖警民情
人民警察依法执行职务
人民警察的责任与担当
人气明星都做的机构
人没事吧
人没事就好
人没事就是万幸
人没事就是万幸愿世界没有灾难
人没事就是最好结果
人流血情况
人满为患
人物
人物不符
人生哪能多如意万事只求半称心
人生如戏戏如人生啊
人生如梦我总失眠；人生如戏我总穿帮；人生如歌我总跑调；人生如战场我总走火我就是我不一样的烟火
人生意义与价值体现
人生🈶️多苦都需要自己来承受只有自己强大己付出努力才能感觉幸福
人的一生其实很短与其在渴求中身心疲惫不如在知足中过好一生以前想要是因为不懂后来不需要是因为看懂
人的生命是那么脆弱
人的生命是那么脆弱且行且珍惜
人算不如天算
人类
人类不要主动联系外星文明
人类与自然的和谐之歌
人类丢弃食物
人类位置
人类低估
人类占用了鸿雁的天空
人类因痛感和情感成为相对于机器的弱点
人类大脑难以理解其运作方式
人类对地球的影响
人类对自然有害
人类尊重与保护鸟类
人类尊重与保护鸟类和自然
人类尊重候鸟
人类应反思对自然的破坏
人类应反省自身行为
人类成为地球新主人
人类才是地球最大的污染源
人类才是地球的病毒
人类才是病毒新冠是地球抑制人类的一颗胶囊
人类拥有她所不具备的某些特质
人类文明
人类文明暴露于危险之中
人类是地球的病毒
人类是地球的祸害
人类更像是地球寄生虫
人类最忠实的伙伴
人类活动与生态环境关系
人类活动与自然灾害关系
人类活动减少对自然影响
人类活动破坏自然的反思
人类濒死反应
人类灭亡
人类现有科技解释
人类看的多了看看动物动物
人类第一次用视频记录地壳运动
人类第一次用视频记录看到地壳运动
人类若能回到过去改变历史
人类血肉之躯
人类被取代
人类认知
人类重返石器时代
人类隔离才几天河水清了空气好了连动物都回来了
人类隔离期间游人减少
人类需要大自然大自然不需要人类
人类首次可视化的地壳运动
人类首次用视频记录地壳运动
人网 江苏
人群
人群密集场所
人脸抓拍由北向南
人脸识别系统查找
人脸识别系统查找请求
人虎共存安全
人虎冲突
人虎冲突应急预案
人行道旁
人质
人质安全解救、嫌疑人被控制
人贩子
人贩子人人可恨
人赃俱获 干得漂亮 警察故事
人身上
人身安全
人还活着吗
人还活着吗疑问
人这一辈子怎么都是过与其皱眉头不如偷着乐……苦辣酸甜都尝过才算没白活
人造产品
人造反重力飞行器攻击事件
人道主义、紧急经贸科技活动等可申请签证
人道主义需求者
人道关怀
人都死了她说开枪打警察？我是杠精
人都沉下去了才跳下去救人
人都没事就好
人间冷暖情
人间地狱美国新冠患者集体跳海自杀
人间很值得因为浙里美
人间有真情
人间正道是沧桑
人间盛景极其珍贵、难得一见
人间真有这么痴情的男子吗？
人间真有这么痴情的男子吗？有不多鹅就是其中之一
人间非净土各有各的苦同是红尘悲伤客莫笑谁是可怜人
人需要一点正义社会需要一点正能量
人非商品、何须说明
亿万富翁
亿丰公司
亿丰商城投资问题
亿丰商城运营方
什么原因哟
什么原因？
什么原理为啥会爆炸
什么叫弹射起步
什么妖怪？
什么妖怪？三峡大坝@抖音小助手
什么工程质量刮一下就塌了
什么情况
什么情况？
什么情况？评论
什么时候
什么时候才能正常运行
什么时候来台风
什么时候的事
什么时候评论
什么是弹射起步？
什么样的爱情才配得上这样的拥抱
什么法律法规规定？
什么游戏？
什么游戏？评论
什么车
什么都能做到
什么鬼操作
什邡
仁寿
仁慈号
仁慈号医院船
仅34%的非洲家庭
仅一步之遥
仅作为辅助工具使用
仅允许重症晚期患者在严格隔离下与亲人告别
仅凭地方一纸文件开征房地产税
仅剩下
仅剩两天
仅受轻伤
仅头部露出水面
仅头部露在泥潭外
仅扣6分罚200
仅持外交、公务、礼遇、C字签证人员不受影响
仅持有百草枯母药生产许可及仅供境外使用农药登记的生产企业方可生产百草枯产品
仅有人受伤
仅用于运输捐赠物品
仅留下几只下蛋的鸡
仅盗走车轮事件
仅穿秋裤且未穿袜子
仅轻微受伤
仇恨犯罪行为
仇恨言论
仇某
仇某砍伤
今后游客
今夜
今夜的雨一直下越来越大……
今天上午
今天上午张家界新安村学校受灾师生已安全撤离无人员伤亡
今天上午杭州西湖断桥边的突发事件正在等待增援
今天丽江的朋友圈被玉龙雪山刷屏
今天也在努力卖报纸鸭
今天二桥有人轻生
今天做包子吃洗面盆的时候发现面粉里面有胶像口香糖一样
今天刚做完
今天吗
今天在一起明天不一定能在一起
今天天津一哥们儿在自己衣服上喷了酒精消毒水后开车抽烟点火🔥砰的一声人没了
今天开通了
今天我才听懂这首歌
今天拍点啥
今天早上广州机场所有飞机停飞为北回的大雁让路
今天早上广州机场飞机停飞为北回的大雁让路
今天晚上12点到3点
今天武安309段一个大货车撞了两个小孩
今天武安309段一个大货车撞了两个小孩伤亡不详
今天看到飞机转圈
今天还在考虑开车还是继续开塔吊希望大家都平平安安的
今天都几号了
今天雨中的你都是勇士
今年4号台风黑格比
今年7月
今年EB流感肆虐
今年不平凡
今年元旦上海仅出生7个宝宝
今年发生各种离奇事件
今年夏天
今年多灾多难
今年太难受.这大红水.
今年怎么了太不平凡
今年春节你回家吗
今年是怎么了
今年是怎么回事了走路的不安全啥子路哟
今年是灾难最多的一年
今年比白菜还白菜的价格
今年湖北太难了 加油平安
今年灾难连连希望天下人平安
今年猪肉本来就贵还搞这么一出
今年第19号台风海贝思当地时间10月12日上午逼近日本沿海给日本多个地区造成严重破坏
今年能保命真的很幸运
今年腊月二十八
今年防汛形势严峻
今日
今日 芜湖 生活频道 橙视频
今日印度
今日头条
今日头条搜索
今日头条极速版
今日头条正文
今日头条自媒体
今日期北 HUBEITODAY.COM.CN
今日榆林山体滑坡瞬间被拍黄土倾泻而下
今日正式通车
今日正式通车表述
今日热播榜
今日益阳 网友来信
今日遭遇大火焚毁
今早广州机场所有飞机停飞为北回的大雁让路
今早恩施州建始县城因大雨被淹@DOU+小助手
今晚七点左右
今晚不买
今晚十点后全城消毒模式已开启：西安市今晚开始喷撒高浓度消毒液
介入调查
仍具球技
仍在持续进行中
仍在深入调查中
仍在调查中
仍在进行中
仍显不足
仍有人陆续赶来
仍未完全脱离危险
仍未扑灭
仍未找到
仍继续输出信息
从2020年7月12日晚至7月13日17时
从25楼跳下
从30楼坠亡
从53.5万人次至203.8万人次
从7层被追砍至6层
从不畏艰险
从业人员培训
从业条件
从事企业管理咨询、商业模式设计、营销策划等服务的商务人士
从事化妆品贸易十几年致力于为人类增添美丽
从事工业漆生产与销售一体的厂家
从事消防相关工作的网友
从事离型纸等材料生产
从事装修设计施工15年的从业者
从二楼窗口跳下逃生
从二楼窗户跳下
从五楼
从优
从传统农耕渔猎向现代化就业
从北极方向发射巨浪-3
从医院四楼跳下轻生
从哪里领钱
从外面开始真的有恐怖
从天而降的折叠刀
从宁波开往温州
从安徽买了一幢楼房已漂流至南京
从安徽买了一幢楼房现已飘到南京现价2万/平今晚不买就直奔上海卖5万
从安徽买了一幢楼房现已飘到南京现价2万一平今晚你们不买过了南京就直奔上海卖5万了
从安徽买了一幢楼房现已飘到南京现价3万一平今晚不买就直奔上海卖7万
从安徽买了一幢楼房现马上就到南京倒计时30秒马上就到南京现价2万一平过了南京就直奔上海卖5万了
从家到小区地铁口的路直接劝退
从教学楼四楼跳下
从未听说该政策
从杭州乘车前往绍兴
从桥上放下吊索的方式
从桥面坠落
从湾区看世界
从珠江看湾区 从湾区看世界
从眼中取出晶体
从窗户跳下
从窗户跳下逃生
从西伯利亚南迁
从规划设计到售后的一站式服务
从过关到入住隔离酒店
从这里看北京爱这座城
从重处罚
从问题出发避免类似情况
从附近悬崖跃下致死
从雅加达起飞后不久
从高层住处抛掷垃圾
从高空坠落
仓地马
仓库
仓库建筑结构
仓库火灾
仓库火灾事故
仓库火灾事故中
仓库焊接作业
仓库起火事故
他人
他人人身权利
他人人身自由
他人从上方扔下
他人保时捷
他人发生冲突
他人安全
他人建议
他人财产权利
他人高铁座位
他们可能以为是现场效果
他们回国啦一定要让孩子们知道这才是真正值得追捧的明星国有难召必回战必胜
他们好运
他们搞了个应急演练2小时搭建移动方舱隔离病房
他们来了 广州加油
他关注了你
他哭的是努力与坚持
他国导弹试验影像
他在渡劫成仙
他才十九岁多好的年纪
他是专业搞笑的
他是去钓鱼知道不
他有两只圆圆的眼睛还有鼻子重要的是还有刘海
他杀
他杀可能
他正在渡劫
他直接冲冲过去了
他真的抓到了
他确实流浪很多年了肯定不是团队操作有真才华
他还是个孩子
他这句话说的挺在理的
他都那么大岁数了为什么还让他去那么危险的地方？评论
付某某
付某某、车某某及一名陌生男子围殴
付款方式尝试
仙人掌
仙人掌虽然没有牡丹那样美丽华贵也不及玫瑰的绚丽多彩更不像茉莉香飘十里可是我喜欢仙人掌它索取很少贡献却很多就是那种只求付出不求回报的精神
仙女
仙游县公安局
代易
代某
代某、李某
代表中国参加美国学术论坛荣获第一
代表性观点
代表性言论
代达罗斯撞击坑
代驾收入
代驾职业现实
令人动容
令人心碎
令人心碎的话语
令人惊恐
令人揪心
令人痛心惋惜
令人背后发凉的解释
以一抵万
以临时降低污染物数据
以为撞车啦
以事实说话
以便排水
以保护现场
以儆效尤
以前打仗时候玉林就有机场
以前摘橘子要罚款
以前还有鳡鱼现在都没了
以危险方法危害公共安全罪
以后不敢走亲戚了
以后买车要买水陆两栖的
以后别去寺庙了不如买排骨
以后可以在自己玉林机场坐飞机了
以后看见偷情能追吗？法律常识
以后碰瓷的会越来越多
以后能提前通知
以后要亲自洗碗
以后请叫我王总
以后还是气改电安全
以应对台风影响
以往暴力伤医行为
以恬淡的模样经历烟雨尘风的袭击还原初时的自己
以我为媒传您美名相信声音的力量
以暴制暴
以暴制暴是否合理
以暴止暴无法外之地警察英雄本色阳光禽业海兰罗曼红粉系列精品蛋雏苗
以杠会友
以杠会友 账号发布
以杠会友团队
以杠会友广交朋友用小视频记录北京以杠会友健身交流大会的精彩瞬间分享身边健身达人的绝活神技宣传以杠会友团队祝愿团队名扬天下
以求入狱
以泡沫充数的做法
以泡沫充数的欺诈行为
以猎奇体验吸引流量的营销式假新闻
以现金买下对方车辆
以真实灾害场景呈现
以真新闻为引、散布误导性信息的内容
以米粒之珠讲述大义真情 / 讲述大千世界之美
以维持咽喉湿润
以色列导弹
以色列或美国所为
以观点鲜明的风格进行社会评论
以讹传讹和视觉误导
以讹传讹的虚假安全警示信息
以证明自身健康
以质量求生存以诚信求发展
以遏制病毒传播
以重逢见人生
以防意外
以雷霆击碎黑暗
以青春之我奉献青春之中国投稿：tianjinznl@163.comwx:tiege9
仪陇县融媒体中心
仪陇县融媒体中心官方快手号
仪陇是否设站
仪陇站
仲夏的弯月
价值30余万元的油菜
价值7000元的钻石首饰
价格
价格类比
价格虚高
任何事情总有答案与其烦恼不如顺其自然
任何人网上求助
任何人都有自己现在权利
任何医学共识
任何单位和个人进入珠峰国家级自然保护区绒布寺以上核心区旅游
任何官方通报
任何建起来的墙都会很快被推倒
任何形式的暴力均不可接受
任何手机能完全脱离运营商实现免费通话和上网
任何探险队在珠峰北侧攀登
任何法律效力
任何航空事故应对案例
任何评论
任何针对特定人群的差异性做法
任性行为
任涛
仿佛灾难大片佛山一物流园仓库突发大火 现场火光四射
仿生机器人老婆
仿生机器人老婆智慧与能力
企业主要负责人
企业主要责任人
企业信息平台数据
企业和单位要做好日常的消防安全管理工作
企业强势现象
企业成本
企业招聘倾向
企业法律顾问
企业负责人
企事业单位
企图偷渡到欧洲的人员
企图迫使前男友现身
企鹅
企鹅步态
伊斯兰堡
伊斯兰堡自然历史博物馆附近
伊方山头
伊春天气
伊朗
伊朗交界处
伊朗人
伊朗人可远观的战场场景
伊朗人围观战争
伊朗人围观战争场景
伊朗人围观战事
伊朗人民日常娱乐
伊朗人民日常娱乐是站在山头观看阿塞拜疆和亚美尼亚交战
伊朗人爬山上观看亚美尼亚与阿塞拜疆的战争场面
伊朗人站在山上看亚阿战争现场
伊朗人站在山头上看
伊朗人站在山头上看战事
伊朗人站在山头上看阿塞拜疆和亚亚美尼亚两个国家打仗
伊朗人站在山头上看阿塞拜疆和亚美尼亚两个国家打仗
伊朗人站在山头上观看战争
伊朗人站在山头看阿塞拜疆和亚美尼亚人打仗
伊朗人站在山头观看阿塞拜疆和亚美尼亚两国交战
伊朗人观看两国交战
伊朗人观看战争场面的行为描述
伊朗人观看战争如同看烟花表演
伊朗人观看行为
伊朗人观看阿塞拜疆和亚美尼亚交战
伊朗人集体观战
伊朗吃瓜民众山头看亚美尼亚和阿塞拜疆冲突交火
伊朗吃瓜民众山头观看阿塞拜疆和亚美尼亚冲突交火
伊朗吃瓜群众
伊朗国家电视台
伊朗国家通讯社
伊朗国防部研究与创新组织负责人
伊朗地震
伊朗媒体
伊朗居民
伊朗居民站在山上看亚美尼亚和阿塞拜疆互欧
伊朗德黑兰
伊朗接壤
伊朗方面
伊朗核武器项目重要负责人
伊朗核科学家
伊朗核科学家莫森·法赫里扎德
伊朗核科学家遭暗杀 车内视频曝光
伊朗核科学家遭暗杀车内视频曝光
伊朗核计划之父
伊朗民众
伊朗民众围观炮火如同观看烟花
伊朗民众围观阿塞拜疆与亚美尼亚交战
伊朗民众在伊方山头上观看两国炮战
伊朗民众坐在山头看战争炮火
伊朗民众爬上山头看阿亚战争
伊朗民众现场观看阿塞拜疆和亚美尼亚打仗
伊朗民众集体观战
伊朗群众观赏战争如同看烟花
伊朗著名核科学家遭伏击死亡
伊朗西北部
伊朗边境附近
伊朗边境附近山区
伊朗革命卫队指挥官
伊朗顶级核物理学家
伊朗顶级核物理学家车内遇袭身亡现场细节曝光
伊朗顶级核科学家穆赫森·法赫里扎德
伊朗顶级核科学家被暗杀座驾被炸后遭扫射车内恐怖画面曝光
伊朗顶级核科学家遭暗杀事件描述
伊朗首席核科学家
伊朗首席核科学家穆赫森·法赫里扎德
伊朗首席核科学家遭暗杀细节：货车引爆炸药车内画面曝光
伊朗高级核科学家
伊朗高级核科学家遭暗杀 车内画面曝光
伊朗高级核科学家遭暗杀事件
伊朗高级核科学家遭暗杀身亡
伊朗高级核科学家遭暗杀身亡事件
伊朗高级核科学家遭暗杀车内视频曝光
伍某
伍某抢夺案
伍某斌
伍某斌未果
伍某有期徒刑2年8个月
伍某未来处境
伍某的行为动机
伍某行为动机
休假战士
休息时间
休斯敦
休斯敦Holcombe医疗器械商店
休斯敦市民
休斯敦民众抢购N95口罩事件
休斯敦民众抢购口罩事件
休闲
众人
众人围观
众多网友
众志成城口 防汛救灾 特国 IM 特别报道
众志成城战胜困难
众志成城抗击投情
众志成城抗击疫情
众志成城：抗击设情
优先通行权
优博圣特拉慕羊奶粉
优惠价格
优惠政策
优秀班主任
优美
优酷
会下蛋的母鸡
会员姐姐注重生活品质
会回来的
会好起来
会好起来的加油吧情绪性留言
会心一笑 生活频道
会滑
会计
会计不掌握点干货怎么干活
会计专业不等于只能算账
会计人以后可以在家办公
会计等于算账
伟大的蒙古国人民谢谢
伟大祖国的热爱
传寄正能量打击拐卖妇女儿童犯罪分子
传承手工菜拒用半成品一分价格一分货巴适满堂美蛙鱼头火锅店如皋第一家美蛙鱼头……
传播
传播上述内容
传播不实信息
传播不实信息的假新闻
传播丝路文化 汇集天下资讯
传播中国 影响世界
传播中的假新闻
传播假新闻
传播南阳好声音
传播南阳好声音传递南阳正能量
传播宕昌声音
传播广泛的情感动员式假新闻
传播广泛的社会类假新闻
传播广泛的虚假信息
传播效果较差
传播文明交通正能量
传播新闻资讯 纪录莒地生活欢迎关注投稿
传播未经证实的虚假信息
传播正能量
传播正能量 大爱最美中华
传播正能量 大爱最美中华（原创内容未经授权请勿转载）
传播正能量 温暖你我他 欢迎爆料感谢关注求助帮忙爆料请先关注并添加VX：hntvpynews 注明：时间+地点+事件+联系电话 招募拍客作品发送至hntvpynews@163.com
传播正能量 直播新时代
传播正能量、树立爱国情怀
传播正能量大爱最美中华（原创内容未经授权请勿转载）
传播正能量把好的视频分享给大家谢谢朋友们支持和关注
传播正能量每天不重样
传播正能量温暖一座城文明兰州你我共建
传播正能量直播新时代
传播河南正能量资讯
传播法律知识
传播法律知识弘扬法律精神关注主播不迷路
传播法治声音 弘扬社会正气
传播法治声音弘扬社会正义
传播法治好声音弘扬社会正能量
传播法治正能量
传播消防正能量的肃哥投稿邮箱：gsxfxcc@qq.com
传播社会正能量
传播科学之真艺术之美人文之爱
传播菏泽本地资讯
传播虚假信息的假新闻
传播行为属制造假新闻
传播该信息
传播误导信息的假新闻
传播误导性信息
传播误导性信息的假新闻
传时代声音 听民声表达
传染病防控要求
传男不传女的保密传统
传统习俗与家庭关系
传统习俗驱除病魔
传统演员
传统观念陋习
传统项目得心应手
传统项目得心应手言论
传说中的鲛人泪？
传达至所有群组
传递东莞好声音传播社会正能量
传递信息 呈现精彩
传递全球热点（投稿邮箱：ngc348@163.com）
传递南阳正能量
传递广西好声音传播社会正能量
传递政法好声音弘扬社会正能量
传递有价值的信息
传递有温度的声音 奉献有价值的内容
传递正能量
传递正能量 感动 致敬
传递正能量分享快乐中国加油
传递正能量普及交通法规曝光违法案例发布交通出行小技巧关注我们共同进步
传递正能量讲述鞍山人自己的故事
传递正能量账号信息
传递法治声音唱响正能量旋律
传递真实新闻故事
传递能量
传递西安温度
伤了人毁了车
伤亡
伤亡事件频发
伤亡人员关联信息讨论
伤亡人数与事故情形不符
伤亡情况
伤亡情况暂不清楚
伤亡情况暂未明确
伤亡情况未知
伤亡状况
伤亡者
伤人行为
伤势严重
伤医事件
伤医行为
伤员
伤员救治
伤员救治工作
伤害人质
伤情可能性
伤情基本稳定
伤情真实原因
伤者
伤者为工作人员
伤者仅为嘴唇破损
伤者后续救治情况
伤者平安
伤者李某和赵某
伤者进行救治
伦佳
伦巴第大区
伦巴第大区多个城市
伦巴第大区福利会委员
伦敦
伦敦反种族主义抗议
伦敦大学可持续遗产保护专业
伦敦市中心特拉法加广场
伦敦帝国理工学院
伦敦帝国理工学院数据模型
伦敦帝国理工学院模型
伦敦抗议报道中
伦敦抗议活动
伦理反思
伦理问题
伪科学说法
伪科普内容
伪科普叙事
伪装
伪装绿化现象在全国多地普遍存在
伪装财力
伪造
伪造党委会会议纪要
伪造内容
伪造文件
伪造视频画面
估计是想进去免费食宿
估计第一名也高兴不起来
伴有大量黑烟
伸手求抱抱
似船行驶
但与事实不符
但与正文事实不符
但事件为真
但信息混乱
但停车线尚未清除
但内容不符
但内容为虚假信息
但回不去
但图像未公开
但实为创意广告
但已无生命体征
但引发广泛传播
但愿无人员伤亡
但愿日子清净抬头遇见的都是柔情
但愿没人受伤
但愿没有伤亡
但文中未提及
但无事实依据
但无法成行
但无生命危险
但无直接关联
但是他已经死了
但未行动
但未证实当时有大规模交战被伊朗民众围观
但未证实集中采购行动
但正文中未明确证实
但离开
但经核实为假新闻
但脱离具体语境
但行好事 真诚待人😊😊
但评论为空列表
低估
低俗视频
低头使用手机
低洼地方
低洼处房屋
低洼峡谷地带
低温
低空通场试飞
低空通场飞行
低调处事
低调领证
低额罚款
住宅
住宅遭外人闯入事件
住宾馆、有车接送的流量大咖
住宿帮助
住帐篷隔离14天
住帐篷隔离十四天
住户相互转告
住房受损
住房受损95户222间
住房受损95栋222间
住院84天后死亡
住院治疗
住院治疗人员中
体力不支
体型硕大、长达数米
体型较大、黄褐色
体型较大的猫科动物
体型较大黄褐色大型动物
体彩
体无完肤
体现搜救艰辛
体育
体育场
体育运动
体育馆
体育馆小孩3岁被大狗把半边脸咬伤
体育馆附近
体验一次终身难忘
何为体面？能承担起属于自己的责任就是体面
何享健
何享健住宅
何享健住宅相关讨论
何享健及其他被困人员
何享健家族
何享健被挟持
何享健被挟持事件
何享健遭劫持未遂案
何享健遭挟持事件
何以成功唯有格局
何先生
何先生的喊话
何剑锋
何剑锋从河中游出报警
何姓男子
何姓男子的朋友
何姓男子触电身亡事件
何方道友在此渡劫
何某某
何苦呢 都不容易
何贵银
何贵银拍摄
何贵银拍摄的视频
余丽婷
余杭交警通报
余温房
佛像/神像
佛养我心简单生活
佛山
佛山110
佛山一仓库
佛山一仓库起火致1人轻伤
佛山一工业园厂房
佛山一工厂仓库突发大火现场浓烟滚滚
佛山一工厂突发大火浓烟升至几十米高现场传出爆炸声
佛山一物流园仓库突发大火 现场火光四射
佛山仓库起火
佛山仓库起火官方回应来了突发
佛山仓库起火致1人轻伤
佛山加油
佛山南海狮山大学城
佛山南海狮山大学城突发山火 周边学校学生已撤离
佛山家中
佛山山火
佛山山火事件
佛山山火肆虐
佛山山火肆虐关键词
佛山山火肆虐浓烟直冲云霄
佛山工业区厂房突发大火员工：快跑
佛山市
佛山市公安局
佛山市公安局警情通报
佛山市南海区季华三路卓远广场西侧某仓库
佛山市南海区黄岐北村一工厂仓库
佛山市南海区黄岐北村一工厂仓库火灾
佛山市南海区黄岐北村一工厂仓库起火事件
佛山市南海区黄岐北村一工厂仓库起火报警
佛山市美的集团君兰生活村一住宅
佛山市自家别墅
佛山市顺德乐从镇大闸村润泽物流园
佛山市顺德乐从镇大闸村润泽物流园一仓库
佛山市顺德区一仓库起火
佛山市顺德区一仓库起火事件
佛山市顺德区一仓库起火事件信息
佛山市顺德区一仓库起火事件文本
佛山市顺德区一仓库起火事件视频
佛山市顺德区北滘镇君兰生活村
佛山市顺德区北滘镇美的君兰生活村
佛山市顺德区北滘镇美的君兰生活村住宅
佛山市顺德区北滘镇美的集团君兰生活村
佛山市顺德区北滘镇美的集团君兰生活村住宅
佛山市顺德区杏坛镇麦村七滘工业区一仓库
佛山市高明区更合镇
佛山市高明大都化工有限公司
佛山消防力量
佛祖也时尚爱美颜捂脸
佛祖收不了外香因弟子靠卖香成家
佛系发抖音 每天都会有不同的开心
佛罗里达州极端天气
佛罗里达州的凤风
佛罗里达州的凤风十分壮观
佛罗里达州的台风
佛罗里达洲的台风
佛罗里达洲的台风看起来比科幻片还要恐怖
佛门无好人
佛门败类该管一管了
作
作业
作业于杭州吉林路
作业施工
作为应急物品
作为权威来源
作为海外疫情最严重国家意大利全民隔离威尼斯运河变得清澈见底竟有海豚出没
作为疑似账号或人名
作案全过程
作案动机不明的质疑
作案后
作案手法
作案手法嚣张
作案过程中
作死
作法
作法捉新冠病毒
作秀
作者
作者世界那么大环环带你看天下😘
作者主张
作者介绍
作者信息
作者信息不可用
作者信息属性
作者公司主营业务
作者关联账号
作者单位
作者合作联系方式
作者呼吁
作者处理
作者头衔之一
作者安全
作者宣称内容
作者宣称态度
作者宣称追求的价值
作者小细节解码大时政
作者平台账号
作者强调
作者微信
作者微博账号
作者我就是我真心真意的我
作者投稿渠道
作者投稿邮箱
作者提供
作者擅长领域
作者点赞
作者热播出发 一切为民
作者版权声明
作者王浩儿吴彦祖
作者生活从简运动从水做一个快乐的人每天面朝大海春暖花开喜欢游泳、健身、唱歌、写字、家务、摄影、旅游、独立思考…
作者相关信息
作者相关描述
作者简介
作者简介24小时传递全球热点
作者简介世界那么大环环带你看天下官方商务合作或新闻投稿 vx：hqmrrs（请注明来意）
作者简介中的手机号
作者简介为运动美食
作者简介主体
作者简介人生有好多的无奈、希望爱你的和你爱的人心想事成
作者简介信息
作者简介做个与世无争的俗人
作者简介内容
作者简介听魔都声音看上海腔调
作者简介安哥是正能量
作者简介小媒体 大担当
作者简介提供
作者简介新经济 新视角 新视野
作者简介有速度有深度有温度新闻发布
作者简介称
作者简介这里提供你想知道不知道不得不知道的热点爆料、维权、视频投稿、求助就圈@猛犸视频
作者简介领域
作者职业身份
作者联系方式
作者联系电话
作者联系邮箱
作者自我描述
作者致力于
作者落泪
作者认为
作者账号
作者账号信息
作者账号标签
作者账号简介
作者身份
作者身份描述
作者身份标识
作者身份说明
作者邮箱
作者陕西人陕西事
你一不小心就变成这样了
你一关我一关廊视频粉丝马上破百万💕
你一天笑死我了都要
你不必光芒万丈也不必有什么特殊的意义你只需要做那个小小的你
你不按自己座位坐你还有理了
你也刷到了
你也怪不了人家（不收死猪肉）
你们会有大麻烦
你们四个好好抬评论
你们怎么平论？
你们才是最可爱的人
你们本来生活还……别让仓妈难过
你们点外卖的都是大爷老子以后再也不送了
你们生个孩子叫什么呢？叫新冠费妍
你们看过一个演习在学校抢匪被一个路人踹飞了
你们辛苦了向你们致以最崇高的敬意
你们这些巨婴是觉得这世界必须围着你转吧吃点洋饭都不知道姓啥了
你会被这样的爱情感动到吗？意大利情侣双双离世
你全责
你关心的我关注
你关注的福建时刻
你别管哪个规定的你不管
你别管哪里规定的？
你可以不喜欢中国但一定不能肆意抹黑
你可以去拍戏了
你在上海？不我在海上
你坐过吗？这跳楼机
你大爷还是你大爷马拉多纳就算胖到变形 也能秀到你怀疑人生
你奶奶永远是你奶奶老奶奶取钱遭嫌弃隐形富豪
你好歹带个口罩
你好责任有责任感的外卖小哥加油生活一定会善待善良努力的人点赞
你好～我是小读🤣我常出现在一些视频的底部「📑相关阅读」就是我啦如果你对抖音任意视频中的事/人感兴趣在评论区@相关阅读我会第一时间回复你相关延展信息
你家没淹到嘛
你家的猪肉到底怎么回事啊？还能吃吗
你对这种强制措施赞同吗？
你就像那一把火
你帮我吃 是不
你应该跳水里去发功
你怎么知道她说了这句话
你想看的人物都在这里
你想看的就是我们关注的
你我开始
你把橘子摘完了我们啥也没有
你拍了个啥？
你摸一下热热的是不是
你敢上吗？这跳楼机飞天椅旋转秋千体验一次终身难忘不逃避不要借口跟我一起来吧
你明天春风得意
你明明能左右我的情绪但为什么就不能让我快乐
你是买了热搜吗
你是买了热搜吗评论
你是什么垃圾
你是干嘛的？
你是最棒的 货区
你是綦江？
你有多努力就有多幸运
你有多难？
你死才能回家
你每日关注的就是新闻合作投稿：Syqk999
你爱送不送
你的关心 关系世界
你的关心我的关注
你的冷漠可能会失去他们团聚的机会
你的好奇永无止境你想看的汽车冷知识我带你看🚗好奇号出发啦
你的意思是读书也没用了
你的手机APP是否也在窃听你说话？你以为是大数据？细思极恐
你的灵魂稳重而独立
你的酒馆对我打了佯
你的青春应该有穿着迷彩的模样……热血冲锋的背影
你相信或不相信都不影响事物是否存在
你相信肺吸虫病与吃龙虾有关吗？这个视频可见证
你看刷不着了
你看我摘了好多咯
你看见天上撒药的飞机了吗？这是在防治美国白蛾
你真有才
你真的好好看啊
你知道吗？故宫的屋顶为什么看不到鸟类
你知道我想对你说什么吗
你确定要停产了
你老帅了
你莫走
你见过这样碰瓷的吗？
你认为壮观实景的人正在接受灾难的降临
你让外地人看见了当是个真的了
你讲的不科学鸟种类大小不一样
你讲的不科学鸟种类大小不一样评论
你身边的农业专家
你还会去看动物表演吗？
你这个泰货
你这么厉害你爸妈知道吗？
你这是干什么
你那里吗
你长得也很好看
佩戴口罩
佩戴口罩上台
佩戴口罩的毕业生
佩戴口罩的毕业生下台
佩戴口罩的毕业生握手
佩戴嘴套
佩戴嘴套便宜又实用
佩戴嘴套防护措施
佩戴必要性低
佩戴走神监测环
佩服
佩服[赞]
佩服他的口才
使用伪造证件
使用千斤顶代替三角警示牌
使用华为P40手机在3米内拍摄大拇指点赞图片
使用含酒精消毒水
使用布缠绳子绑石头
使用强紫外线照射
使用快手扫一扫关注我吧
使用方言反监控
使用有德无才之人
使用枪支、管制刀具或驾驶机动车撞击等手段严重危及人身安全的袭警行为处三年以上七年以下有期徒刑
使用电影片段冒充真实人物
使用眼药水和抗生素
使用网课替代外出上学
使用美人计
使用膨大剂
使用膨大剂的樱桃
使用西瓜刀
使用走神监测头环
使用酒精擦拭空调不慎
使用酒精消毒
使用酒精消毒车辆
使用限制说明
使馆工作组
侄女
侄女、侄子等亲属照顾
侄女、侄子非法定继承人存款应归国家
侄女不享有法定继承权
侄女刘女士
侄女取款请求
供水
供电恢复情况
供电部门
供稿邮箱
供认不讳
供货商
供货商极端讨债行为
供货商生活状况
供货商维权行为
供货商货款
供遇难者家属悼念
供需失衡
依依不舍快乐源泉就这么没有了
依兰
依安
依据中国法律
依据公安机关通报
依法
依法严惩
依法依规严肃处理
依法依规严肃追责
依法依规处置
依法刑事拘留
依法制服
依法处理
依法强制隔离是对每一个人安全负责
依法拘留
依法追究编造传播虚假信息行为
依法追究责任
依法追责
依法逮捕
依维柯
依赖互联网的畅连通信服务
依赖互联网的通信服务
依赖仪器问题
依赖扶贫不劳动
侥幸心理我觉得这样挺好
侦办该案
侦查
侧翻
侧翻事故
侧翻压人事故
侧翻的履带吊
侧翻货车
侮辱中国功夫
侮辱中国功夫事件
侯某夫妇发生争执
侵删
侵权可私信删除
侵犯基本人权
便会滑落
俄媒
俄小学生在零下50度顶暴风雪放学回家
俄小学生零下50度顶暴风雪放学回家
俄小学生零下50度顶暴风雪放学回家狂风咆哮如灾难大片
俄总统
俄执法机构
俄罗斯
俄罗斯nb
俄罗斯一群小学生在零下50度顶着暴风雪步行回家狂风几乎将他们吹倒但孩子们相互搀扶坚持前行
俄罗斯交通事故
俄罗斯人抗寒特性的称赞
俄罗斯内务部退役少将沃罗日佐夫
俄罗斯军事专家
俄罗斯军事专家评价巨浪-3
俄罗斯军事演习视频
俄罗斯军事演练片段
俄罗斯北风之神级核潜艇发射布拉瓦导弹画面
俄罗斯卡车刹车失灵连撞5车
俄罗斯国徽形象
俄罗斯塔斯社
俄罗斯塔斯社报道
俄罗斯学生
俄罗斯小学生
俄罗斯小学生在暴风雪中前行
俄罗斯小学生在极端严寒中冒暴风雪回家
俄罗斯小学生在极端天气中步行回家
俄罗斯小学生在零下50度冒雪回家
俄罗斯小学生在零下50摄氏度的极寒天气中顶着暴风雪艰难回家
俄罗斯小学生在零下五十度的暴风雪中跌跌撞撞、相互搀扶回家
俄罗斯小学生抗寒能力的调侃
俄罗斯小学生教育政策
俄罗斯小学生零下50度冒雪回家一路跌跌撞撞画面好笑又心酸
俄罗斯小学生零下50度顶暴风雪回家
俄罗斯小学生零下50度顶暴风雪放学回家
俄罗斯布拉瓦导弹
俄罗斯某野外区域
俄罗斯的末日齐射
俄罗斯航展
俄罗斯航展上的意大利表演飞机相撞惨烈
俄罗斯航展发生意外
俄罗斯航空展
俄罗斯航空展上意大利飞行表演发生意外
俄罗斯航空展上飞机相撞事件
俄罗斯航空展发生意大利飞行队十架飞机相撞损毁事件
俄罗斯航空展意大利10架飞机相撞损毁
俄罗斯航空展意大利飞行表演队发生意外
俄罗斯跟沙特互不相让
俄罗斯那么冷么？天呢
俄语
俊
保佑孩子平安无事吧
保佑宜宾人民都平平安安吧
保佑宝宝
保佑山东
保佑平安
保佑都平安
保安
保安与女收银员
保安劝阻
保安劝阻男子挪车却被其殴打30分钟叫嚣：我爸是公安局副局长
保安头部
保安实施殴打
保安所述政策
保安打电话求助
保安承诺车主归来可免费开走车辆
保安是否有权限处理车辆
保安暗示处理
保安涉嫌暴力
保安涉嫌盗窃
保安约半小时
保安背部
保安行为过激
保安被打事件
保安认衣服不认人
保安陈师傅
保定广播电视台
保家卫国
保护人民生命安全的重要力量
保护内部环境洁净
保护农作物
保护动物
保护好中国自己才能帮助世界
保护好自己
保护好钟老
保护孩子免受伤害
保护平安
保护弱小个体
保护指纹的重要性
保护措施
保护搜救犬
保护未成年人
保护环境
保护环境、减少排放
保护环境人人有责
保护生态平衡支持爱心行动
保护生态环境
保护野生动物
保持冷静
保持咽喉黏膜湿润
保持喉咙黏膜湿润
保持安全距离
保时捷
保时捷与法拉利混淆
保时捷车辆
保洁员
保证书
保证水位
保证真实性
保镖呢
保镖在后跟随
保镖质疑评论
保险
保险公司
保险公司受影响
保险公司哭晕在厕所了
保险可能不够赔
保险理赔
保险赔偿讨论
保险赔偿话题
保险赔偿问题
保障九江城市安全
保障人员安全
保障其他乘客安全
保障农民增收
保障列车正常运营
保障林木资源和生态安全
保障桥梁安全
保障游客生命财产安全
保障群众安全
保障群众财产安全
保障财产安全
保障车
保鲜水儿
俞老伯
信不信由你
信仰是佛不是僧
信仰被金钱侵蚀
信号更强
信息
信息上报工作
信息不一致项
信息不准确内容
信息不实
信息不清晰
信息争议性
信息传播
信息传播覆盖面不足
信息伪造痕迹
信息偏差
信息共享议题
信息准确传达
信息准确性
信息出入
信息发布
信息发布主体
信息发布准确性
信息发布平台
信息发布应客观全面
信息发布方
信息发布方说明事故细节
信息发布时间
信息发布渠道
信息呈现
信息夸大
信息存在偏差
信息属实
信息差异
信息拼接
信息拼接、细节夸大等问题
信息拼接混乱
信息拼接现象
信息拼接痕迹明显
信息拼接问题
信息接收者
信息无事实依据
信息时报
信息杂乱
信息权威
信息来源
信息来源不可靠
信息来源不明
信息来源之一
信息来源平台
信息来源或编号
信息标注错误
信息模糊
信息混乱
信息混乱不清
信息混乱特征
信息混乱认知
信息混乱问题
信息混杂
信息混淆
信息混淆情况
信息源
信息真实
信息真实性
信息真实性与传播动机
信息真实性质疑
信息瞒报
信息碎片化问题
信息表述
信息表述不清
信息表述不清的讨论
信息误差
信息误植
信息转发行为
信息透明
信息采集性质
信息量有点大
信息错乱
信息错位
信息错误
信息错配型内容
信息错配型网络谣言
信息错配或后续衍生炒作
信阳明港镇
信阳村民捡拾蒜瓣二次事故致8死
俩外卖小哥暴打餐馆店员
俩外卖小哥暴打餐馆店员疑因催菜骂人引发口角所致
修业
修仙渡劫类网络梗
修复后的乐山大佛
修复工程
修复房屋意愿
修建公路
修建公路行为
修建时未发现
修河三角联圩
修河三角联圩溃堤
修河三角联圩溃堤事件
俺想五一去上海玩呢
俺觉得很文明很和谐该提高了意识你觉得呢？
倍感自豪
倒下
倒伏树枝
倒地
倒地不起
倒地死亡
倒塌
倒塌的塔吊
倒塌结构
倒塌设备
倒挂在十余米高处
倒挂大回环动作
倒挂摇摆等高风险动作
倒灌
倒车
倒退行驶
倒退行驶的小汽车
倒退车辆
倒退过程中撞向电动自行车及其他车辆
倒闭风险
候某女儿
候某妻子江某
候车厅无人
候车大厅空无一人
候鸟
候鸟利用秦岭谷地平流层迁徙
候鸟南飞场面
候鸟迁徙
候鸟迁徙内容
候鸟迁徙场景
候鸟迁徙形成生命之云灵魂之雾等描述
候鸟迁徙路线
候鸟迁栖 保护鸟类
借势营销
借安全警示传播的假新闻
借感人叙事博取流量
借新冠疫苗植入人体芯片
借权威机构增加可信度
借楼市话题进行夸张演绎的假新闻
借民族情绪进行流量营销的短视频广告
借民间迷信形式传播的假新闻
借灾情炒作
借热点事件传播的假新闻
借热点事件蹭流量的假新闻
借用车辆
借疫情传播的虚假信息
借疫情初期社会情绪虚构事件
借疫情制造恐慌的虚假信息
借疫情渲染恐慌的假新闻
借疫情炒作的假新闻
借疫情热点传播的虚假信息
借疫情煽动情绪、夸大事实的虚假信息
借疫情煽情传播的假新闻
借缅怀之名传播的假新闻
借自然灾害炒作的假新闻
借谐音梗制造话题的假新闻
倡导改变充电习惯
值46元
值守工作
值得信赖
值得表扬
倾倒事故
倾倒沙子措施
倾听百姓心声传递真情温暖投稿邮箱：hqxwwhdxw@163.com
倾巢下山堵路乞食
倾盆大雨
倾覆
假口罩
假和尚
假大米
假大米正在生产中
假新聞
假新闻
假新闻中的关键词
假新闻事件
假新闻传播
假新闻传播内容
假新闻传播文本
假新闻内容
假新闻或信息失真案例
假新闻或夸大传播
假新闻或未经证实的历史叙述
假新闻或网络恶搞信息
假新闻文本中
假新闻标题
假新闻标题中
假新闻核心说法
假新闻正文
假新闻正文中
假新闻组成部分
假新闻讨论
假期心态留言
假画面做出来的
假的
假的吗
假的吧
假的吧之前我们学校也有
假的吧根本没听说酒店就在我们旁边
假的吧评论
假的吧质疑声音
假的火山站这么近早热死了
假的质疑
偏低
偏差
偏瘦
偏远
偏远地区执法
做一个懂得孝顺的孩子
做一个懂得感恩的孩子
做一个生意交一个朋友
做不过来了
做世界的观察者
做个俗人丶贪财好色丶一身正气
做个俗人贪财好色
做中国人真好
做人在诚做事论德服务全南宁市一二手房新楼盘置业喜欢收藏善意帮有资金需求的人
做人简简单单做事明明白白把别人当傻子其实自己更傻
做你的小公主👸、可好？❤️xtaozi2016_（v区野王可加）
做奶奶真能当您为什么带孙子没有看好
做好事传发
做好应急防范
做好防大洪水准备
做好防护
做家务
做总统的料
做晒水鱼（骗得彻底）
做有态度、有深度、有温度的媒体
做有温度 正能量的媒体 关注社会热点 欢迎各地投稿
做有温度、有价值观的媒体
做有温度的媒体投稿邮箱ihongkou@126.com
做法退洪
做饭
做饭老人
停业整顿
停业整顿处罚过轻
停了较长时间
停产
停放重载列车
停止时空穿越研究
停水
停水事件
停水停电
停水原因
停水情况
停水通知未标明具体停水时间
停水通知缺乏预计恢复时间
停电
停电风险
停留
停稳
停稳车辆
停职接受调查
停职检查处理
停课
停课决定
停课吧娃娃们很让人担忧
停车
停车位紧张
停车免费
停车免费待遇
停车免费承诺
停车免费政策
停车免费政策主张
停车场
停车场车辆被水淹没事件
停车线尚未清除
停车费几十万但停车场免费停放
健仔
健力宝饮品
健康
健康产品
健康保障广告
健康功效
健康宝崩了进不了地铁
健康时报
健康是我的首要工作和攒钱是第二生活第三一生平平淡淡就知足了……
健康检查任务
健康比钱重要
健康状况
健康的绿色的有良心的大樱桃
健康码
健康码与交通方式矛盾
健康管理中心
健康管理中心4名医生、3名护士
健康管理中心请战书
健康管理措施
健康风险
健身交流大会
健身交流大会精彩瞬间
健身器材
健身器材出现自行运动现象
健身器材发生自行运动
健身器材在深夜
健身器材异常摆动
健身器材异常活动
健身器材异常现象
健身器材异常运动
健身器材无故自行移动事件
健身器材涂抹过量润滑油
健身器材疑似有人使用
健身器材自己运动
健身器材自己运动事件
健身器材自行移动
健身器材自行运动
健身器材自行运动事件
健身器材自行运动现象
健身器材被涂抹过量润滑剂
健身器材被涂满润滑油导致自行运转
健身方式莫求奇特
健身老人
健身者责任
健身达人绝活神技
偶发行为被放大解读
偶有鸟粪落下
偶然视觉联想
偷偷回国治疗新冠肺炎
偷工减料
偷情男离开时被阻从2楼跳下身亡阻拦者获刑10年半
偷情男离开时被阻从2楼跳下身亡阻拦者获刑10年半……你怎么看？
偷情被拦男子跳窗身亡案
偷我的图这个是我的车子可以12123验证
偷拾花生
偷油
偷渡人员
偷花生的人
偷车行为
傀儡说法
傍晚
傍晚6点
傣家红糖
储备口罩
储备消毒剂
储蓄存单
催乳效果
催乳食谱
催促出餐引发冲突
催促出餐引发口角
催促声
催促撤离用语
催泪弹
傻呗边充电边玩手机是不会爆炸的
傻帽
像不像咱们玩的雷电战机
像不像咱们玩的雷电战机评论
像不像我们中国过年看烟花
像个孩子
像抢新郎
像极了爱情
像海盗黑吃黑
像瓦力
像素格式转换
像纸片一样被冲走
像老鼠一样活着
像诺基亚时代
像闪电一样坠海
僧人
僧人不当言行
僧人商业化问题
僧人是否持守戒律
僧人群殴香客
僧人行为失范
僧人辱骂
僧人驱赶女游客事件
僵尸肉
僵尸肉肉龄超过40年
價值百萬美元視頻
儋州是否也有类似政策
儿外科医生
儿女互拍被殴视频
儿子劝架被割手猜测性言论
儿子报警老子给钱
儿破浪的叔叔
儿童
儿童前往资江河边玩耍
儿童受害的痛心
儿童在浏阳北正西三楼钓鱼池内触电身亡
儿童失踪找回率超过98%
儿童失踪案件数量远低于20万
儿童安全
儿童安全担忧
儿童安全教育
儿童安全问题
儿童小桌板上的口罩
儿童居多
儿童年龄界定问题
儿童康复科
儿童康复科主任
儿童拓展游乐防护绳网产品
儿童易感
儿童权益保护
儿童活动
儿童活动空间与老年人健身规范
儿童监护人未尽看护义务
儿童落水事件
儿童落水事故
儿童被带离地面
儿童被风筝带离地面
儿童饮水量建议
元系工作室
兄弟们
兄弟们注意安全平安归来
兄弟姐妹、祖父母、外祖父母
充分证明抓捕的唯一标准就是肤色
充实就好无畏其他
充当临时安全气垫
充满爱意
充电安全提醒
充足
先下车再牵车的建议
先买保险
先别回来了北方这两天特别冷还有大雪麻烦给大雁捎个信
先别打灭火
先天性疾病
先救人
先让他挂两个小时再说
先进仿真皮肤材料
光和热治疗设想
光明网
光明网快手认证账号
光源原理
光源原理质疑
光滑
光滑且带倾斜度的琉璃瓦
光滑琉璃瓦导致鸟类无法栖息
光滑的釉质筒状
光滑表面
光线反射解释
光速飞船不可能
克东
克什米尔问题
克制
克山
克山县
克洛伊
免于处罚
免流量上网
免焊扣
免票政策
免费
免费上网
免费乘坐公交和地铁优惠
免费乘坐公交和地铁政策
免费乘坐公交和轨道交通优惠政策范围
免费乘坐公交地铁政策
免费乘坐地铁公交
免费乘坐地铁公交政策
免费乘车优惠的载体
免费全球上网能力
免费卫星上网
免费打电话
免费有机肥建厂规划
免费治疗
免费治疗新冠肺炎
免费治疗条件
免费法律援助
免费的广告
免费观看
免费视频聊天
免费讲学
免费语音通话
免费通话
免费通话、免费上网的北斗手机
免费通话和上网的北斗手机
免费采摘
免费采摘暗示
免费采摘橘子
党员群众
党员群众开展救援
党报中的皮皮川
党网
党网高度大网气派责任媒体紧跟滨州最新动态欢迎大家投稿提供正能量或搞笑的视频
入住之后一切找我
入刑
入口测温
入境 外国疫情
入境人员
入境人员群体
入境地点
入境措施
入境活羊
入境流程耗时16小时
入境限制公告
入大狱吧
入室抢劫
入市需谨慎
入汛以来首个山洪蓝色预警
全世中心
全世界唯我独有
全世界应该团结起来共同迎战病毒
全世界最大的木结构宗教建筑
全世界最牛的企业
全世界被这一对情侣刷屏了
全世界通用
全体乘客安全下车
全体乘客生命
全体人员安全
全体学生
全体村民
全体村民幸免于难
全体致敬
全力扑救
全力打造杭州好新闻
全力抢救伤员
全力抢险
全力搜捕冯某某
全力搜救
全力搜救伤员
全力救援
全力救治伤员
全力救治伤者
全力追回在逃动物
全力追回损失
全区疏散960人
全县近半区域停水
全员
全员在家办公
全品定制厂
全国严查煤气安全
全国交通安全日宣传为背景进行报道
全国产经
全国人大立法程序
全国人民努力
全国加盟代理与直播合作
全国十佳交通栏目
全国十佳栏目、年度城市台电视栏目六强、新锐脱口秀节目观点致胜奇葩新闻板块带您观天下、脱新闻
全国各港口VLCC油轮集体出动
全国地区防腐翻新工程
全国安全防范工作视频会议
全国开展燃气管道安全隐患排查
全国微信群不得转发未经证实疫情信息
全国微信群即日起不得转发任何未经官方证实的新冠肺炎相关信息
全国政协委员
全国新增本土确诊病例
全国施工
全国景区黑名单
全国最严肃的电视节目
全国最差的机场没有之一
全国有七万硕士在送外卖
全国有七万硕士在送外卖 表述一致
全国有七万硕士研究生毕业送外卖
全国有七万硕士送外卖
全国法院门户网站
全国猪肉最便宜的地方
全国统一规定
全国网友
全国范围施工服务
全国避难人数
全国都市报30强
全国都知道了
全国都这样
全国重点新闻网站
全国金矿勘查具有重要指导意义
全国降水排行榜前十
全地球的笑星
全城大规模喷洒高浓度消毒液
全城开始消毒
全城消毒任务
全域无公害
全域无化肥
全域无垃圾
全域无塑料
全域无污染
全天下母亲
全天候通行
全天居家
全媒体服务平台
全媒体账号
全媒体账号聚合用户1500万人
全媒体账号聚合用户达1500万人
全家中毒死亡
全家出动串门不考虑主人负担
全州禁止化肥销售
全市变电器检查安全
全市常规公交线路
全市打开井盖排水
全市烟花爆竹企业全面停工检查
全市范围
全市防汛Ⅰ级应急响应
全年林业有害生物防控打下基础
全开泄洪
全心做您的全时首席安全官防范在发生之前永远最重要
全抖音最牛移动产权房
全日空（ANA）
全景看遂宁
全景遂宁 遂宁一男子深陷淤泥中怎么上去的？
全机场也就一两架飞机
全校1677名师生
全校1677名师生安全有序撤离
全校700余名师生
全校700余名师生安全有序撤离
全欣视讯官方栏目
全民参与防治火灾
全民监督
全民隔离
全港寻找这几个客户
全班几十名学生戴上头环红绿灯闪烁像蹦迪
全球1300多种植物
全球上网不用流量
全球五国示威浪潮
全球信息传播与文化交流
全球免流量上网功能
全球共情意识
全球创意 奇闻 猎奇 科技
全球华人心与祖国在一起
全球原油价格暴跌
全球原油价格暴跌30%
全球反种族主义抗议浪潮
全球合作应对疫情
全球外商服务平台
全球多地物资抢购现象
全球奇闻档案：霍金临终前的三大忠告
全球媒体广泛报道
全球性抗议浪潮
全球打击能力
全球抗疫大局
全球新冠疫情初期
全球无流量上网
全球最大原油进口国
全球最大船队
全球热点新闻
全球热点资讯报道与原创新闻发布
全球眼、中国心、瞭望者、思想家
全球空气质量
全球竞争
全球第6次7级以上地震说法
全球第二个实现火星环绕、着陆和巡视探测的国家
全球精彩短视频就看中国日报
全球覆盖
全球覆盖无死角
全球通用
全球通用功能
全球通用通信功能
全球限量版的爱情
全省历史上累计查明资源量的一半
全省各市县全面开展地毯式安全隐患排查整治
全社会应尊重医疗卫生人员
全程录像
全程技术服务
全线运营恢复
全网最努力小编
全网最热看这里
全网通缉
全网都在找的奥迪车主
全美各地
全美暴乱升级白宫乱成一锅粥专家警告：示威导致新冠病例上升
全美范围黑人的命也是命抗议示威活动
全群
全职酒后代驾
全脸是血
全自动装置
全责任制
全身消毒
全过程井然有序
全部
全部丢进海里喂鱼
全部乘客
全部垫付款项
全部安全有序撤离
全部扑灭
全部消防力量
全部谣言
全镇普遍被淹的严重灾情
全面停业整顿
全面停飞
全面封群通知
全面开展隐患排查整治
全面排查整改
全面推行全员在家办公政策
全面放开采摘的正式公告
全面无现金政策
全面暂停外国人入境
全面暂停所有持有效签证外国人入境
全面暂停持有效签证和居留许可外国人入境
全面替代传统通信服务
全面永久关闭
全面消杀
全面消毒
全面禁止使用化肥农药
全面禁止化肥销售
全面禁止化肥销售联合执法排查农资市场见到就查封
全面禁止旅游或登山活动
全面禁止销售化肥农药
全面调查事故原因
全额退款
八仙过海各显神通
八位顶尖科学家
八位顶尖科学家集体回国
八剑客
八千元
八叠隧道口
八宝粥产品
八宝粥含海绵
八宝粥里面装的海绵
八宝粥食品安全问题
八岁白血病女孩不想继续拖累家人毅然拔下了氧气管并说了三声谢谢
八旬
八旬老人
八旬老人行为
八旬老奶奶
八旬老奶奶买菜时
八旬老奶奶回家
八旬老奶奶欲跪谢交警背后故事暖哭@抖音小助手
八毛钱指两片维生素B2
八毛钱治好的病
八里桥地区
公主
公交公司关注司机健康管理
公交公司加强对司机群体的定期体检
公交劝导员
公交司机
公交司机在晕倒前坚持把车停稳
公交司机昏迷前一秒将车停好
公交司机昏迷前将车停稳
公交司机昏迷前将车停稳车上乘客无人打电话急救
公交员扶老太下车同行大爷下跪磕头致谢
公交坠江事故
公交当船开
公交线路调整提示
公交车
公交车上可以抓鱼了
公交车与救护车
公交车乘风破浪
公交车乘风破浪场景
公交车似船行驶的视觉效果
公交车司机
公交车司机和乘客
公交车司机在下山急转弯时被甩出车外
公交车司机是否定期体检
公交车在积水中行驶
公交车在积水中行驶场景
公交车在积水中行驶如乘风破浪
公交车在积水中行驶如行船
公交车如乘风破浪的场景
公交车安全停靠
公交车平稳停靠
公交车水中冲派
公交车行驶于积水路段
公交车误驶卡桥
公交车车顶
公交驾驶员太辛苦了
公众
公众不信谣、不传谣
公众不满与质疑
公众不要提供资助
公众为孩子接种疫苗
公众关于航空施药的讨论
公众关切留言
公众关注
公众关注与同情
公众关注与担忧
公众关注与讨论
公众关注患病儿童的坚强与乐观
公众关注现象
公众勿惊慌
公众勿食并联系作者的呼吁
公众反应
公众号
公众合理关切
公众同情
公众同情与感慨
公众呼吁言论
公众哀悼
公众哀悼与祈福
公众响应表达
公众在灾难面前
公众失望情绪表达
公众媒体
公众存在信息渴求
公众安全担忧
公众对事件
公众对事件性质的猜测
公众对事件惨烈程度的震惊
公众对事件真实性关注
公众对事件真实性的怀疑
公众对事件突发性的震惊
公众对交通安全的关注
公众对伤者安危的关心
公众对住房保障政策的关注
公众对儿童安全讨论
公众对全球疫情的担忧
公众对公租房分配
公众对其言论荒诞性的批评
公众对其言论荒诞性的无奈
公众对养狗行为的讨论
公众对动物安危的关切
公众对危险行为的警示讨论
公众对危险行为的讨论
公众对历史类新闻
公众对口罩真伪辨别的误解
公众对基层执法人文关怀的关注
公众对处理方式的关注与质疑
公众对外卖从业者处境的关注讨论
公众对妨害防疫行为的谴责态度
公众对安全生产的关注讨论
公众对安全生产的讨论
公众对家庭暴力关注
公众对建筑质量的强烈质疑
公众对建筑质量的质疑
公众对建设项目的疑问
公众对彭建军是否得到及时救治的关切
公众对心理健康的社会讨论
公众对情感困境的社会讨论
公众对房源具体信息的关注
公众对扑火安全的讨论
公众对扶不扶道德困境的讨论
公众对救援时效的关注
公众对施工安全的不安情绪
公众对施工安全的讨论
公众对校园安全的关注
公众对案件的关注与愤慨
公众对沈巍的形象建构
公众对治安的担忧
公众对法律惩处力度的不满
公众对洪峰过境宜宾的情绪
公众对火势蔓延的担忧
公众对火星环境的推测
公众对灾情的关注与担忧
公众对物业执法行为的关注与讨论
公众对环境变化的关注
公众对生命价值的社会讨论
公众对生态保护与安全的讨论
公众对生态后果的推测
公众对疫情应对的质疑
公众对真实性质疑
公众对真相的期待
公众对碰瓷现象讨论
公众对社会安全的讨论
公众对科技企业国际竞争关注
公众对空中作业的关注
公众对空中作业的疑问
公众对航空安全的担忧
公众对英烈的缅怀与感动
公众对该信息的普遍不信与批评
公众对该信息真实性的怀疑
公众对该内容真实性的普遍质疑
公众对财富效应的兴奋情绪
公众对责任归属的热议
公众对责任追究的关注
公众对资源分配的关注
公众对身世告知方式的讨论
公众对道路交通安全的关切
公众对道路安全的关注
公众对遗产归属的讨论
公众对遛狗不牵绳现象的讨论
公众对邻里互助的讨论
公众对部分寺庙商业化乱象的不满情绪
公众对重复处罚的误解
公众对重复处罚的质疑
公众对重大交通事故的关注
公众对钟南山健康的关切
公众对钟南山的尊敬
公众对钟南山的高度信任
公众对防疫措施与老年人困境讨论
公众对面粉安全的关注
公众对马航MH370事件的情感共鸣
公众对高空抛物的关注
公众对高风险人群乘坐公共交通工具的担忧
公众尊重
公众广泛关注
公众广泛关注与讨论
公众广泛讨论
公众广泛谴责
公众广泛转发
公众应对建议
公众强烈不满
公众强烈关注
公众强烈哀悼
公众强烈愤慨
公众强烈批评
公众强烈谴责
公众态度
公众恐慌
公众情感
公众情感共鸣
公众情感支持
公众情绪
公众情绪反应
公众惊叹与调侃
公众意见
公众感慨
公众愤怒情绪
公众愤慨
公众愤慨情绪
公众戏谑态度
公众批评与调侃行为合理性
公众批评言论
公众投稿合作
公众担忧
公众推测
公众提高警惕
公众提高防范意识
公众敬意与关切
公众文明旅游
公众是为获取科学信息和防疫指导而来
公众注意
公众注意雨天出行安全
公众注意骑行安全
公众深切思念
公众点赞与正面评论
公众热议
公众焦虑
公众猎奇态度
公众理性对待网络事件
公众生态反思
公众生活
公众疑虑
公众监督
公众祈愿
公众祈愿平安的评论
公众祈愿类评论
公众私信或拨打热线0571-88909090
公众私信提供线索
公众科学锻炼
公众积极情绪
公众积极提供线索
公众舆论
公众获取生活常识
公众警示讨论
公众讨论
公众讨论内容
公众讨论和媒体关注
公众讨论观点
公众讽刺与质疑
公众评论
公众误解
公众误解与调侃
公众误解或关注点
公众误解贝类结构
公众误解风险
公众调侃
公众调侃UFO话题
公众调侃性讨论
公众谴责内容
公众质疑
公众质疑与戏谑
公众质疑与批评
公众质疑与担忧
公众质疑与讨论
公众质疑与评论
公众质疑和批评
公众质疑态度
公众质疑情绪
公众质疑言论
公众转发帮助寻亲
公众遵守防控规定
公众避险提示
公众重视疫情
公众随意采摘橘子活动
公众震惊
公会
公信力
公元552年
公元552年事件
公共·农业5频道新闻晚高峰
公共·农业5频道新闻晚高峰栏目
公共交通优惠政策
公共交通免费优惠政策
公共交通工具
公共公园内的意外碰撞事件
公共卫生与民生问题叠加的严峻形势
公共卫生应急医疗救援队
公共卫生应急演练
公共场所
公共场所防疫管理与应急处置的现实情况
公共安全
公共汽车上扒窃
公共消杀措施
公共租赁住房
公共租赁住房租赁资格
公共秩序
公共视频
公共视频画面
公共设施安全隐患
公共资源严重浪费
公共资金
公共频道
公共频道播出内容
公共频道第1现场午间版
公务员享有公租房分配政策倾斜
公务签证
公司+合作社+农户
公司另外一个人的五菱
公司损失
公司车间
公告
公告内容
公告图片
公园内健身器材
公园管理
公园管理缺位
公园闹鬼了
公安
公安、海事、长航等部门联合开展
公安、消防及大沥相关部门
公安交通管理简易程序处罚决定书
公安侦技人员
公安力量
公安局副局长
公安局已拷贝各群成员信息
公安机关
公安机关介入调查
公安机关全力搜捕冯某某
公安机关办案
公安机关查明事实后
公安机关破案
公安机关联合腾讯开展网络巡查行动
公安民警
公安民警、镇村干部
公安民警、镇村干部组织
公安民警巡逻值守
公安监管缺位
公安精神的体现
公安红桥分局
公安部
公安部交管局
公安部交通管理局
公安部副部长
公安部团圆系统数据
公安部门
公安部门及家长处理此事
公安部门处理
公安部门移交福利院安置
公宝放心
公寓
公平公正
公平的判决
公开、公平、公正
公开处理结果以儆效尤
公开店铺信息
公开报道不符
公开曝光涉事大妈及家人
公开活动中
公开演讲
公开炫耀
公开身份为人工智能专家与投资人
公开道歉
公开飞行展示
公房源位置
公正与进步
公正城管追打女商贩被砍伤警方：商贩挥刀属于正当防卫
公正透明
公民与法栏目
公益导向内容
公益求助
公租房
公租房信息发布
公租房分配事件
公租房申请条件
公租房相关政策
公租房项目
公立三甲医院执业医师
公证处
公证机构出具的继承权公证书
公证部门全程监督
公诉人
公路
公路上空
公路修建地点
六七万人民币我要了
六个月刑期
六人
六人偿一命一个也别放过
六十六岁
六十岁以上老人
六卷钢卷
六口人
六名嫌疑人
六和塔七八公里
六堰广场献血屋
六安
六安一女子因彩礼跳井自杀
六安一女子因父母索要28万彩礼男方无法承受而拒绝导致跳井自杀
六安支队
六岁儿童
六年
六旬老人
六旬老人被埋
六楼起火点
六眼飞鱼
六辆货车被大火吞没
六辆货车连环燃烧事件
兰博基尼
兰博基尼一路狂飙时速达180km
兰博基尼拒检事件
兰博基尼的感觉
兰博基尼车祸
兰博基尼靠边停车
兰博基尼高速飙车事件
兰博基尼高速飙车交警直追40公里场面堪比电影场景
兰山区
兰州市
兰州市公安局交警支队城关大队
兰州市公安局交警支队城关大队民警
兰州市城关区环卫局清运队工作人员
兰州市某工地塔吊倒塌有人坠亡
兰渝铁路
兰陵县
共10个项目 2020年公租房分配启动选房签约
共19人牺牲
共5人受伤但无大碍
共8名工作人员
共创美好未来
共同加害行为承担连带责任
共同加害行为责任人
共同助力疫情防控
共同居住
共同居住者包括
共同应对灾难的愿望
共建文明城市益 共建文
共情
共情创业者不易的观点
共情表达
共抗疫
共渡难光
共渡难关
共祝国庆言论
共筑平安阜新
共美好在身边
共都拉折
共青团中央服务青年发展官方平台
共青团中央青年发展
共青团中央青年发展部官方账号
共青团山东省聊城市东昌府区委员会
共鸣
关 注 社 区关 心 中 国
关东地区
关于MH370乘客车辆停放
关于上海整体遭遇严重内涝
关于专业对口率的讨论
关于专家出行合理性
关于中国功夫实战性的争议
关于中国抄底原油的讨论
关于乘客责任与司机健康管理问题
关于事件定性
关于事件真实性
关于事故责任处理的讨论
关于交通安全的讨论
关于亲戚间责任与负担的争议
关于人与自然关系的讨论
关于人员伤亡和碰撞数量的描述
关于人员伤亡情况
关于以暴制暴是否合理
关于伤亡人数
关于作者
关于侥幸心理导致悲剧的讨论
关于信息真实性
关于儿子死亡事件
关于儿童被狗袭击事件
关于全球事件的报道
关于全面暂停签证持有者入境的说法
关于公共礼仪与防疫措施冲突
关于其实际效用与宣传不符
关于其行为的真实性
关于出行受阻
关于刘海燕考入哈佛
关于功能性灭绝的定义讨论
关于加快农业绿色发展的通知
关于动物与人类互动关系
关于动物表演训练方式
关于北京野生动物园事件
关于区域牺牲与支援
关于医疗公平的争议讨论
关于危险驾驶行为
关于图像真实性的讨论
关于地点
关于地点阴森的猜测
关于大批流入本地
关于女中学生跳河事件
关于婴儿父母遗弃行为
关于嫌疑人日常表现与犯罪行为反差
关于安徽洪灾信息
关于安达化工企业爆炸
关于宝宝求抱抱事件
关于实施飞机施药防治美国白蛾
关于实施飞机施药防治美国白蛾的公告
关于家长责任的讨论
关于小额纠纷引发严重暴力事件的社会反思
关于居住条件质疑
关于市场价格真实性
关于彩礼习俗与婚嫁压力
关于徐州化工厂爆炸
关于战争可视化的传播
关于手机充电位置
关于执法公正
关于扶贫对象主观能动性问题
关于技术原理
关于拉达克的正文内容
关于捡钱行为的讨论
关于摄像头与人工责任的讨论
关于故宫屋顶是否能落鸟的争议
关于新闻真实性的讨论
关于新闻配乐的反馈
关于方舱实验室运行
关于旅游准入与游客素质问题
关于无现金时代
关于是否应支付生活费
关于极端天气下是否应停课
关于柘皋镇被淹事件
关于桥梁安全
关于检测费用与出行选择的讨论
关于橘子可摘的误解
关于正当防卫界限
关于武汉长江大桥燃放烟花的信息
关于死亡后果
关于水怪真实性
关于江西人的地域评价
关于沐梓离世方式
关于泰国普吉岛开放的报道
关于海外航班安全与疫情谣言
关于消费风险提醒
关于涉事工厂具体名称
关于激光武器实战化的讨论
关于火灾真实原因的讨论
关于火车因婚礼拱门倒车
关于灵异事件的猜测
关于灾情影响的真实性
关于爱情与牺牲的讨论
关于爱情牺牲与疫情伦理
关于物价监管的讨论
关于物理可行性
关于特朗普演讲事件
关于特朗普言论的报道
关于玉林福绵机场试飞成功
关于现钞被台风吹散的讨论
关于珠海内涝现象
关于生命伦理与资源分配
关于生物治蝗的有效性
关于男子在铁轨上被撞事件
关于真实性的质疑
关于真实性讨论
关于真实性质疑的讨论
关于禁止投喂动物
关于空难场景真实性
关于第三者处理的法律讨论
关于纹身拘留的通知
关于联合国报告及疫情对非洲影响的描述
关于肉质安全与真实性
关于肉龄超40年
关于见义勇为与公共设施保护的权衡
关于设备类型和事故原因
关于该事件
关于语言暴力对学生心理伤害的评论
关于象群醉酒事件
关于责任归属
关于责任归属的讨论
关于赵某某被追问违法事件
关于跨境人员流动与城市接待能力
关于身份认同的争议性讨论
关于进一步加强大型猫科动物防护管控工作的通知
关于远程工作可行性
关于邻里互助
关于长期居住可行性
关于防卫星抓拍的误导性内容
关于防疫措施执行
关于霍金身份真实性
关于食物消耗合理性
关于食物消耗量
关于食量与亲情关系的网络讨论
关于驾驶违规
关于验证霍金身份的方法
关于鲍里斯骑车上班的正文内容
关切
关切、支持和祈愿为主
关切与祈祷
关切之情
关切态度
关切情绪
关切灾情
关切灾情恢复与群众安置
关切祝福
关好门窗
关心
关心农业、关注农村、关爱农民
关某某
关某某与李某某、王某某
关注
关注@温州都市报
关注、评论、点赞并留言提问
关注与互动
关注与投稿
关注与联系
关注与讨论
关注与调侃
关注与质疑
关注交通生活安全文明出行
关注以获取更多资讯
关注你以后每节必看
关注你的身边事! VX公众：长沙榜 投稿📬：30963116@qq.com
关注儿童安全
关注公共安全
关注关注
关注凤阳警事
关注创青春 团中央青年发展部官方账号 新闻 正能量 精彩短视频 在这里和青年共振
关注发现更多趣事有合作意向的欢迎洽谈
关注司机工作强度和健康状况的呼吁
关注后私信方式提交时间+地点+人物+求助事件+联系方式
关注呼吁
关注和扩散
关注安徽池州民生问题
关注官方信息
关注官方信息源
关注实时资讯
关注广州的广播电台
关注弃婴权益
关注引导
关注我❤湛江本土新闻资料 轻松掌握
关注我❤湛江本土新闻资料 轻松掌握 湛江市广播电视台官方抖音 业务咨询：18898529331❤
关注我一起上吧
关注我们dou有好运每周二和周四下午4:30直播街头丘比特~ 11月3日11:00直播模特选拔大赛
关注我吧 谢谢
关注我呗有关必回
关注我和你一起愉悦地享受生活
关注我带你探索世界未解之谜每日更新奇闻异事
关注我带你爱上这座城市
关注我带你看更多有趣视频
关注我带你走遍北京周边北京怎么玩问我就对了0成本探店可私
关注我影响有影响的人爆料&投稿：963881362@qq.com
关注我欢迎评论交流这里有你好看的你会有收获正能量一个人乐不是乐一起乐才是真的乐我很好客的哦
关注我每天更新精彩内容 问题反馈咨询解答↓↓↓↓ 联系V信：hkk8961
关注我生活可萌、可暖、可乐值得
关注我的不止齐齐哈尔人
关注我让你知道世界没你想的那么简单
关注我💕 帮你看见这个世界被忽略的细节
关注揭阳消防带你了解更多消防知识
关注救援与安全检查
关注时事热点 聚焦民生百态
关注本地民生
关注此事的好心人
关注民生服务人社
关注气候变化与地质灾害预警
关注汛情
关注海峡网了解更多有趣有用的新闻资讯
关注消防员安全
关注消防安全留言
关注点
关注环境
关注疫情进展
关注监管责任
关注社会事弘扬正能量
关注社会事弘扬正能量欢迎投稿：nyw0377@163.com 商务: nywdy520
关注社会事弘扬正能量欢迎投稿：nyw0377@163.com商务: nywdy520
关注社会生活反映百姓心声
关注福建省内事爆料可私信
关注红星新闻更多暖心画面更多好听音乐等你来❤️
关注者
关注自然科普与传统文化的作者
关注荆日关注你关注的
关注评论有惊喜视频爆料请发至376963973@qq.com
关注账号bqynet
关注账号了解更多热点直播
关注身边事、传播真实资讯
关注身边案件聚焦执法现场传播法治声音
关注逆行救援的消防人员
关注青少年心理困境
关注预警通知是否到位评论
关注🥳你所关注的 👉 解读🥳你想了解的 视频投稿👉请私信❤️❤️❤️
关爱健康
关爱健康关注养生
关爱女性在快手
关爱救援动物伙伴
关系再好也经不起这么吃
关联关键词
关联文本
关联文本主题
关联文本标题
关联正文内容
关联虚假事件
关联话题
关键作用
关键信息
关键封堵任务
关键时刻还得人民警察
关键时刻还看新京报
关键词
关键词1
关键词119 徐州化工厂爆炸
关键词8岁白血病女孩为减轻父母负担自拔氧气管离世
关键词9人滞留湖北吃光亲家三头猪
关键词一儿童在浏阳北正西三楼钓鱼池内触电身亡
关键词一次违停收到两张罚单
关键词一男孩斑马线滑倒后脑着地身亡
关键词上海因垃圾分类发生命案
关键词上海男子掏鸟窝踏空身亡
关键词与内容不符
关键词中人数
关键词中提及南通开发区通盛花园
关键词临潼发生交通事故3人死亡
关键词之一
关键词乘客受肺炎感染
关键词乘客欲逃离被警察开枪射击
关键词云南一中学提供变质食物食堂系县委书记岳父承包
关键词云南勐海象群饮酒醉倒茶园
关键词云南彝良棺材滑落致1死2伤
关键词伊朗核科学家遭暗杀车内视频曝光
关键词体育馆小孩3岁被大狗把半边脸咬伤
关键词佛山一仓库起火致1人轻伤
关键词佛山山火肆虐
关键词佛山山火肆虐浓烟直冲云霄
关键词俄罗斯小学生零下50度顶暴风雪回家
关键词信息
关键词八宝粥里面装的海绵
关键词内容
关键词加油时玩手机致汽车爆炸
关键词十堰火车站爆炸
关键词南京地铁三号线发生暴乱
关键词南宁虎丘一小车疯狂冲卡撞向人群
关键词卧铺客车坠下大桥有人员伤亡
关键词印度、非洲活埋新冠病毒感染者
关键词印度公园健身器材自行运动是在闹鬼
关键词印度新冠病人在街头突然倒地
关键词受疫情影响威尼斯出现天鹅和海豚游泳
关键词合肥地铁卡免费送
关键词吉林松原一女孩被一群男女围殴脑袋被摁进水中
关键词吉林电视台播报全市打开井盖排水
关键词吴江
关键词吴江一变电站着火
关键词哈尔滨市化工路发生爆炸
关键词四川无牌兰博基尼应急道飙车拒检仅扣6分罚200
关键词国外中心街头无业难民围追中国旅游团大巴
关键词地震中老师教学生躲课桌下自己却跑了
关键词埃航客机坠毁前舱内最后时刻
关键词堆砌
关键词堆砌特征
关键词墨尔本飞往广州的航班客舱内满载物资
关键词外卖小哥送餐回来发现电动车被盗坐地痛哭
关键词天津两渔船互殴
关键词天津拾荒老人遭暴力执法
关键词天津港保税区一车间发生爆炸事故
关键词女乘客神灵上身使得飞机逃过一劫
关键词女性被捕者被港警性侵
关键词孩子卡在游乐园导致死亡
关键词宁波古林一刚出生女婴被遗弃街头垃圾桶
关键词安徽池州平天湖湖管监守自盗
关键词安徽省太和县拆房纠纷一家人被打死七口
关键词宜宾地震街头裸奔
关键词属性
关键词山东德州夏津骑车女别停大货车
关键词山东滨县一新郎被婚闹摔头至死
关键词山东潍坊在建大楼倒塌
关键词平南大桥深夜发生跳桥事件
关键词平南高速贵港段发生车祸致四死
关键词广东汕头发生金店抢劫事件
关键词广东湛江一胎生七男一女
关键词广西宜州一警车车轮被盗
关键词引导性过强问题
关键词张家界赵家岗土家族乡新安村学校受灾学生溺水
关键词德阳车祸后持械斗殴
关键词情侣相约跳崖男方跳了女方转身离开
关键词意大利不再给60岁以上的新冠肺炎患者戴呼吸机
关键词意大利女友感染新冠肺炎男友脱掉防护服见最后一面后双双殉情
关键词意大利政府将新冠病人尸体丢入万人坑
关键词慈溪某地婚礼拱门离铁轨太近逼停火车
关键词成都市体育馆下面是蜀王陵
关键词成都至宜宾500车连撞
关键词所述地点
关键词报告伤亡数
关键词捐给黄石的青菜被扔
关键词提及内容
关键词提及品牌
关键词提及地点
关键词政府决定把整个柘皋镇淹了
关键词无锡加油站爆炸了
关键词日本高仿真美女机器人上市1小时就被抢完
关键词有乘客受肺炎感染、乘客欲逃离被警察开枪射击
关键词李天一狱内组乐队
关键词杭州一女子商场追着日本女孩大骂
关键词杭州小车高速爬柱事故致9人遇难
关键词柳州一名男子当街挟持人质与警察对峙
关键词标注
关键词标注错误
关键词标签
关键词桐庐一大桥被洪水淹没
关键词橘子洲景区的橘子可随意摘
关键词武汉古田四路佳兴园一居民使用酒精消毒引发火灾爆炸
关键词武汉因感染被隔离的宝宝看到医生后求抱抱
关键词武汉大智路数码港附近有无症状病人倒地昏迷
关键词武汉武昌和平大道立交桥塌了
关键词武汉长江大桥燃放烟花驱疫
关键词永春一家四口服药自杀
关键词汉巴南高铁今日正式通车
关键词沈阳棋盘山动物园小动物被烧死
关键词河北沧州鞠官屯油罐爆炸死亡22人
关键词河南郑州男子服装店被洪水淹没痛哭
关键词泉州欣佳酒店坍塌事故中有警犬牺牲
关键词泉州酒店倒塌
关键词泰国普吉岛沉船事故
关键词流浪大师沈巍捐出30万直播收入
关键词济南王关庄城管被瓜贩砍伤
关键词浓烟直冲云霄
关键词浙江温岭一油罐车爆炸现场视频画面曝光
关键词海口一小区用酒精全屋消毒后开空调爆炸
关键词海口吾悦广场有人跳楼
关键词海宁一印染厂发生污水罐体坍塌事故致4死16伤
关键词深圳东门的ATM机被吹翻了满地钱
关键词深圳明年试点开征房地产税
关键词深圳龙华卡车刹车失灵连撞5车致2死
关键词温州男子因女友出轨当街暴打
关键词湖南15岁孩子为要钱砍死奶奶
关键词湖南冷水江气功大师发功退洪水
关键词湖南慈利学生被洪水冲走
关键词湖南新化山体滑坡多人被埋
关键词湖南醴陵鞭炮厂爆炸100多人被炸死
关键词湛江某宵夜店被砸
关键词火神山医疗队入驻鹤洞
关键词烟台排水井沼气爆炸
关键词烟台铁姆肯发生火灾有人跳窗逃生
关键词特朗普演讲中险些晕倒
关键词牺牲19名扑火队员最后影像
关键词猪肉里的颗粒物是激素
关键词环江林业局附近一小车横扫夜宵摊
关键词甘南地区封锁了方圆5公里汽车突然飘起来了
关键词甘肃陇南宕昌洪灾
关键词电竞毕业生无人从事本专业
关键词男子教训高铁霸座者获刑4个月
关键词祝融号火星车自拍首秀是P图合成的
关键词福建莆田一男子200公里时速行车撞死摩托车主
关键词第三只豹子被十几只猎狗咬得半死
关键词组
关键词美军出动10艘医疗军舰
关键词美军拍到中国志愿军冰雕连
关键词美军激光武器拦截伊朗导弹
关键词美团外卖小哥暴打商家
关键词美国也开始抢口罩了
关键词美国太空总署拍到世纪最强太平洋恶魔风暴山竹
关键词美国新冠患者跳海自杀尸体冲上岸
关键词美国纽约皇后区商业街大爆炸
关键词美的创始人何享健在佛山市自家别墅遭到挟持
关键词老太向交警下跪
关键词老挝水电站大坝溃坝
关键词考取上海公务员分配公租房
关键词聚焦内容
关键词芜湖一中高三学霸跳楼
关键词苏州吴中永旺附近有企业爆炸
关键词苏州姑娘因吃小龙虾感染了肺吸虫病
关键词英国疫情爆发黑人区开始骚动
关键词茂名一商铺施工砸死人
关键词茭白上的小黑点可预防骨质疏松
关键词藤县太平某银行发生抢劫
关键词被聚焦
关键词西安市喷撒高浓度消毒液
关键词警察暴起伤医
关键词误写
关键词误标
关键词误标或误导
关键词误标或误导性标签
关键词车内喷香水+抽烟引发爆炸致两人死亡
关键词辽宁抚顺新宾县发现东北虎
关键词连云港赣榆爆炸现场
关键词邯郸交巡警支队永年大队因追赶违法车辆发生事故
关键词邵东妇联主任带人殴打快递点工作人员
关键词重庆一老人被4条恶犬咬死
关键词重庆女子因家庭纠纷持刀抢劫出租车并砍伤两人
关键词重庆街头奔驰车主狂扇法拉利车主耳光
关键词金城江火车站附近发生砍人事件
关键词钱塘新区化工厂起火救援现场
关键词长春38车连撞、17人死
关键词长江宜宾段发生决口
关键词长沙一小区晒被子掉下3万元
关键词长沙一高架桥掉下一辆车
关键词陕西子洲山体滑坡
关键词霍金留下最后警告人工智能将毁灭人类
关键词非洲人在华因疫情原因遭虐待
关键词非洲活埋新冠病毒感染者
关键词韩国游乐场推出跳楼机+旋转飞椅极限项目
关键词飓风哈娜吹垮了特朗普边境墙
关键词香客买不起香和尚们群殴香客
关键词香港理工大学博士毕业典礼校长滕锦光拒绝与戴着口罩上台毕业生握手
关键词马来西亚巫师病床作法抓新冠病毒
关键词马航失踪者豪车停机场
关键词黎巴嫩首都贝鲁特港口地区突发巨大爆炸
关键词黑龙江甘南3.3级地震致路面开裂
关键词龙卷风可以预报
关键词：9人滞留湖北吃光亲家三头猪
关键词：内蒙古锡盟东乌旗发生地壳推移
关键词：小学生头戴走神监测环可以检测上课是否走神
关键词：马来西亚巫师病床作法抓新冠病毒
关键词：高空坠落折叠刀直插男子后脑勺
关闭公园事件
关闭动物园
关闭原因
关闭珠峰北坡通道
关闭肇东八里湖景区
关闭门窗
关闭阀门操作
关闭麦克风访问权限
关闭龙头或阀门
兴业发来贺电
兴仁
兴化镇
兴趣爱好：分享全球旅游动态 愿山河无恙人皆平安🙏🙏🙏
兴趣表达
兵兵捡几万？
兵哥
兵哥哥要注意安全
兵马俑停车场入口附近
兵马俑散客组工作人员
其不当行为
其中
其中24人
其中一人
其中一名伤者
其中一名儿童
其中一名女子
其中一名男子
其中一辆尚未上牌
其中一辆车
其他严重伤亡报告
其他乘客安全
其他伤者
其他城市
其他无关新闻片段
其他智慧生物
其他来源确认真实性
其他生命体
其他用途场所
其他责任人
其他车辆
其他车辆和行人
其余伤者
其余受伤人员
其余接触人员
其余获救人员
其出于好心
其刑事责任
其可能为车主正当维权
其妻
其妻子
其妻常开的汽车
其妻日常驾驶的小汽车
其妻生前驾驶的小汽车
其妻生前驾驶的汽车
其子女受影响
其宗旨
其家人亲眼目睹现场
其感染风险
其死于新冠肺炎
其汽车
其生前存在精神方面问题
其科普价值
其车辆
具体事实依据
具体事故原因
具体人员
具体伤亡情况
具体信息
具体几点到几点能说一下嘛
具体厂名为世硕电子
具体厂名为昆山鼎鑫电子有限公司
具体厂名猜测
具体原因
具体受灾区域
具体受灾地点
具体国家信息
具体地址哪里
具体地点
具体处置结果
具体情况
具体情况未明
具体情节
具体损失
具体描述
具体时间
具体病因
具体病因未查明
具体结果
具体表现之一
具体起火原因
具体身份
具体车辆数量
具备女友全部功能
具备完全免费通信功能的手机
具备定位功能的第三代居民身份证
具备滑雪能力
具备爆炸条件
具备高空抛物识别功能的监控系统
具有十年以上创业经验的自媒体人
具有法治警示意义
具有浮力的物品
具有虚伪本质
具有高滑倒风险
典型假新闻
典型假新闻传播形态
典型案例
典型汛期舆情中的假新闻
典型的信息失真类假新闻
典型的假新闻
典型的安全隐患类网络谣言
典型的拼凑式假新闻
典型的拼凑式虚假信息
典型的疫情相关假新闻
典型的网络假新闻
典型的网络谣言
典型的虚假信息
典型网络假新闻
典型网络谣言
典型谣言
养不起了
养大两个孩子
养狗安全问题
养狗拴绳
养狗立法必要性
养的3只鸭
养的鸡
养老的选择
养老福利
养老金每人352元
养鱼
冀B7776G变体写法
冀B7776G小型轿车
冀B7776G小型轿车相关描述
冀D5369警
冀D5369警警车
冀D5369警车辆驾驶人
冀云·长城新媒体官方账号
内华达州51区
内圈驯鹿
内地发展成就
内地女子在港警扫黄行动中被捕事件
内地女生在美国某火山口游玩坠落熔浆
内地防疫更安全
内外向
内奸泄密
内容
内容不实
内容为伪造
内容为摆拍或图像处理虚构
内容为真
内容为真实新闻
内容为真新闻
内容为虚构或恶搞
内容为谣言
内容主题
内容传播渠道
内容使用限制声明
内容倡导主题
内容关键词
内容创作
内容创作者
内容包含虚假信息
内容发布时间
内容发布时间戳
内容发布的时间戳
内容发布者
内容发布者描述
内容发布者说明
内容可信度
内容失真
内容存在夸大
内容存在夸大与虚构
内容存在误导性
内容审查重要性
内容属实
内容属性
内容属虚构
内容引流
内容形式
内容性质
内容投稿方式
内容拼凑虚构
内容描述
内容显示袭击过程
内容末尾
内容杂乱
内容来源
内容来源栏目
内容极度舒适
内容标签
内容校对人员
内容混乱夹杂无意义字符与重复信息
内容的娱乐性质
内容真实性
内容碎片化、表述不清
内容穿插无关信息
内容系虚假信息
内容系虚构
内容系虚构演绎
内容细节
内容结构
内容缺失
内容虚假
内容虚假性
内容部分失真
内容重复且混乱
内容非真实事件
内心澎湃
内攻灭火
内江大厦
内江威远县凤翔中学初一六班学生
内洛尔地区相关部门展开调查
内涝
内涝为主不至于被淹
内涝发生时间
内涝灾害
内涝灾情
内科学
内罗毕
内罗毕踩踏事件
内置弹舱舱门
内蒙古人
内蒙古包头
内蒙古回民区中山西路与锡林郭勒南路路口
内蒙古广播电视台融媒体传播中心官方抖音账号
内蒙古自治区政府主席布小林
内蒙古自治区通辽市科尔沁左翼后旗甘旗卡镇巴润海斯改嘎查
内蒙古赤峰两车相撞致4死2伤
内蒙古赤峰事故
内蒙古赤峰交通事故4死2伤
内蒙古赤峰市敖汉旗
内蒙古赤峰市敖汉旗省道210线536公里处
内蒙古赤峰市敖汉旗省道210线536公里处交通事故
内蒙古赤峰市敖汉旗省道某路段
内蒙古通辽
内蒙古通辽市
内蒙古通辽市一名扶贫干部
内蒙古通辽而非辽宁
内蒙古锡盟东乌旗
内蒙古锡盟东乌旗发生地壳推移
内蒙古锡盟东乌旗发生地壳推移人类首次用视频记录地壳运动
内蒙通辽
内轮差
内部人士
内部人士特别奉献
内部出版 SMGI
内部调查
再不回来大自然就要收回学校了
再不晒被子过两年拿被子都可以付首付了
再也不怕中国高昂的礼金了
再也见不到她们了
再加10万元彩礼
再度出征钟南山院士与欧洲分享中国经验
再未归来
再来一支水枪
再来亿遍在第12届中国珠海航展上机动盘旋的两架歼-20战斗机在数万名观众的见证下打开了内置弹舱舱门
再来点更好看的
再次实施暴力行为
再次投入战斗
再次施暴
再没别的办法了吗
再现惊人言论
再生一个妹妹以免孤单
再生一个孩子以免孤单
再等等
再过十年岂不个位数？
再音APP
冒充有钱人
冒充警察实施违法犯罪的涉恶团伙
冒充警察身份为手段的犯罪行为
冒死救援
冒滴
冒险行为
冒险通行
冒雨哭泣且迷路的小男孩
冗余信息
冗余或混乱表述
写有乔治·弗洛伊德和特拉奥雷名字的标语
写有集体荣誉感的纸条
写着六安
军事 军事迷
军事冲突
军事冲突事件
军事动员口吻
军事合作
军事安全常识
军事对抗场景
军事控制
军事模拟游戏武装突袭3
军事演习导致死亡
军事行动和灾害救治
军事迷
军人
军人依法优先标识
军人在危急时刻挺身而出的担当精神
军人待遇
军人担当
军人舍己救人
军人行为诠释军人优先意义
军哥哥们辛苦了注意安全
军哥哥们辛苦了注意安全评论
军哥砂锅面
军哥砂锅面就餐
军哥砂锅面就餐顾客和工作人员报告
军工传广告
军工传承 央企办校
军工传承 央企办校 邮重点技工学校 船 学技能到广船技校
军工培养
军方协助
军方协助运送遗体事件
军武占
军民响应决心
军用冷藏卡车
军用卡车
军用卡车运输遗体
军纪过硬
军警救援力量
军警救援力量表达敬意
军车
军车运输尸体
军队野战医院的临时医疗设施
农业农村部
农业农村部功能食品重点实验室成果转化试验推广中心
农业农村部发文：百草枯不得在境内销售
农业十余年
农业大学79010专业
农业直播
农业种植、养殖及农产品加工技术研究
农业种植技能
农业管理技能
农业经营技能
农业部公告第2552号
农产品品质
农产品安全性问题
农作物
农作物受损
农作物受灾
农作物受灾面积
农作物受灾面积达2897余公顷
农作物有机肥替代率达100%
农夫山泉和千岛湖鱼一秒钟多少钱
农导师
农导师简介
农技
农村人吃鱼不应被罚
农村天地大有可为
农村娶个媳妇几十万吃点算什么
农村治理与法律执行问题
农村群众生活艰辛
农民
农民不容易
农民出身辛苦命
农民工不容易希望善待他们
农田
农药使用量零增长甚至负增长
农药化肥销售门店库存化肥
农贸市场
农资店下架化肥
农资店留存的化肥进行封存处理
农资招商
冠状病毒
冠状病毒感染事件
冠王五金塑料有限公司仓库
冠王五金塑料有限公司仓库火灾
冠王五金塑料有限公司仓库火灾致1人轻伤
冬夜男婴在垃圾桶内啼哭1.5小时 监拍江苏一新生儿遭母遗弃后被救起
冬季湖面结冰
冬季湖面结冰不稳定
冬季行车安全提醒
冯振家
冯振家所在邻居家不足百米
冯某某
冯某某作案
冯某某作案细节
冯某某作案过程
冯某某堂妹
冯某某堂妹接受采访
冯某某堂妹的采访
冯某某持刀杀害妻子
冯某某持刀杀害妻子事件
冯某某杀妻事件
冯某某杀妻并烧车事件
冯某某杀害妻子并焚烧车辆事件
冯某某驱车返回家中事件
冯渠村
冯表
冰柜等财物
冰窟
冰箱
冰箱保存过夜炒菜亚硝酸盐含量
冰箱冷冻室
冰糖泡
冰裂开的时候所有人都捏了一把汗
冰视频
冰雹大小
冰雹大小似鸡蛋
冰雹大小达鸽子蛋甚至鸡蛋程度
冰雹异常巨大
冰雹袭击
冰面
冰面安全
冰面漂移事故
冰面玩耍
冰面碎裂
冲上公交站台
冲入店内继续打斗
冲入车群
冲击力巨大
冲击波
冲击波太恐怖了
冲击波强烈
冲动是魔鬼
冲动是魔鬼不要为了一时毁了一世拒绝纹身从我做起
冲动自杀
冲动行为的危害
冲动行事
冲卡
冲卡弃车丢妻 男子自摆乌龙
冲卡碰撞事件
冲卡行为
冲卡逃逸
冲向驾驶室
冲撞夜市摊位行为
冲洗路面
冲突
冲突事件
冲突事件的评论
冲突全过程
冲突原因
冲突因素
冲突场面
冲突性事件
冲突性事件引发舆论抨击
冲突性情节描述
冲突起因
冲突起因是外卖员催单过程中言语不当
冲突过程中
冲突过程记录
冲走
冲这视频必须点赞
冲锋舟
冲锋舟资源持有者
冲锋艇强渡登滩
冲鸭
冲鸭浙江10万只鸭子出征巴基斯坦灭蝗
冲鸭消灭蝗虫 巴基斯坦 浙江十万只鸭子将
决口长度
决口长度扩大至200余米
决堤事故
决定将车驶出隧道再处置火情
冷冻储存
冷冻猪肉被村民哄抢事件
冷冻羊肉
冷冻鸡脖
冷坤
冷水江资江二桥
冷漠
冷漠原生家庭
冷知识
冷知识研究所
冷静
冷静有序的应对行为
冷鲜肉
冻死了你笑得出来？
冻雨
净月区
准备改行
凉凉
凉山
凉山木里山火
凉山木里山火新闻
凉山木里山火火场
凉山西昌山火
凉山西昌山火中牺牲
凉山西昌山火事件
凉山西昌山火扑救任务
凉山西昌山火致19名扑火队员牺牲 救火队员出征最后画面曝光21人只回来3人痛哉
凉鞋
凌云友女
凌晨
凌晨2点22分
凌晨一点半被吓死了
凌晨两点
凌晨出事两位孩子当场身之警惕手机床上充电转发
凌晨是否清零
凌晨的泰山顶突然电闪雷鸣是何人在此渡劫
凌铁大桥
减少化肥使用有助于提升肥效利用率
减少化肥使用有助于缓解土壤环境恶化
减少化肥使用有助于降低种植成本
减少医护人员负担
减少外出
减少夜间出行
减少夜间出行通知
减少损失
减少损失的应对策略
减少死亡人数
减少火灾风险
减少食用小龙虾
减晚报
减晚报清晚报平安重庆警情通报
减缓下落冲击力
减轻压力
几乎哭晕过去
几乎所有的口罩
几乎无人对口就业
几十天吃掉三头猪
几十天吃掉三头猪过于夸张
几十米高
几只下蛋母鸡
几只下蛋用的鸡
几只下蛋用鸭
几只下蛋鸡
几只母鸡下蛋供孙子食用
几只蚕
几只鸡下蛋
几只鸡为孙子留着下蛋
几台变压器跳线所致
几名儿童无视禁止游泳警示标志下河玩水
几名同龄人
几小时内下泄
几点开始放
几百斤大米
几百斤米
几百斤米如何吃完
几米
几米高
几辆车
凡事不要欺人太甚
凡事靠自己人生才不会输
凤凰号
凤凰号双层游船
凤凰号打捞后
凤凰号打捞工作
凤凰号沉船
凤凰号沉船事故
凤凰号游船
凤凰网IF ENG.COM
凤凰网IFENG.COM
凤凰网军事
凤凰网安徽频道官方账号
凤凰网科技
凤凰网财经
凤汇山路 州 快影 雪陷修复
凤阳发生的一起因邻里矛盾而伤人毁车铲坏房屋的事
凤阳本地真实新闻
凤阳本地警情
凤阳警事
凤阳邻里纠纷暴力事件追踪
凤鸣岐山之祥兆
凭什么你一手污染了藏地还让藏地净化你的心灵？
凭密码支取
凭空捏造
凶案导火索
出了一趟远门
出了问题就可以找理由
出入
出去戴口罩把香油抹在鼻子上不会感冒
出发地与中国防疫政策和法律法规
出口
出口区域
出名
出名了
出售中国古代经典书画碑刻拓片复制品
出售信息
出国选择
出土国宝级文物
出差途经乐山的用户
出彩河南人我爱大河南💕
出彩河南人我爱大河南💕 最权威的资讯最暖心的人物最美丽的地方河南的宝藏尽在大河报爆料邮箱：yushipin007@163.com
出征时最后影像
出征（大风歌）
出意外过
出殡过程
出殡过程中因棺材滑落导致多人摔倒
出现
出现在抖音账号中
出现在文本中
出现在正文
出现在该文本评论区
出现在该视频中
出现大风雷电天气
出现天鹅和海豚游泳
出现崩溃状况
出现异常提速
出现情绪化回应
出现搬空现象
出现疫情高峰
出生日期1991年1月125日
出租
出租屋
出租屋内产下女婴
出租车
出站时看到天空已成魔界
出第三代身份证还有定位功能
出行受阻
出行安全
出行安全堪忧
出行必要性
出行是否也需戴头盔
出行检查车况
出行检查车况提醒
出行注意安全
出行隔离政策
出警平安
出警民警
出逃金钱豹被搜救犬下死口
出门佩戴头盔等防范措施
出门旅游一定要注意安全
出院后继续骑自行车上下班
出院或返回酒店
击毙主张
击破车窗玻璃
击破车窗玻璃方法仅用粗盐和口水
击败过程
击退洪水
刀具插入后脑
刀具插入后脑竟能行走且未当场昏迷
分享
分享国内热点新闻
分享多彩生活
分享好视频传递正能量求助或提供新闻线索请关注后私信（时间+地点+人物+事件+联系电话）栏目官方热线：0531－88981234投稿邮箱：2226091685@qq.com
分享干货知识与人生百态
分享操作选项
分享日常
分享素食健康资讯学习食材营养知识季节饮食健康
分享青春生活
分别为8岁和3岁
分发行李
分心驾驶
分手费
分批运送捐赠羊
分担责任
分散的三头估计去隔壁村买烧烤了
分析
分泌物送检
分神
分离相机
分离相机拍摄
分离相机无线遥控拍摄
分辨率真高
分配方式
分配结果
分配透明度不足的担忧
分配问题
切割机作业
切勿信谣传谣
切勿在冰面奔跑
切勿在冰面滑行
切勿在冰面行走
切勿在车内放置香水、打火机等易燃易爆物品
切勿錯過觀看機會3
切勿高空抛物
切菜时发现黑点刷抖音求证
刑事复议
刑事复议决定书
刑事复议申请
刑事强制措施
刑事拘留
刑事拘留强制措施
刑事指控
刑事案件
刑事案件报道
刑事检察部门检察官提前介入案件
刑事犯罪可能性
刑事立案
刑事立案条件
刑侦这支队伍[赞]
刑法上的过错
刑法修正案（十一）
刑法第264条规定的盗窃罪
刑罚是否过轻
刑警大队
划线不清告知不明车停划线车位内被连贴两张罚单车主表示难理解
划线作业
划线停车位内
划线施工
划线施工中使用明火可能引燃了井内沼气
划线机下边有火焰喷射加热
划线机作业时
划线机加热引燃沼气
列入景区黑名单
列城
列车
列车他人座位
列车员劝阻
列车因突发故障退出服务
列车故障
列车正常运营
列车运行
列车长王巧芬
列车霸座行为
刘乐楠
刘伯温盗墓等轶事
刘华华
刘华华等人
刘启军
刘启军发现羊被咬死事件
刘启军家
刘启军家羊只
刘女士
刘女士取款请求
刘女士可依据民法典第十四条请求适当分得遗产
刘女士家中有大量血迹
刘女士持有存折和密码却无法取款
刘女士的姑姑
刘女士非法定继承人且无公证文书
刘姓民警
刘宇亮
刘师傅
刘师傅的帮助
刘府镇
刘必权
刘捐捐
刘文杰
刘旸
刘某
刘某华
刘某因教训霸座男被判处拘役四个月
刘某某
刘某某之子
刘某采取暴力手段
刘海燕
刘海燕 698分考入美国哈佛大学
刘海燕20岁湖南常德人以698分考入美国哈佛大学并在美国全国学术论坛中荣获第一名后回国
刘海燕20岁湖南常德人以698分考入美国哈佛大学并在美学术论坛夺冠后回国被誉为真正的明星
刘海燕698分考入美国哈佛大学
刘海燕为国争光
刘海燕为国人的骄傲
刘海燕为简单快乐的女孩
刘海燕以698分考入哈佛并夺冠
刘海燕以698分考入美国哈佛大学
刘海燕成绩真实性
刘海燕本人
刘海燕此人
刘畅
刘红领
刘自强
刘自强为良心医生
刘自强体现医者仁心
刘自强医德高尚
刘自强医生
刘自强的医术与医德
刘英文
刘钊
刘钊率工作组
刘长征
刘长征停职检查
刘青松
刘静
刘首强
则不构成欺骗
刚充满气状态
刚出生不久
刚出生不久的男婴
刚出生女婴
刚出生女婴被遗弃
刚出生女婴被遗弃街头垃圾桶事件
刚出生的女婴
刚出生的弃婴
刚刚交警蜀黍已经辟谣了这是PS的
刚刚发生的看的我发抖
刚刚看了新闻这样判别是不科学的……
刚刚长沙一越野车从波隆立交桥上掉下驾驶员幸无大碍
刚刷到2号线出事故了还好今天有事没去上
刚吃完小龙虾
刚果首都布拉柴维尔
刚看了海口有一起丈夫酒后杀死妻子的
刚离婚从民政局出来前妻晕倒丈夫冷漠离场
刚趴床上隐约觉得晕了几下
创业
创业初期
创业心得
创业投资思考
创优
创优北京建集团北京城康安团有限公司
创伤外科主任
创作平台
创作有趣的视频 G快影
创作灵感
创作灵感 国标摩登舞 机器人跳舞
创可贴
创可贴贴在路由器上
创图:地震信息指摄机器
创意广告
创意视频私信
创新
创新街小学
创新街小学所在地
创青春
初一女孩
初一女孩跳河轻生事件
初一女孩跳河轻生事件报道
初一女孩跳河轻生民警嘶声力竭地喊话：我是警察我陪你一起死行吗？
初壹食午 CHUYISHIWU
初期症状
初期通报
初步判断
初步判断系燃气引起
初步实验室结果
初步排除他杀可能
初步推测原因
初步诊断
初步调查
初级会计 财务 会计
删除
删除内容
删除操作选项
判了男子不戴口罩 面对劝阻竟用剪刀刺人
判决日期
判决法院
判决结果
判决结果的不解
判决结果的负面评价
判决结果的质疑
判决罪名
判决过轻
判决过重
判刑
判刑不
判刑严查这不是要人命吗
判刑结果
判十年
利图
利奇马来袭上海暴雨升级公交车水中冲浪
利奇马袭击前沈家门渔港实景
利川
利欲熏心
利比亚
利比亚LNA
利比亚LNA举行阅兵时一架战机坠毁
利比亚军方
利比亚历史上规模最大的一次阅兵式
利比亚战机
利比亚战机坠毁事件
利比亚沿海
利比亚沿海发生沉船事故 至少100名偷渡客
利比亚沿海沉船事故
利比亚黎波里
利用AI技术伪造的虚假内容
利用低价增加储备
利用公众同情心传播的假新闻
利用公众对疫情关切制造情感共鸣的虚假信息
利用公众对疫情和医护人员的关注进行信息混淆
利用商用火锅电磁炉为小米9充电
利用悲剧博流量
利用游戏画面伪造的假新闻
利用猎奇情感话题博取流量的虚假信息
利用空难事件制造噱头的假新闻
利用虚假感人情节
别买
别人拍照
别人拿我也拿的从众行为
别以为躺着耍赖我们就没办法了
别伤害豹子
别停货车行为
别再拐了危险
别再让强制卖香扰了佛门清净 别让寺院里的铜臭味玷污了我们的信仰 马良说 大v快评
别去了我们都心疼你
别去了钟老保重身体
别吃了告知家人
别太神了太神让人不信
别怕放心跳我们一定会接住你
别怕放心跳我们会接住你
别怕放心跳男子家中失火跳窗逃生楼下邻居们的举动太暖了谢谢善良的你们…
别把别人的成就往自己脸上贴
别把手机给烤了那就成烤机了……
别让生命似风飘去……
别车
别车真的很可恶
别车行为
别这样都不易
刮撞全过程
到2030年全面实现农业废弃物资源化利用
到公司洽谈业务
到底是保时捷还是法拉利
到底是整骨瘦脸还是整蛊骗人
到底是新疆的事故还是山西的？
到最后就没人承包了自己种更穷
到达现场时
制作中心
制作人
制作信息
制作假指纹膜
制作出属于自己的话语
制作水准
制作游戏、策划游戏才是专业
制图：JOY2021
制度改进意见
制服嫌疑人
制服恶人主体
制服美国壮汉
制止暴力行为
制片人
制造假大米
制造光速飞船并改变过去
制造出光速飞船
制造出通过图灵测试的仿生人
制造噱头可能
制造噱头的假新闻
制造噱头获取流量
制造恐慌
制造恶作剧的责任人
制造悬念
制造情感话题
制造虚假信息以提振楼市
刷手机直播
刷漆假绿化
刷绿漆
刹车失灵
刹车失灵为何不往路外或沟里开
刹车安全与道路风险
刹车灯不亮
刹车灯损坏
刹都刹不住500多车辆连撞车祸猛于虎呀😰
刺激
刺激过头
刺激项目
刺痛
刺痛遇难者家属情感
刺豪华毛毯
刻意编造
前5、中3、后2
前5个
前5中3后2
前一天已电话提醒但无人接听
前一日
前一辆车
前世积德
前几天晚上
前几天看到了
前几天胡先生在使用加压式喷壶喷洒酒精消毒时在无明火的情况下突然发生爆燃
前后门疏散
前天
前夫
前夫柳州市柳江区发生命案女子当街被前夫捅多刀身亡凶手已伏法
前妻
前山立交桥每次都有份
前往人群密集场所
前往医院
前往南宁中转的出行压力
前往查看
前往欧洲向欧洲呼吸学会做视频报告
前往泸山背侧火场
前往湖北探亲者
前往美国分享抗疫经验
前往藏地打卡的游客
前往鉴定中心收取事故鉴定报告
前往鉴定中心收取事故鉴定结果
前往麻山水库
前所未有
前提是你要能先进四大
前提是对方也用华为手机
前方两辆小车
前方大货车鸣笛
前方小车
前方现场救援指挥部
前方缓慢行驶的小车
前方闪光
前日
前男友
前科或多次异常举动
前线记者杨云现场报道
前行中国 精彩湘声
前车
前车刚被吊离后
前车在高速低速行驶且未设警示标志
前进和后退是所有人的权利
前面像是真的后面迎面扑来像是特效
剑桥大学降半旗
剑桥大学降半旗等
剑阁
剧情反转
剧本投稿及消防隐患举报电话
剧本投稿及消防隐患举报邮箱
剧毒及易制爆危险化学品数量和流向
剧烈分解
剧烈声响
剧烈爆炸
剧烈爆炸事件
剧烈眼痛
剧目胡风汉月两牵情
剩余11人
剩余11人逐一安全救出
剩余5500元
剩余5500元去向
剪刀刺人事件
剪刀剪开口罩
剪刀手手势
剪刀手拍照
剪刀手拍照可泄露指纹信息
剪刀手拍照姿势
剪刀手拍照泄露指纹信息？别怕忘记你都磨皮了？囧闻联播
剪映
剪映 C0 久剪映 已处理未缴款 未处理 已缴款
剪映×抖音
剪映工具
剪辑
剪辑或转载
剪辑李天翼
副快影
副快影创作视频传播
副校长
副站长
副部长带队的工作组
副驾驶位乘客
副驾驶位人员
力争上游关键词
力会衰减
力气太小
力色上游关键词
力量对比中的群体优势
劝诫语
劝说
劝说结果
劝阻村民进山
办公室
办公室被烧得乌黑
办案民警
办理案件
办理驾照
功能
功能性灭绝
功能性灭绝风险
加了美颜滤镜
加入灭火救援
加利福尼亚州
加利福尼亚州当地政府
加剧水灾的重要原因
加剧洪灾影响
加勒比海盗没这个我不看了
加勒比海移民
加压喷壶
加压喷壶摩擦产生静电
加压式喷壶
加压式喷壶盛装酒精消毒
加压式喷壶装酒精消毒
加压站启动
加固
加多宝
加大商品住房和保障性住房供应
加大打击黑恶势力力度
加大执法力度
加大搜救力度
加好友
加工人古升机境士
加工后的捐赠羊
加工香肠
加强军事控制
加强军事控制导致边境局势复杂化的行动
加强别墅区安保
加强刹车系统检查
加强医院安检与安保措施
加强危化品监管
加强地质灾害监管
加强塔吊定期检修
加强处罚
加强大货车管理
加强安保措施
加强安全意识与家庭教育
加强安全生产
加强安全管理
加强审核机制
加强家庭教育
加强对动物租赁和展演监管
加强对医生滥用药物行为的法律责任
加强对医生过度治疗行为的法律责任
加强对快速路低速行驶或随意停车行为的处罚
加强对本国科技人才的安全保护
加强对核心区域的生态保护
加强山火治理
加强常态化检修
加强心理疏导
加强扑火安全
加强执勤车辆安全检查
加强教育
加强施工安全
加强植树造林
加强沟通、恢复社会秩序
加强监管
加强行业自律
加强通风
加强队伍管理
加强防护
加强防灾治理
加强震慑效应
加微信jrzxdy
加快玉林高铁建设
加快运送至国内
加急名片印刷品制作 承接各类商务印刷 名片 宣传折页 纸袋 彩箱 画册 标签
加拿大
加拿大华人女生
加拿大多伦多
加拿大多伦多发生龙卷风导致机场大飞机被卷起、汽车满天飞场面可怕
加拿大多伦多的龙卷风真可怕国家地理杂志社花100万美元买回录像切勿错过观看机会
加拿大多伦多的龙卷风真可怕国家地理杂志社花100万美元买回这段录像切勿错过观看机会
加拿大多伦多龙卷风事件
加拿大多伦多龙卷风导致机场大飞机被卷起、汽车满天飞
加拿大多伦多龙卷风往后看4分钟呢最后连飞机场的大飞机都卷起来了
加拿大多倫多龍捲風視頻
加拿大多多伦多的龙卷风真可怕国家地理杂志社花100万美元买回这段录像切勿错过观看机会
加拿大安省向国际学生发放补贴
加拿大安省给国际生送温暖啦有你的大学吗
加拿大皇家骑警东南区
加拿大皇家骑警东南区首席指挥官
加拿大皇家骑警警员
加拿大警察
加拿大警察对华裔女孩暴力执法事件
加拿大警察暴力事件
加拿大警察暴力执法
加拿大警察暴力殴打华人女生手段残忍@抖音小助手
加拿大警察暴打中国女生
加拿大警察暴打中国女生信息
加拿大警方
加拿大警方粗暴对待
加拿大警方过度使用武力
加拿大骑警
加拿大骑警就华人女生遭暴打公开道歉
加拿大骑警拉西·布朗宁
加拿大龍卷風相關錄像
加拿大龍捲風
加拿大龍捲風視頻
加拿大龙卷风
加拿大龙卷风录像
加拿大龙卷风相关录像
加格达奇区人民政府
加水后的粗盐
加油
加油 丁青
加油[强][强]
加油中国
加油会好起来的
加油你们是最棒的
加油合肥
加油声援
加油姑娘
加油守护好祖国
加油宝贝
加油广州
加油早日康复
加油时玩手机致汽车爆炸
加油最美的人儿
加油武汉
加油火焰蓝
加油祖国
加油祝福
加油站
加油站爆炸
加油站附近自燃
加油等鼓劲言论
加油赶快好起来
加油鸭
加油鸭为国争光
加油鼓励表达
加装护栏
加速逃逸
加速逃逸行为
务实了才能点亮生活
务必注意防范
动作慢了点如果疑犯有枪很危险
动容情绪
动手行为
动机性误导传播
动植物大规模灭绝
动漫再现场景
动漫解说
动物
动物世界
动物主体
动物伤人事件责任归属讨论
动物保护倡议
动物和谐相处一副温馨的画面
动物园
动物园小动物被烧死
动物园小动物被烧死说法
动物园管理方无公开记录
动物园逃逸鳄鱼
动物在训练中昏倒后被拎起项圈继续训练
动物安全无恙
动物安危
动物抢夺口罩导致的误读
动物泛滥
动物的运动基因
动物的运动基因本就超越人类
动物科学
动物自行抢食
动物表演
动物表演争议
动物表演者
动物运动基因
动物运动基因优于人类
动物运动基因普遍超越人类但鲜为人知
动物集体自杀
动物鸟世界 动物世界 神奇动物在这里 候鸟大迁徙
动用军用卡车转运遗体
动画
动画或伪造视频
动画片
动画片啊
动画片啊评论
动画评论
动车司机
动车司机刘畅
动静之间 生生不息 一起沟通 参与 记录我们生活的这个时代
动静之间 生生不息 一起沟通 参与 记录我们生活的这个时代 加入动静粉丝团 会有更多惊喜等你哦
助人为乐
助力留学
助手
助理投稿
努力前行
努力实现人类交通飞机化（飞行化）我的万分努力只愿您十分满意
努力才能感受幸福的观点
努力活着
劫持事件
劫持事件处置过程
劫持人质
劫持人质事件主体
励志正能量
劳教二十年
劳资手短
劽头幼虫
勇哥
勇往直前
勇敢的民族
勇敢的游走
勇敢的飞行员[强]技艺高超……阿塞拜疆的米格-25与亚美尼亚地面防空系统的对决精彩[强]
勇敢行为
勇敢面对困难
勤俭节约、环保理念
勤俭节约救了命
勤劳致富是真的我也回家晒被子去 @DOU+小助手 @抖音小助手
勤奋
勤洗手
勿凑热闹
勿将生命托付他人
勿忘国耻历史情感表达
勿盲目批判戴口罩行为
勿食注胶皮皮虾
包含大量乱码与无意义字符
包含无意义字符
包含疑似误写地名
包含表述混乱信息
包含语义不清语句
包头地震学生表演教科书式的紧急避难
包庇嫌疑
包括冰箱和车辆
包括拘役与罚款
包括欠款与劳工权益
包括港澳台地区吗？
包括肌腱、神经断裂
包括陈某斯、汪某导、邓某彪、陈某清
包租承诺
包租模式
包租销售套路
包装奢侈形象
包装用
包装盒大但内含大量泡沫
包装自身形象
包装虚假事件
包装虚标不满
包装过度
包裹
匕首
化学品起火
化学物质自燃
化学物质自燃引发
化学药剂浸泡
化工厂
化工厂 proximity 居民区
化工厂爆炸事件
化工厂疑似爆炸
化工污染影响担忧
化粪池
化粪池内沼气
化肥
化肥使用量零增长甚至负增长
化肥农药
化肥农药销售禁令
化解尴尬
北京
北京、上海、重庆
北京、上海、重庆等地直飞可能性
北京一确诊病例的密接者曾在北京西站乘火车
北京丰台
北京丰台某供电公司变电站
北京丰台某供电公司变电站起火事件
北京健康宝
北京健康宝崩了 网友：寸步难行
北京健康宝系统故障
北京健康码崩了
北京台
北京地坛公园
北京地坛公园器械运动发生意外
北京地铁3号线
北京地铁4号线
北京地铁4号线及大兴线
北京地铁4号线及大兴线部分车厢
北京地铁为防疫情卸掉座椅
北京地铁线路图
北京地铁遇见美好 @北京地铁公司 小故事大道理 dou
北京城康安团有限公司
北京城康安团有限公司等无关实体
北京城建装集团有限公司医工程公司
北京多套豪宅
北京大学教授
北京大学第一医院医生
北京大学第一医院第二住院部医生办公室
北京局高卷 烤鸭囍木果场
北京市人民政府新闻办公室
北京市公安局110
北京市公安局朝阳分局
北京市台联会长
北京市教委与BTV合作的非常向上
北京市朝阳区朝阳医院门诊楼内
北京市朝阳区某医院持刀伤人案件
北京市朝阳区某医院门诊楼
北京市朝阳医院门诊楼
北京市炜衡律师事务所律师解川
北京市疾控中心协查函
北京市相关部门
北京市致诚律师事务所
北京广播电视台北京时间
北京建集团
北京日报
北京日报客户端
北京时间
北京时间5日16时
北京时间网站/APP时间拍客栏目
北京晚报您的报为您服务最热情
北京朝阳医院
北京朝阳医院伤医事件
北京朝阳医院发生暴力伤医事件 犯罪嫌疑人被控制
北京朝阳医院门诊楼
北京朝阳法院
北京烤鸭卷
北京片寻卷
北京片寻卷信息
北京着陆后驾车回家
北京西站
北京西站出现大量白衣人疑似疫情大爆发
北京路与山海路路口
北京野生动物园
北京野生动物园内有游客向鹿投喂口罩
北京野生动物园自驾区
北京野生动物园自驾区游客投喂口罩事件
北京防范电信网络诈骗宣传大使
北京青年报视频
北京青年报视频内容
北京青年报视频发布官方平台
北京青年报视频部
北京首都机场
北京首都机场停车场
北京首都机场停车场内两辆豪车停放六年
北京首都机场僵尸车停了4年无人问津
北仑打麻将被要求抬桌子走10公里处罚
北仑打麻将被要求抬桌子走10公里处罚的评论
北回的大雁
北城群众
北大桥
北山公园互相道歉
北归的大雁
北归的大雁让路
北控热力公司车辆接回获嘉县
北斗卫星通信
北斗手机
北斗手机免费通话服务
北斗融媒-观星知天下
北方伦巴第大区
北方还在下雪来了会冻死
北晚新视觉网
北晚正能量
北极光
北极光比喻
北沉市入民检 察院
北洋、头陀、澄江、新前、西城、东城、北城、江口等乡镇街道
北洋、头陀、澄江、新前、西城、东城、北城、江口等沿永宁江的乡镇街道群众
北洋群众
北流山围镇
北流山围镇家中
北流市人民检察院
北流市人民检察院通报
北流市山围镇山围村
北流市步行街附近
北流检察
北海人民
北海市海城区
北滘镇美的集团君兰生活村一住宅有外人闯入
北滘（jiao）镇读音错误
北环东延
北纬16.14度、西经95.75度
北纬28.34度东经104.90度
北纬28.41度东经104.74度
北纬33.83度、东经104.45度
北纬37.3650188°、东经116.2964149°
北纬37.36°、东经116.29°附近
北纬47.84度东经123.59度
北纬47.92度、东经123.55度
北纬47.92度东经123.55度
北美大陆
北部湾莺歌海域
北部湾莺歌海域沉船事件
北闸老街
北陆新干线
北青网
北青网作者
北青网作者简介
北青网官方网址
北青网旗下账号抖一抖就知北青有没有~
北风之神级核潜艇
北风之神级核潜艇发射布拉瓦导弹
区域交通发展
区域发展腾飞
区域性的广泛关注与支持
区域损毁
区域旱涝不均问题
区域气候不均
区域积水
区域编号
区相关部门
医保支付剩余部分由财政兜底
医务人员
医务人员合法权益
医务人员安全
医务人员称
医学依据
医学和科学依据
医学奇才
医学常识
医学支持
医学有效性
医学界
医学观察14天
医学观察点
医学记录
医学诊断支持
医学进步攻克怪病
医学隔离观察
医护人员
医护人员不堪重负甚至崩溃
医护人员售卖明星物品事件
医护人员是中坚力量
医护人员是战胜疫情的中坚力量
医护人员确认
医护人员辛苦
医护人员辛苦了
医护单位
医术高超、医德高尚
医椅按摩
医生
医生 隔离 鼻酸加油宝贝❤️加油 白衣天使加油
医生与警察具有同等社会价值
医生仁心仁术以极低代价治愈疾病
医生仍未确诊具体病因
医生优先救治年轻患者
医生叔叔我可不可以晚一点死啊我又想把它看完可我又答应过妈妈我会好起来的如果我死了她会哭的可我不想妈妈哭
医生因患儿求抱抱而哭泣
医生团队
医生应具备如警察般的职业操守
医生必须分配救命设备
医生必须在分配救命设备上做出艰难选择
医生感动掩面痛哭情节
医生我可不可以晚一点死啊我不想妈妈哭
医生抱抱
医生指出
医生掩面痛哭
医生掩面痛哭情感化表达
医生掩面而泣
医生救回新冠患者事件
医生是社会中坚力量
医生朱炎华团队
医生没这么好的拍摄水平吧
医生用4毛钱的药治好血液病男童
医生用4毛钱的药治好血液病男童 家长：之前花了近20万还没治好
医生用4毛钱的药治好血液病男童家属：之前花了近20万都没治好
医生用四毛钱治好血液病男童
医生用四毛钱药治好血液病男童
医生病历等理赔材料
医生秉持医者仁心
医生职业倍受崇拜因生命可贵
医生舍身救人事件
医生落泪
医生诊断
医生谎称狗咬
医生隔离不开鼻酸加油宝贝❤️加油白衣天使加油
医生面临谁能得到救助的残酷取舍
医疗体制压力
医疗器械非法交易
医疗安全
医疗或警方通报
医疗救治
医疗服务
医疗机构
医疗检查报告
医疗检查结果
医疗检测结果
医疗物资
医疗物资体积
医疗环境与国家对比
医疗相关视频素材
医疗系统
医疗系统崩溃
医疗系统负担
医疗结果
医疗设备有限
医疗设备紧缺
医疗设施
医疗评估结果
医疗费用
医疗费用6万余元
医疗费用已超3万元
医疗费用超过3万元
医疗费用问题
医疗资源分配
医疗资源分配决策
医疗资源分配的无奈
医疗资源短缺
医疗资源紧张
医疗资源紧张下的无奈选择
医疗队
医神张文宏先生
医者仁心
医药费
医药费四五千元
医闹
医院
医院NICU探视时间提示
医院内患者欲跳楼被救
医院内挤满伤者
医院名称误写
医院大门被堵
医院安保人员
医院封条
医院抢救
医院拒绝原因
医院接受救治
医院接受治疗
医院接应
医院收取费用
医院救治
医院检查报告
医院检查结果
医院氧气短缺导致缺氧
医院治疗
医院禁止为60岁以上感染者使用人工呼吸机
医院遗体无法容纳
十
十一中
十七口人吃饭无人搭手
十万彩礼
十个雷神山医院
十九大报告
十二个
十余万元
十余人
十余具遗体
十余天
十余帧提升至60帧
十余年
十余秒
十余秒内救援行动
十余米远
十余辆消防车
十倍于凤凰号
十公里长下坡货车刹车失灵连撞5车一小车被夹两货车间滑行
十公里长下坡路段
十六年从业经验
十几位摄影家
十几位摄影家历时62天跟踪拍摄而成
十几位摄影家拍摄
十几只猎狗
十几年
十几年前前的老套路
十几斤
十分不适
十分危急
十分壮观
十千伏高压电击
十四亿中国人反对
十堰发生燃气爆炸事故多人受困当地市民排长队献血
十堰同胞异乡祈福家乡平安
十堰寿康生活广场献血屋
十堰市
十堰市可供献血地点
十堰市张湾区艳湖社区集贸市场
十堰市集贸市场燃气爆炸
十堰市集贸市场附近燃气爆炸
十堰支队
十堰支队消防单位
十堰支队的评价
十堰晚报
十堰火车站爆炸
十堰燃气爆炸
十堰燃气爆炸事故
十堰爆炸事故
十堰爆炸事故救援视频曝光
十堰爆炸事故救援进展
十堰爆炸事故相关表述
十增支队
十多万
十多万元做生意资金
十天太少了
十天建一所医院
十字路口监控
十岁儿童
十年以上有期徒刑或无期徒刑
十年前曾乘坐北京地铁
十年合同
十年旧梦无寻处夜来酒醒清无梦❤️
十月一能开不
十架飞机损毁
十楼外墙
十点和洲清润粥专供蓬道莲园子彩专供1子
十艘医疗军舰总病床数
十陵
千万别在群里发任何东西
千万小心黑龙江齐齐哈尔市一村庄发现四只野狼进村
千万注意安全盼望你们平安归来
千亩森林公园
千余吨
千余吨病死猪肉
千余吨病死猪肉流入11省区
千刀万剐
千刀万剐对象
千台呼吸机
千叶地区
千呼万唤始出台
千岛湖放的是清澈水到桐庐就是混浊了
千年古镇柘皋
千年柘皋古镇 北闸老街被沌（淹）
千年鸟道
千斤顶
千斤顶代替三角警示牌
千皇跟
千里
千里眼
千重著
千钧一发
千龙网
千龙网中国首都网官方账号
千龙网正文
升级你的旅行体验
午后3时半
午饭后
半个多月
半人高
半价购车权
半夜三更这得吓的差不多
半夜男子跳上大桥欲轻生民警递手机的瞬间将其救下
半小时后
半岛都市报
半废弃状态
半座城市
半成品
半挂车
半昏迷状态
半生积蓄
半生食蝲蛄传播
半臂纹身
半边脸咬伤
华不华人先说下是不是中国籍的不是不用理会
华为
华为Mate 60系列
华为P40手机
华为加油
华为北斗手机
华为北斗手机免费上网打电话
华为北斗手机免费上网打电话真实性
华为应用市场
华为手机
华为手机可以免费打电话
华为推出具备北斗卫星通信功能的手机
华为推出北斗手机
华为推出北斗手机实现打电话不用钱上网不用流量全球通用卫星信号覆盖全球无死角
华为推出北斗手机打电话上网不要钱全球通用卫星信号覆盖全球无死角
华为推出北斗手机打电话不要钱全球上网不用流量
华为推出新款北斗手机可免费打电话免费卫星上网且全球通用
华为推出新款北斗手机可免费打电话免费卫星网通
华为新推北斗手机打电话不用钱卫星上网不用流量全世界通用
华为新推北斗手机打电话不用钱卫星上网不用流量全世界通用的评论
华为标签
华为正式布局6G卫星网络推出北斗手机打电话不要钱、流量全球通用
华为生态内设备
华为监控
华为设备
华人
华人不敢出门
华人出行安全
华人包机送物资
华人团结一致
华人团结抗疫情绪共鸣
华人女学生穿内衣在加拿大遭暴力
华人女生
华人女生王某
华人女生王某遭暴打拖行事件
华人女生被加拿大警察暴力执法：昏迷倒地被拖数十米踩头杀
华人女生遭加拿大女警暴打拖拽数十米
华人女生遭加拿大女警暴打拖行事件
华人女生遭加拿大女警暴打拖行皇家骑警高官道歉
华人女生遭加拿大警察拖拽数十米
华人女生遭加拿大警察暴力
华人女生遭暴打拖行事件
华人李建军
华人李建军用无人机在美国放火烧山
华人经营的茶饮店
华人购票后让物资坐上自己的座位
华佗风痛宝
华北豹
华南理工大学校外导师
华南虎
华商传媒集团
华夏儿女
华夏幸福
华夏幸福武汉长江中心项目
华夏幸福武汉长江中心项目履带吊侧翻
华夏幸福武汉长江中心项目工地
华夏幸福绿地旁边的与绿地无关
华夏幸福项目工地
华夏文明学报
华夏民族小学
华尔街日报
华山医院副院长
华府蓝湾二期工程项目
华春莹
华春莹言论
华春莹：那些背叛祖国的明星禁止使用中国护照
华盛顿特区
华盛顿警方
华盛顿附近的安德鲁斯机场
华联超市
华裔
华裔女子
华裔女子给美国带来新冠
华裔女孩
华裔女孩嗑药嗨了
华裔女孩在加拿大遭多人暴打
华裔女孩在加拿大遭多名警察暴力执法
华裔女孩头发
华裔女孩头部
华裔女孩昏迷
华裔女孩穿着内衣
华裔女性
华西医院
华西都市报
华西都市报官方账号
协助抓捕与安全保障
协助转移群众和财产
协查函内容
协调工作
协调搜救与救治
协调救灾工作
单一碰撞事件
单亲家庭
单位
单位编号
单位聚餐
单位集体违法行为举报
单反都照不出指纹
单口相声
单挑
单方交通事故
单方翻车事故
单方面改变中印边界西段现状
单日3000人突增
单杠
单杠倒挂大回环
单杠器材
单杠旁
单杠锻炼
单样本5000人次
卖浮
卖淫女子被确诊新冠
卖溪
南一路
南一路发生车祸
南一路发生车祸现场孩子找妈妈
南京
南京地铁
南京地铁1号线迈皋桥站
南京地铁1号线迈皋桥站设备故障
南京地铁3号线
南京地铁3号线故障事件
南京地铁三号线发生暴乱
南京广播电视集团
南京广播电视集团融媒新闻中心
南京广播电视集团融媒新闻中心发布
南京广电集团融媒新闻中心
南京房价现价2万一平
南京报业传媒集团
南京水警
南京水警成功营救夜间长江大桥跳桥轻生第一人
南京航线
南京长江大桥
南京长江大桥之误
南京长江大桥桥下
南京长江大桥现场
南充一男子持刀砍人致5人受伤 嫌疑人被警方当场抓获
南充出现恐怖分子用改锥刺伤路人
南充北站
南充市公安局顺庆区分局
南充首例阻碍疫情防控工作案件
南关区
南厂播电视台
南向北
南向北路段
南四环集美家居附近
南国今报
南国早报
南天门外修路
南天门外修路荒诞类比
南宁
南宁一宝马车冲上公交站台撞伤2人事故
南宁一男子发生交通事故直接花钱买下对方的车
南宁一辆白色宝马汽车失控冲上公交车站
南宁一辆白色宝马汽车失控冲上公交车站当场造成2名市民受伤
南宁事故现场
南宁交警
南宁偷情坠楼事件
南宁北大桥 交通事故
南宁北大桥发生车祸1死5伤
南宁北大桥真实交通事故
南宁发来贺电评论
南宁员工宿舍
南宁宝
南宁宝 公益·生活
南宁市公安局交警支队
南宁市公安局交警支队特勤大队
南宁市公安局副局长
南宁市公安局申请复核
南宁市广西大学附近的科园路口
南宁市某小区5栋商铺附近
南宁市江南区星光大道与亭洪路路口
南宁市科创进口汽车维修服务中心
南宁市良庆区银海大道与玉洞大道路口
南宁市西乡塘区大学东路大学科园路口公交站台
南宁广播电视台文旅融合栏目
南宁文化、旅游、消费最新动态美人美景美食美事……就在这里
南宁晚报
南宁晚报老友味道
南宁白色宝马冲上公交站台事件
南宁至贵阳通行时间
南宁虎丘一小车疯狂冲卡撞向人群
南宁铁路
南定 政法 来抖音发现更多有趣创作者
南宾中学
南宾中学区域
南宾晚报
南岸区人
南岸区慈云路下口
南岸区慈云路临街房屋被淹
南岸区慈云路临街房屋被淹标题
南岸区慈光路下口停车场
南岸区慈光路下口停车场内有数辆车辆被洪水淹没
南川桥梁垮塌
南川桥梁垮塌事件
南川桥梁垮塌事件描述
南川桥梁垮塌场景
南广立交桥交通拥堵现象
南方
南方人：那是干冷不冻人
南方多地
南方多地遭遇入汛以来最强降雨
南方水灾
南方汛期 湖北恩施再次遭遇洪灾建始县5人死亡1人失踪
南方科技大学
南方航空
南方航空一架波音737-800客机
南方航空公司
南方航空公司派出
南方航空公司派出的波音737-800型民航客机
南方航空波音737-800
南方航空波音737客机
南方航空涂装证据
南方视频
南方都市报 南都N视频
南方都市报N视频
南方都市报旗下N视频账号
南无阿弥陀佛等宗教用语
南昌县公安局
南昌县公安局指挥中心
南昌各大医院间开通专用地铁线路
南昌市
南昌市第三医院
南昌市第三医院周边
南昌市西湖交警大队四中队
南昌市西湖区
南昌广播电视台
南昌新建区
南昌消防
南昌赣江大堤
南昌赣江大堤事件
南昌赣江大堤出现重大险情事件
南昌赣江大堤出现险情
南昌赣江大堤出现险情15名党员率先跳水封堵
南昌赣江大堤发生管涌15名党员突击队跳水抢险
南昌赣江大堤发生管涌15名党员组成的突击队率先跳入没过胸口的水中封堵管涌点
南昌赣江大堤发生管涌事件
南昌赣江大堤发生管涌事件描述
南昌赣江大堤实际灾情处置
南昌赣江大堤管涌事件
南昌赣江大堤管涌险情
南昌赣江大堤重大险情
南水北调工程地理逻辑
南沙大道
南沙大道地陷
南海北部到美国西海岸距离
南海北部发射
南海区相关部门主要领导
南海发布
南海网
南深高铁
南深高铁建设
南深高铁进展
南瓜报
南瓜报 一颗有料的瓜
南纪门转盘上空
南纪门转盘上空撒钱
南美洲
南航
南航从墨尔本至广州的航班
南航从墨尔本至广州的航班上满载物资的说法
南航从墨尔本返回广州的航班
南航从墨尔本返回广州的航班无旅客回国全由澳洲华人购票后将无偿捐赠的救援物资放置于客舱座位上
南航从墨尔本飞往广州的航班
南航内罗毕飞往广州的CZ634航班
南航没有波音747客机
南航波音737
南航波音737民航客机
南航波音747只有货机没有客机
南航波音747客机
南航波音747客机发动机
南航航班
南航航班物资占座
南通
南通广播电视台新媒体中心官方账号
南通开发区
南通开发区通盛花园
南通开发区通盛花园垃圾堆
南通开发区通盛花园垃圾堆发现一弃婴
南部都市经济开发区
南都周刊短视频官方账号
南门大桥
南阳
南阳 武汉 四川
南阳云上南阳App
南阳报业传媒集团
南阳资讯
南面新开大型店促销价更低
南风窗
博主
博主体验网红整骨魔法瘦脸项目的过程
博取关注
博取关注与娱乐效果
博取关注与情绪传播
博取关注或娱乐受众
博取关注的行为
博取流量
博取流量与互动
博取流量关注
博取流量行为
博士毕业典礼
博山区融媒体中心官方账号
博白人去坐飞机咯
占地约4亩的大型墓葬群
占用应急车道
占道经营被劝导
卡伦镇居民
卡住
卡在武汉香港路立交桥下
卡桥事件
卡桥风险
卡莱莎
卡莱莎病例
卡莱莎的病情
卡莱莎的眼睛能流出水晶泪滴事件
卡车
卡车顶推小车
卡车顶推小车事件
卢小豆
卢某
卧式发酵设备
卧槽
卧铺客车
卧铺客车坠下大桥
卧铺客车坠下大桥有人员伤亡
卧铺客车坠桥事故
卫健委发出的通知：这次的EB流感很严重
卫健委回应外国人在中国受到不公平对待
卫星上网不用流量
卫星信号
卫星信号全球覆盖
卫星信号覆盖全球无死角
卫星图像
卫星图像对比
卫星图像对比展示
卫星或航拍监测不受建筑表面颜色简单影响
卫星抓拍
卫星数据
卫星监测
卫星监测规避方法
卫星：393057807 人生如棋；我愿为卒；行动虽慢；谁曾见我后退半步😊
卫生局和疾控中心
卫生局和疾控中心提醒
卫生局通知
卫生清整工作
卫生间
卫生间中
卫生间住四十多天
卫生间门口
印媒报道
印尼
印尼SJ182航班客机
印尼一客机坠毁前视频曝光
印尼三佛齐航空公司
印尼三佛齐航空公司客机
印尼交通部
印尼因为费用太高不对回国学生检测
印尼国家警察医院
印尼失事客机
印尼客机
印尼客机坠毁事件
印尼客机坠毁前机舱画面曝光
印尼客机坠毁前画面曝光90秒回顾：飞机闪电般掉下 在海中爆炸
印尼客机坠毁前视频曝光
印尼客机空难
印尼客机空难事件
印尼客机空难航班
印尼波音737-500客机SJ182
印尼波音737-500客机SJ182坠毁事件
印尼空难
印尼苏门答腊岛
印尼飞机坠毁前舱内画面曝光
印度
印度13岁女孩患泪血症事件
印度Zee新闻
印度、叙利亚等国被调侃
印度、非洲活埋新冠病毒感染者
印度一健身器材深夜自己运动
印度一名13岁女孩
印度一名妇女
印度一名妇女被遗弃事件
印度与中国相向而行
印度之误
印度人口众多且无乘车人数限制
印度人民党执政的地方政府
印度修改国内法律
印度做法不会产生任何效力
印度公园健身器材深夜自己运动
印度公园健身器材深夜自己运动事件
印度公园健身器材自行运动是在闹鬼
印度公园肩部推举机自行运动事件
印度六次申遗中国象棋
印度内洛尔市市政工作人员
印度北方邦一名官员
印度北方邦占西市一公园
印度北方邦占西市一公园内健身器材
印度北方邦占西市公园
印度北方邦官员直播事件
印度医护
印度医护人员
印度医护将新冠患者扔下河
印度单方面行动
印度单方面设立直辖区无法律效力
印度单日新增确诊
印度单边行为
印度占西一公园
印度占西一公园健身器材深夜自行运动
印度占西一公园内健身器材自行运动
印度占西一公园内健身器材自行运动事件
印度占西一公园内健身器材自行运动现象
印度占西一处公园
印度占西公园
印度占西公园健身器材
印度占西公园健身器材自行运动
印度占西市公园健身器材异常运动事件
印度占西市某公园
印度占西市某公园健身器材
印度占西市某公园健身器材自行运动
印度占西某公园
印度卡纳塔克邦贝拉里县
印度卡纳塔克邦贝拉里县新冠患者遗体被随意丢入土坑事件
印度卫生官员
印度卫生部
印度卫生部长
印度卫生部长在防疫过程中感染新冠的事件
印度卫生部长打人行为描述
印度卫生部长打耳光
印度卫生部长新冠检测呈阳性
印度卫生部长检查基层防疫
印度卫生部长检查基层防疫不戴口罩者直接扇嘴巴
印度卫生部长街上看到不戴口罩的直接打耳光
印度发现双重突变新冠病毒令人担忧
印度发现双重突变病毒
印度发现的变异新冠病毒
印度发现的变异新冠病毒传入非洲一些国家
印度发现的变异新冠病毒传入非洲其他国家 非洲抗疫形势严峻
印度在中印边境开通一系列桥梁并可全天候通行
印度在中印边界争议地区修建公路
印度在中印边界地区修建公路
印度多怪人
印度大城市
印度安得拉邦内洛尔市
印度宣布成立拉达克中央直辖区
印度将会为其非法行为付出惨重代价
印度尊重中国领土主权
印度小伙
印度尼西亚
印度尼西亚客机
印度尼西亚客机空难
印度尼西亚空难
印度开挖掘机埋新冠死者
印度当地政府门前
印度很奇妙
印度恒河流域
印度感染新冠男子医院台阶上死亡妻子哭嚎悲惨现场曝光
印度抗疫标题事件
印度抗疫简单粗暴印度卫生部长街上看到不戴口罩的直接打耳光
印度提交的病毒数据
印度政府
印度斯坦时报
印度新冠患者欲从4楼跳下逃走医生爬出窗外将其救出
印度新冠死者家属追打医护：棍棒袭击、拳脚相加现场一片混乱
印度新冠死者遗体被扔进挖掘机挖斗事件
印度新冠病人在街头突然倒地
印度新冠相关事件
印度新冠遗体处理不当事件
印度新德里阿波罗医院
印度曾六次向联合国申遗中国象棋
印度曾流传牛尿治新冠的迷信行为
印度某公园
印度某公园健身器材
印度某公园健身器材在深夜自行运动
印度某公园健身器材自行移动事件
印度某公园健身器材自行运动
印度某药店门口
印度火车存在挂票现象
印度火车挂票现象
印度生产的新冠疫苗订单
印度申遗中国象棋
印度申遗中国象棋争议记录
印度男子路边突然倒地身亡怕感染病毒尸体竟被扔进垃圾车带走
印度疫情
印度疫情失控
印度疫情失控导致民众绕道前往美国
印度疫情失控新闻事件
印度疫情恶化及直播事件
印度疫情标题关联性存疑
印度的火车竟然能买挂票
印度的行为
印度神油
印度第六次申遗中国象棋
印度第六次申遗中国象棋相关内容
印度累计确诊
印度行为
印度设立直辖区行为
印度超人影视作品中
印度避免采取错误行动
印度部分地区
印度部分地区防疫中存在迷信现象
印度防疫
印度防疫又请来了女神赐水？
印度防疫措施
印度防疫现状
印度难民应寻求中国帮助
印度非法设立的所谓拉达克中央直辖区
印度非法设立的拉达克中央直辖区
印度马哈拉施特拉邦医院台阶上死亡事件
印度马哈拉施特拉邦医院台阶上死亡事件正文
印方
印方不得采取任何可能导致局势升级的举动
印方修建公路行为
印方在中印边界地区修建公路
印方在中印边界地区修建公路外交部：中方不承认印度非法设立的所谓拉达克中央直辖区
印方尊重中国领土主权
印方恪守两国间有关协定
印方行为
印方谨言慎行
印方遵守双边协定
印有英雄字样的汽车
印染公司
印染厂
印染厂污水罐
危地马拉
危害公共安全
危害公共安全罪
危急时刻挺身而出的担当精神
危急时刻的人性温暖
危急时刻群众协力救人的温暖场景
危机时刻应弃车而逃还是与车共存亡
危机紧急响应指挥部
危重
危险
危险 危险动作请勿模仿 抗击疫情
危险且缺乏公共意识
危险且致命行为
危险但有效
危险动作警示信息
危险区域
危险区域人群疏散
危险及禁止游泳警示
危险品
危险品管理
危险孩子被风筝带到空中
危险工厂应远离居民区
危险情况
危险方法危害公共安全罪论处
危险点燃鞭炮扔进窨井致沼气爆炸掀飞井盖 2名儿童瞬间倒地不起
危险行为警示
危险追击
危险酒精擦拭空调突然起火
危险驾驶
危险驾驶罪处理
危险驾驶质疑
危难之处显身手
即使保安已倒地
即使司机不跳车逃跑结局也是一样的
即使水性好者也不应冒险下水
即使这个世界的大雨冰冷刺骨我们也需要一个温暖的信仰
即使采取防盗措施仍可能被盗
即便结婚也难以幸福
即便自首也不应减轻罪责
即兴发挥
即刻投入战斗
即将坍塌的涵洞
即时、权威、真实
即时发布权威信息
即时发布权威信息及合作投稿
即时发布权威信息欢迎向齐齐投稿
即时定位
即时通报类内容
即时通车
即有现金奖励
卷入事故
卷抛到空中多次被雷击
卸载APP习惯
厂内人员
厂区安全
厂区安全担忧
厂区工作人员较少
厂房内货架堆垛倒塌
厂房内部
厂房坍塌成废墟
厂房夜间突起大火蓝朋友 救援4个小时后成功将火势扑灭
厂房深夜突发大火 疑因取暖器未关导致
厂房火灾
厂房突然着火一女子被困火场所幸……
厂房突起大火消防员3小时作战成功扑救
厂房负责人
厂方人员
历史上最反转的车祸大卡车居然干不过小车
历史上最大规模阅兵
历史不能忘
历史事实
历史仇恨情绪
历史佐证
历史依据
历史性最重的洪水灾害
历史极值
历史极值22.52米
历史泄洪回忆
历史空难事件
历史考证
历史记录
历史记载
历史谣言
历史轨迹回放
历史遗留争议
历史首次9孔全开泄洪
历害了我的国
历年元旦新生儿出生数
历年元旦新生儿出生数图表
历时4个月 致47名中国游客遇难的泰国普吉沉船今日或打捞出水
历时62天摄影师换10个机位拍到湖北九头鸟变脸
厉害
厉害[赞]
厉害了
厉害了[奸笑]
厉害了[奸笑]评论
厉害了[捂脸][捂脸]
厉害了我滴国
厉害了我的哥我也下去捡
厉害了我的国
厉害厉害
厉害👍
压住前方两辆小车
压分能力
压力大希望平安
压力太大
压力太大了
压向人群
压在老人身上的广告牌
压垮附近两家企业的相关车间
压的高熟的快
压道列车
厕所粪便会跑出来吗
厕所都比他家干净
厚层泥垢
厚德载物
厚黑学
原创内容未经授权请勿转载
原创投稿
原创新闻与热点报道
原创新闻与热点资讯
原创新闻报道
原创热点报道与综合资讯服务
原创资讯为主
原华西都市报
原华西都市报官方账号
原华西都市报官方账号发布
原发 北 4 F票/2020
原告
原告方
原味床单
原四川全兴队主场——成都体育中心
原因
原因之一
原因在哪
原因未知
原地过年祝福到家
原始描述
原店地址
原文
原文中岩昌
原文中标注的电动车被盗
原文标题
原文笔误, 应为某
原有沧桑感
原有驾驶证
原本脏乱的屋子
原本计划登机
原来润滑剂可以产生动力
原渠道退货
原菜市场区域
原视频删了 嗯 还好保留下来了
原视频是海边
原谅自己就是堕落的开始
原车主
原车电厂大门处工地
厦门
厦门五缘大桥
厦门五缘大桥跳桥轻生
厦门某天桥
厦门某天桥跳下
厦门消防救援支队
厨师
厨房
厨艺大赛
厮打执法人员
去世
去世老人的棺材
去公园放风的都被留下让背防疫手册了谁背会谁先走背不会别想走
去台海打鱼
去哪里
去对了
去年8月6日
去年三头猪
去年同一天同一路段也曾发生四人死亡事故
去年走亲戚时突然封路封村被隔离
去年驰援武汉的广州火神山医疗队今天入驻荔湾区广船鹤洞街道
去打工
去邮政存钱变保险请你们帮忙解决
去除保护装置
去非洲
县医院救治
县城被淹
县域内所有经销门店
县委、县政府
县教体局
县教体局局长
县教体局局长向师生和家长致歉
县问题处置领导组
县黄酒批发零售
参与、沟通、记录时代
参与互动
参与传播
参与伪造货币的意图玩笑
参与哄抢者
参与国际抗疫交流
参与处置
参与巡逻
参与心理学课程
参与报道本案
参与报道玉林福绵机场试飞
参与救援
参与救援人员数量
参与殴打
参与行动的4名港警
参与视频制作
参加中国高考
参加庆功宴
参战人员
参战人员射击时间长但命中率低
参演舞者均为机器人
参照路段鉴定得出
参考多国做法的临时措施
又一个为情所困
又一个网红现身
又一巨婴任性妄为霸气民警果断带走～～
又一归国巨婴拒绝隔离大闹医院
又不是不运送有必要吗？
又不是中国人管她呢评论
又不让个人开采
又倒了一个？
又在造谣
又塌？忧心
又当爹又当妈
又息火了点赞受限制对不起
又是化工车间吧
又是天津港
又是女人
又是波音
又是波音评论
又是波音飞机
又是电动车和大货车骑手抢救无效死亡@抖音小助手
又有谁知农民的苦
又来啦 又来啦 又来啦
又现暴力伤医伤医者已被刑拘
又要惊动省领导了
又要甩锅了
又见高空抛物这次竟然是飞刀
叉腿行走
叉腿行走姿势
及时
及时干预
及时报案
及时报警
及时接住
及时救援脱险
及时救治
及时疏散
及时通报
及时通报后续处理结果
友情即良药；我们都是彼此的医生行医一时鞠躬一生；不求闻达但求利人只要生命还可珍贵医生这个职业就永远倍受崇拜
友缘人
友谊的使者
双11购物
双十一不孤单
双十一前马云又买豪宅啦说好的房价如葱呢？
双双去世
双双殉情
双双离世
双向交通严重拥堵
双向或局部封道
双城
双头鹰
双头鹰抓高尔夫球杆图案
双季稻亩产3000斤
双手食指交叉
双方发生言语冲突
双方在北山公园见面后
双方处理事宜
双方应加强沟通
双方爆发肢体冲突
双方调解
双方都有问题
双方都有问题评论
双氧水处理伤口
双眼未睁、浑身带血
双脚固定身体360度大回环动作
双腿冻坏
双腿截肢
双边协定
双重突变病毒
双重突变病毒令人担忧
双零坊推广信息
双鱼座
反光强烈
反击致死的法律后果
反卫星侦查
反向取证
反向比划
反复呼吁内容
反对制造时光机器
反对动物表演从来不看
反对战争、呼吁和平
反对暴力呼吁
反对钟南山赴欧的意见
反应不是一般的快
反应得当
反思
反思双方责任
反思家庭教育与学校教育缺失的评论
反思性观点
反思桥梁设计
反思环境保护
反映前山立交桥常年内涝
反映社会现象
反正都在水里了鱼竿抽出来开整
反种族主义抗议
反种族主义示威行动
反腐败导刊
反腐败导刊杂志
反锁
反面教材
反驳称其名为王莫娜不应淡化事件性质的评论
反驳言论
反驳评论
发了
发了评论
发功
发功击退洪水
发功扑灭大兴安岭火灾
发功退洪
发功退洪事件
发动机
发动机吸入鸟类风险高
发动机被无人直升机撞击导致起火
发动机起火
发动机起火事件
发动机里爆了什么弹出去的质疑
发威
发展迅速
发布
发布一手短视频资讯热点新闻为百姓鸣声欢迎爆料
发布于该文本下
发布信息一部分
发布内容
发布内容权威可信
发布媒体
发布平台
发布平台账号
发布情况通报
发布日期
发布时间
发布时间1
发布时间1565873584000
发布时间1572559069000
发布时间1580745553000
发布时间1582400674000
发布时间1583237643000
发布时间1611602841000
发布时间1616326517000
发布时间1623834127000
发布时间2
发布时间为1582979082000的文本
发布时间戳
发布时间戳1618241727000
发布汕头警讯讲述警察故事报案请及时拨打110☎
发布者
发布者个人背景描述
发布者介绍
发布者信息
发布者信息不全
发布者回复
发布者声明
发布者的称赞
发布者看世界
发布者简介
发布者联系方式
发布者观点
发布者账号
发布者身份
发布者身份信息
发布者身份声明
发布者身份描述
发布者身份标识
发布者身份表述
发布者身份说明
发布警营消息
发布账号
发布账号1332395178
发布账号主体
发布账号作者简介
发布账号信息
发布账号简介
发布过相关通告
发布通报
发掘出墓葬群的区域
发掘成果
发放馒头
发放馒头进行安抚
发烧咳血
发牢骚
发现一条好大条的寄生虫
发现副业
发现大型墓葬群
发现异常一幕
发现王国
发现王国也出意外过
发现疑似东北虎踪迹
发现疑似大型猫科动物踪迹
发现被轧死的动物
发生
发生不正当男女关系
发生侧翻
发生倾覆
发生出口区域坍塌
发生在俄罗斯
发生在峨眉山
发生地震
发生山洪
发生崩溃
发生时间
发生时间:二十年前
发生时间与地点
发生洪灾
发生爆发
发生爆炸
发生碰撞
发生碰撞或卡阻
发生起火
发生超历史性大洪水
发生超历史纪录洪水
发生违法行为
发病发疯
发病速度
发臭的鸡蛋
发表于1587133216000
发表时间
发表时间1611607561000
发表时间为1617982377000
发表时间戳
发言者
发财可能
发财的机会来了
发货
发起报复行动
发送低俗视频或砍价链接
发送视频至hbjsxmt@qq.com并注明联系方式
发酵、烘干、造粒等全套肥料设备生产能力
发酵罐
发酸的魔芋
发酸的魔芋、变质的米饭和发臭的鸡蛋描述
发馒头救助野猴
叔叔在平安就在
取保候审强制措施
取保候审措施
取暖器未关闭引发
取款受限原因
取水站启动
取消动物表演
取消学位
取消物业
取缔动物表演
取缔马戏表演
取证
取证报警
取证难问题
受了一点轻伤
受伤
受伤人员
受伤人质
受伤医生
受伤后
受伤工人为龙泽江
受伤部位
受台风影响
受困群众
受害人
受害人施某
受害女生
受害女生母亲
受害者
受害者家属罗先生
受害者跪地受袭
受强降雨、大风及冰雹等极端天气影响
受影响地点
受持续强降雨影响 四川九寨沟景区临时关闭
受灾
受灾人数和经济损失数据
受灾区域
受灾群众
受灾面积
受疫情影响
受疫情影响威尼斯出现天鹅和海豚游泳
受访者
受赠方
受轻微伤
受过军训的羊
受重伤
受阅战机
受阅飞机
受阅飞机有物体掉落
受骗
变卖处理废品
变压器
变压器泡水漏电
变压器爆炸
变压器爆炸事件
变压器爆炸事实
变向
变声 历史 未解之谜 奇闻奇事 @抖音小助手
变异
变异病毒传播与疫苗交付延迟
变异病毒传播与疫苗交付延迟信息
变异蝗虫可能鸭子不吃
变更车道影响其他车辆通行
变电站
变脸能力
变脸鸟
变脸鸟变脸视频
变脸鸟视频
变色龙变色机制
变色龙可以随彩笔不断变化颜色
变色龙因接触彩笔而变色的情节
变色龙实时根据接触物体颜色变色的现象
变色龙能根据外界色彩迅速调整体色
变色龙说其实变色不是他本意哈哈
变质的米饭
叙利亚首都大马士革周边
叙威公路黄泥至分水场镇段
叙永县委宣传部
叠罗汉状
口号式表达
口岸签证及多项过境免签政策
口岸签证政策
口感对比
口粮紧张
口粮紧张描述
口罩
口罩、酒精、消毒液和双黄连更有效的防范措施
口罩中间层
口罩中间层材质
口罩中间层烧不着的是真口罩
口罩但未果
口罩使用后
口罩抢购现象
口罩涨价涉嫌违法
口罩若含新冠病毒造成动物伤害
口罩选择
口腔科医生
口角
口误或误录
口音像唐山的儿童
口音很重
口音是我们这边的在线等急急急
口音河南人
古书记载
古井贡酒 年份原浆
古井贡酒 年份原浆 新
古人
古人修建故宫时就有了环保意识设计鹰不落墙顶防止鸟粪污染
古人在建造故宫时
古人智慧与环保理念
古人的智慧与环保意识
古人精心设计
古人精确计算
古代中国技术保密问题
古代大师更厉害
古代工匠
古代工匠智慧
古代工匠智慧体现
古代建筑规范
古代的工匠太厉害
古代的工匠太厉害评论
古典舞
古城范围内市民
古墓
古建筑之美 故宫
古方手灸·刘原鸣·诚招加盟15842444448
古某
古田二路
古田四路与长丰大道路口
古田四路与长丰大道路口发生火灾
古田四路长祥路一酒店发生火灾
古稀之年的相依相守如果是真的祝两位终成眷属
古罗马
古罗马人
古罗马人偷蚕虫
古罗马人偷蚕虫事件
古罗马人偷蚕虫致中国损失千亿
古罗马人偷走几只蚕让中国损失千亿
古罗马人偷走蚕种
古罗马窃取蚕种
古罗马窃取蚕种导致中国巨额损失
古迹下方
古风韵味与良好生态
另2名被困人员
另一人
另一半学生佩戴口罩安静就座等待轮换
另一半学生坐着等待无法进食
另一只狮子
另一名伤者
另一名儿童
另一名店员
另一头雄鹿
另一座塔吊被撞塌
另一支骨干突击队
另一条评论
另一栋建筑物
另一组消防员
另一网友
另一评论
另一起事件
另一起银行资金被划走事件
另一车主
另一辆货车
另一部分网友
另两人
另两名同伴
另外2名工人
另有信息源
另有声音
另有文章
另有观点
另有评论
另有评论指出
另有评论质疑
另有说法称其又购买不少于30只鸭
另行通知
叨出交通安全抖出温暖正能量你好抖音的网友们
只剪映
只剪映 抖音
只剪映 抖音 X
只剪映× 抖音
只因店长多了一句嘴外卖小哥狂殴餐饮店长外卖小哥 美团外卖
只希望大家都平安
只有中国国籍且有社保才享有国民待遇
只有命捡没命花
只有国家立法禁止养狗
只有对比才能知道中国的好
只有我国的才可以称为白衣天使
只求付出不求回报的精神
只爱打仗不爱我
只看过路怒症第一次看海怒症
只能弃车保帅了只要人没事比啥都强
只能点根烟深深的把烟吸进肺里45度仰望星空
只要人安全家园可以重建
只要人没事钱还会有的
只要你们精彩就是我最大的快乐谢谢
只要师生平安就好
只要您吃的权利受到侵害我们就一直在您身边@爆料请私信
只要警方不停止对无辜非洲裔的粗暴对待抗议就不会停止
只要起步都不算太迟
只要车主回来即可免费开走车辆
只见过房顶漏水的没见过房顶漏人下来的
只读三年级
只读三年级是个有故事的人一生为孩子拼搏又当爹又当妈养大两个孩子
叫嚣壮胆
叫甘老板帮你抱住
召唤@LRF小编我向你推荐这个视频
召必回
可一击碎窗
可不可以晚一点死
可举报的交通违法行为
可以不相信奇迹但一定要相信努力
可以做个漂流项目
可以免费搬家
可以免费搬家评论
可以去告
可以报警啊
可以报警啊言论
可以给我收养吗
可以起诉一整栋楼的住户
可依赖的世界大哥
可信度
可信度综合评估分析结果：中/可疑/弱/夸张
可信的身份信息
可咸可甜的新闻人知冷知热的官方号
可咸可甜的新闻人知冷知热的官方号作者简介
可回收物
可平躺静卧、行动自如
可延长生存时间
可怕
可怕可怕男子确诊艾滋病后网上接单帮人报复竟欲到桂林用艾滋病毒针扎人
可怕大连一工地塔吊突然倒塌…
可怕日本妻子机器人正式上市具备女友一切功能
可怜
可怜了森林里的动物
可怜了那些孩子们
可怜兮兮怪可爱
可怜呀那么多没东西吃
可怜啊一会儿一条活生生的生命就没了
可怜情绪化回应
可怜的[柴犬]
可怜的孩子早点好起来
可怜的小娃娃们
可怜的朴槿惠
可恨
可恨的人贩子该杀希望孩子能找回来
可恶行为
可惜了评论
可接受赔偿金额
可提供技术支持的企业
可改变面部脂肪分布
可敬可佩
可显著提升网速的方法
可替代关注的账号名称
可查信息
可根据客户意愿定制
可燃性气体
可燃气体
可燃液体
可爱担当
可由伊朗民众近距离观看的公开战事
可疑
可私信爆料联系方式
可私信联系
可穿越至宇宙另一端的超级通道
可能事故原因推测
可能又是吵架故意杀人罪了
可能发展方向
可能地点
可能存在
可能存在误写或混淆的信息
可能对肺部有明显效果
可能带来的社会影响
可能引发爆燃的原因之一
可能引发瘟疫
可能影响职业生涯
可能影响飞行安全的活动
可能性推测之一
可能承担补充责任
可能是假口罩
可能是小鹿自行叼走口罩
可能是有人涂抹过量润滑剂所致
可能是短期行为或政策误读
可能植入微芯片
可能的事件性质
可能的事故
可能的人为操作者
可能误记
可能造成脑震荡
可能错误关键词
可被旁观欣赏的表演
可被视频记录的可见运动
可见火光
可见鸟类停留
可通车道路
可随意摘取
可靠事实依据
可靠信源或官方通报证实事故发生
可靠信源支持
可靠信源支撑
可靠信源证实
可靠史料或公开记录
可靠媒体报道中出现
可靠科学依据支持
可靠证据支持
可预防癌症
可食用性
台上喝彩台下地狱
台上那一位是姜涛
台名嘴
台州
台州台风车子都能吹翻大家注意安全
台州大量车辆被吹倒
台州市地理信息测绘中心
台州市水文站
台州支队
台州苏宁
台州黄岩
台湾
台湾专家
台湾专家热议
台湾名嘴
台湾名嘴热议
台湾省新竹市
台铁列车出轨事故
台风
台风三连击
台风三连击后的齐齐哈尔 你敢不敢走了就别回来
台风三连击影响
台风利奇马
台风利奇马向浙江沿海逼近
台风利奇马引发临海市内涝
台风利奇马期间浙江临海大洪水救援
台风台风 台风山竹
台风和表情符号引发关注
台风堪比科幻大片
台风天一货船在日本沉没
台风山竹
台风山竹为世纪最强风暴且被NASA记录
台风山竹期间深圳某银行外现金散落事件
台风山竹由NASA拍摄
台风山竹登陆期间
台风山竹袭击期间
台风山竹袭击期间深圳东门步行街银行门口现金被吹散
台风已抵达
台风已造成166人受伤
台风已造成16人失踪
台风已造成21人遇难
台风强度认定
台风景象骇人
台风来宁波慈溪市
台风来宁波慈溪市暴风雨来临大家注意安全
台风海贝思
台风海贝思强势登陆日本
台风海贝思是东京60年来遭遇的最强台风
台风海贝思登陆日本
台风海贝思登陆日本已致10多人死伤或引发从未经历过的灾害
台风海高斯
台风海高斯正面袭击珠海
台风海高斯登陆广东珠海
台风灿都
台风灿都影响期间
台风灿都登陆前台州大量车辆被吹倒
台风画面是否真实
台风登陆时间
台风级别
台风表情符号
台风误写
台风过境当晚
台风遇难者
台风黄蜂
台风黄蜂导致佛罗里达州极端天气
史上最牛的看热闹不嫌事大
史上最靠谱亲家
史上最靠谱亲家 四川亲家来湖北探亲一待40多天每天17口人吃饭最好客亲家@抖音小助手
史上独一无二的结婚证
史上第一位通过图灵测试的仿生人
史宾格犬
史料支持
右侧电动车
右侧电动车被蹭倒
右侧路基
右手
右眼
右眼严重受伤
右眼伤势
叶乃学
叶乃学为活菩萨
叶乃学为老英雄
叶乃学健康长寿
叶乃学福寿绵长
叶乃学见义勇为
叶媛媛
叶成刚或叶虎刚
叶某
叶某与志愿者冲突
叶片状物形似金针菇
叶问徒孙
号称能作法捉新冠病毒的马来西亚王牌巫师
司乘人员换班休息专用座位
司机
司机 爆炸 化粪池
司机下车殴打另一驾驶员事件
司机从高空坠落
司机停车与乘客救助过程
司机及一名乘客死亡
司机可紧急停车
司机可能面临职业报复
司机室状态
司机应对失灵处置不当质疑
司机开车甩飞司机
司机开车甩飞司机不知乘客做何感想
司机录制视频动机
司机怎么样了啊
司机技术高超
司机无事
司机是否系安全带
司机未及时刹车或避让
司机死亡
司机死亡情况
司机注意安全
司机爬窗逃生
司机现场转账过程
司机理论后
司机疑似醉驾
司机神技
司机突发疾病
司机行为
司机被困车内
司机被甩出车外
司机被紧急救治
司机跳车不影响最终伤亡
司机踩了刹车
司机韩继敏
司机高度职业责任感
司法人性化处理的一面
司法公正性
司法支持
司空震以雷霆击碎黑暗
司马懿年轻时也装病13年
司马懿年轻时也装病13年评论
叹服
吁唏
吃个饭招谁惹谁了
吃光三头猪的说法
吃光亲家3头猪8只鸡33只鸭
吃光亲家3头猪、30多只鸭等说法
吃光亲家三头猪
吃光亲家三头猪、几百斤米
吃光亲家三头猪事件
吃光亲家三头猪等描述
吃光几百斤米和3头猪
吃出了王母娘娘蟠桃的感觉
吃呀吃呀吃 海鲜 虾头里边扯出白色的线跟寄生虫似的有知道它是什么吗？
吃喝拉撒都在床边
吃夜宵起争执汽车撞进夜宵摊
吃好喝好
吃小龙虾
吃小龙虾咳血事件
吃小龙虾咳血小龙虾体内有寄生虫
吃小龙虾致肺吸虫病
吃掉三头猪事件
吃掉亲家3头猪、30多只鸭、几百斤米
吃掉亲家3头猪、8只鸡、30多只鸭及数百斤大米
吃掉几百斤大米
吃炸串认真的吗
吃炸串违法行为
吃猪肉
吃瓜群众
吃破产了
吃素的好处900年来几乎没人患癌症的地方
吃货的世界无法想象
吃过带虫的烤青口
吃霸王餐的故意滋事
吃饭
吃饭时不要观看
吃饱了好进京赶烤
吃饱饭多可怕
各军区听令同志们准备战斗目标—皇虫
各县区强化安全宣传
各地人民发来贺电
各地公安机关
各地抗洪一线战士正在奋力抢险
各地有机肥100%替代行动全面开启
各地朋友做客
各地避难所
各尽其力
各执勤点
各执勤点协查
各方力量
各村
各村居民有野生动物出没
各泵站
各种千奇百怪的视频搞笑意外新奇特视频
各种工具
各类厂房翻新工程
各类工业用漆
各类工业用漆及厂房翻新工程
各美其美 美人之美 美美与共 天下大同 APP掌上长宁 长宁人自己的APP 欢迎投稿哦～
各退一步平安是福
合作QQ
合作及投稿信息
合作及投稿方式
合作微信信息
合作投稿
合作投稿联系方式
合作提醒
合作方
合作方式
合作爆料邮箱
合作联系方式
合作邮箱198240243@qq.com
合成的
合成视频
合成视频或游戏画面
合格
合江门那个球还没被淹 快了
合法取款资格
合法手续
合法权利人出现
合理使用紧急避孕药
合理建议评论
合理用药的重要性
合肥
合肥3.6万人3月1日起可免费乘坐公交地铁
合肥交通广播全媒体账号
合肥公交一驾驶员突发疾病晕倒前停稳车辆
合肥公交集团
合肥公交驾驶员
合肥公共交通优惠政策信息
合肥地铁卡免费送
合肥城市通卡股份有限公司
合肥工业大学
合肥市
合肥市三类群体可免费乘车
合肥市及巢湖市防指
合肥市孤儿、事实无人抚养儿童及特困供养人员
合肥明确这些人坐公交、地铁也能免费
合肥老人向执法人员下跪事件
合肥蹦极事故
合肥蹦极事故文本
合肥蹦极场所
合肥蹦极没绑绳
合肥通卡
合肥通社会关爱卡
合谊肉联厂
合谋进行形式主义治理的深层次问题
合适领养家庭
吉中铁大生化科技有限责任公司
吉县
吉县壶口瀑布意外
吉县壶口瀑布景区
吉县黄河壶口瀑布景区
吉县黄河壶口瀑布景区恢复开放
吉县黄河壶口瀑布景区恢复开放事件
吉县黄河壶口瀑布景区恢复开放文本
吉普车
吉林
吉林一中学女生在公园遭12人围殴
吉林一海洋公园
吉林一海洋公园动物表演
吉林一海洋公园动物表演事件
吉林一海洋公园动物表演场景
吉林一海洋公园虐狗
吉林一海洋公园被曝疑似虐待动物 你觉得这样的高强度训练算虐待吗？
吉林一海洋公园训导员将小狗倒地反复生拉硬拽呼吁取缔动物表演背后惨无人道训练让人毛骨悚然
吉林三年级学生在校外宿舍内跪地被殴打打人者已到案
吉林两货车相撞事故
吉林两货车相撞已致18人死亡
吉林两货车相撞已致18人死亡新闻
吉林之声·声动吉林
吉林交通事故
吉林交通事故致18人死亡村民：死者多为掰苞米零工
吉林卫视
吉林卫视好久不见节目
吉林卫视节目好久不见
吉林坠江大客车事发监控曝光
吉林坠江大客车事发监控曝光 已致6人死亡
吉林市新媒体协会
吉林市航拍协会
吉林广播电视台
吉林广播电视台综艺·文化频道
吉林广播电视台都市频道
吉林广播电视台都市频道守望都市
吉林广播电视台都市频道守望都市栏目
吉林延边媒体第一抖音号
吉林扶余事故现场
吉林扶余重大交通事故
吉林扶余重大交通事故情况
吉林敦化一女中学生公园内被10多人群殴
吉林无关
吉林日报官方账号
吉林松原
吉林松原一女孩被一群男女围殴脑袋被摁进水中
吉林松原一女孩被围殴事件
吉林松原扶余市
吉林永吉女子酒后伤人称父亲是局长
吉林汪清天桥岭电死老虎
吉林电视7频道
吉林电视台
吉林电视台播报全市打开井盖排水
吉林白山鸭绿江
吉林省延边州汪清县天桥岭辖区
吉林省摄影家协会
吉林省敦化市北山公园
吉林省松原市
吉林省松原市扶余市514省道39公里处
吉林省松原市扶余市长春岭镇石桥村附近514省道39公里处
吉林省松原市长岭县
吉林省松原市长岭县一名小学三年级学生
吉林省蛟河市村民
吉林省通化市东昌区某饭店内
吉林省青少年新媒体协会
吉林网
吉林警察学院周边
吉林路面积水洒水车仍工作
吉林通化
吉林通化一辆客车坠落江边
吉林通化一辆客车坠落江边事件
吉林通化大客车坠江事故
吉林通化大客车坠江事故的描述内容
吉林重大交通事故
吉林重大交通事故报道
吉林长春
吉林长春多车相撞事故
吉林长春多车相撞多人受伤事故现场一片狼藉
吉林长春某海洋公园
吉林长春某海洋公园表演后训练事件
吉林长春长清公路国信南山附近
吉林飞手联盟
吉视都市频道
吉视都市频道守望都市栏目官方抖音号
吊坠
吊塔倒塌事故
吊带睡衣
吊臂弯折
吊装地连墙钢筋笼
吊装搬运领域
吊车
吊车事故
吊销执照
吊销驾照
吊销驾驶证
同一嫌疑人
同一家珠宝店
同一男子
同一路段发生侧翻
同一违停行为
同一违章行为被开具多张罚单
同一道菜、同一种病一顿小龙虾让珠海这5人进了同一家医院
同乘G511次列车人员
同乘G511次列车人员报告
同乘一架飞机
同事
同事发现家中血迹
同伙
同住地球村愿所有人平安
同住情况
同名王宝强任职天津监狱
同名现象
同城榜TOP1
同学或朋友关系
同年同地曾发生类似事故
同情
同情与转发留言
同情与鼓励
同情关切
同情受害未成年人
同情情绪
同情男方处境观点
同日晚间
同日死亡
同时发文承认私生子
同是苦命人
同期新闻插播信息
同期新闻插播信息中
同期热点榜内容
同桌吃的好香流口水
同款医生服务
同生共死的爱令人窒息评论
同病房大姐买来的馒头
同病房大姐买来的馒头用水一洗竟露出掺有纸巾的真相
同等体积鸟类更严重
同类问题八宝粥
同级别的地震为什么别人家的房子不会倒我们那家伙都是成片成片的倒
同行8名家人
同行8名家人均避险
同行人员
同行大爷向公交劝导员下跪致谢
同行的一位大爷
同行者包括岳母、妻子等共八名家人
名为2020的试卷
名古屋
名地正在全力救援
名称错误
后
后2个
后不久
后与奶奶离开
后事
后勤保障单位
后受轻伤
后台私信
后座乘客
后座乘客被甩出十余米远
后座乘客飞出10米死亡
后怕与庆幸
后怕情绪
后方货车
后期回顾性发布
后期处理影像
后期调色处理
后期调色处理所致
后来搬到香港
后续
后续分配
后续分配安排
后续可能遭遇报复
后续呢
后续呢评论
后续处理结果
后续处置工作
后续多车连撞
后续官方通报未确认
后续搜救中
后续政策
后续救援工作
后续新功能正在开发中
后续治疗费用
后续活羊
后续航程
后续行动
后续调查结果
后续车辆与人员安全
后续通报
后续｜南宁一宝马车冲上公交站台撞伤2人一名伤者已不幸离世
后脑
后脑勺
后脑勺和额头
后脑勺着地
后脑开裂
后脑着地
后脑着地危险
后获救
后车为保镖车辆
后车连环相撞
后面全部炸了
后面没有保镖才怪呢
后面那一只落单的像极了爱情
后面那车是保镖车
吐槽并欲投诉
吐鲁番北站
向一线的医务工作者们致敬你们好样的
向世界报道中国向中国报道世界
向世界推介美丽的家乡江西
向人体内注射消毒剂
向人体内注射消毒剂或使用强紫外线照射杀灭新冠病毒
向佛山消防官兵致敬
向你们致敬
向公交劝导员下跪磕头致谢
向内求😄向外修
向医护人员致敬情感表达
向医生请求延后死亡
向华人致敬中国加油武汉加油
向即将离婚的妻子示威
向古人的智慧致敬
向善良可爱的蒙古国人民致敬
向夏津人民道歉
向妻子要钱还债
向导
向小英雄致敬
向左猛打方向盘
向店主面部喷射
向往好的生活付出了生命的代价
向执勤交警求助
向抗洪一线的英雄致敬
向排水井扔鞭炮行为
向提出离婚的妻子示威
向无声英雄致敬
向日本民众表达支持
向最可爱的人致敬
向正式通航迈出坚实一步
向母亲请假
向消防英雄致敬
向滑板场地倾倒沙子事件
向烟花许个愿 武汉必胜
向爷爷奶奶索要150元
向男方要28万彩礼
向社会公开处理结果
向老板道谢
向英雄们致敬情绪化表达
向英雄致敬
向英雄致敬一1
向英雄致敬愿英雄一路走好
向警方报平安
向逆火而行的勇士们致敬请平安归来
向钱看向厚赚罗店周大平
向高处转移
吓人
吓人一名女子从自家阳台漏到了楼下
吓人动作
吓人评论
吓尿了了
吓我一跳
吓死人了
吓死我啦
吓的我赶紧看看我家有没有评论
吕玮
吕玮体现人间大爱
吕玮救助老人事件
吕群定
君世玉缘
君兰生活村住宅闯入事件
君君
君威车型是否属实
君威轿车
君子不立于危墙之下
吞钱
否定女方父母行为
否定技术可能性类
否定技术可行性
吨位大了还是有好处的
吨位扎实老公的优势就来了
含有乘客惨叫
含有有害物质
含糊
含蓄而保留
含虚假信息的抖音内容
含酒精消毒水使用风险
听了这首歌流泪了
听众投诉
听到孩子的哭声心里好难受评论
听到孩子话的人
听天下爱无锡
听得好难过
听欧阳院士讲航天（74）真的有外星人停了一架飞机在月球上么？
听精彩观天下Gz号＆Vb：南昌广播电视台
听见考拉叫声心如刀割
听话、不会无理取闹
听说场地翻修挖出了蜀王陵有幸目睹大场面啊
听说很酸
听说是段子
听说过没
听过录音的消息人士
听魔都声音看上海腔调
启动高铁建设
启用蓄滞洪区
启用蓄滞洪区保障主城区安全
吴木匠
吴永如
吴江一厂房
吴江一厂房发生火灾
吴江一厂房火灾
吴江一变电站着火
吴江日报
吴章美
吴荆子
吴谦大校
吵架故意杀人罪
吸入鸟类导致故障的风险
吸取教训
吸引关注
吸引关注与流量
吸引关注与点赞
吸引外资
吸引流量
吸引流量与互动
吸引流量或关注
吸引港澳居民回乡参观的原因之一
吸附过往车辆的能力
吹哨人
吹散云雾现真容 🙃这突如其来的一次违章让本来就不富裕的家庭雪上加霜……
吹气不配合
吾乃快乐卧夫
吾悦广场
吾悦广场为事发地
吾辈读书只有两事：一者进德之事一者修业之事
呈铜黄色
告别亲友
告别打卡的革命性变革
告别演说
告急澳大利亚上千只考拉死亡或面临功能性灭绝
呕吐
呕吐物
员工
员工与王某奎存在不正当关系
员工在家办公
员工宿舍
员工张债与一名男子存在不正当关系
周一至周五免票政策
周三
周品
周围人
周围人群
周围同学
周围同学救起
周围居民房屋门窗受损
周大哥
周大哥目击事件
周大哥目击地点
周意庆气
周日下午一点
周易支持进德修业之说
周末愉快
周末愉快评论
周某
周某文
周某疑因感情纠纷行凶
周知四川九寨沟景区临时关闭
周边一公里内人员已及时疏散
周边乡镇
周边乡镇也曾听到类似虎啸声
周边五辆货车连环燃烧
周边企业造成影响
周边停车资源
周边区域
周边区域一片废墟
周边区域电力中断
周边区域被夷为废墟
周边厂房严重损毁
周边地区
周边居民
周边居民对有毒气体的担忧
周边居民房屋
周边居民房屋门窗受损
周边民房严重损毁
周边渔船
周边监控视频曝光
周边群众
味岭南 休闲关键词
呸气功大师表演发功退洪 翻滚打坐念念有词
呼吁世界和平
呼吁严惩
呼吁严惩施暴者
呼吁严惩责任人
呼吁严查不贷
呼吁公众转发关注
呼吁关注家庭教育观点
呼吁关注隐私安全
呼吁内容
呼吁前往使馆避险
呼吁加强立法保护隐私
呼吁孙子自首
呼吁彻查事故原因
呼吁更换材料
呼吁珍惜生命
呼吁禁放烟花爆竹
呼吁自首
呼吁调查
呼吸困难
呼吸急促
呼吸急促、失去味觉嗅觉
呼吸急促症状
呼吸机
呼吸机使用
呼吸机使用政策调整说法
呼吸机使用限制
呼吸机分配政策调整说法
呼吸机分配限制说法
呼吸机数量
呼吸机资源
呼吸病学
呼吸病学专家
呼吸系统
呼吸系统受影响
呼救声
命大运气速度反应全部都连接在一起
命案
命案侦破机制
命案发生
命案发生地点
命案发生时间
命案处置
命案处置工作
命苦
命运与贫富关系
咋办呀
咋滴了：最近抓的紧不好干啊
和 @user5456465440767平安 一起 合拍英雄一路走好 🌻🌻
和 @新浪新闻 一起 合拍
和 @新浪新闻 一起 合拍标题
和 @连姐姐 一起 合拍 特别是人贩子人人可恨
和你一样爱玉林欢迎爆料私信等你
和你分享关于音视频那些事儿
和兴钓鱼场
和城市在一起
和尚
和尚为铁中蛀虫
和尚变了
和尚回应语句
和尚处置香客所购香品
和尚驱赶辱骂游客
和平共处
和平呼吁
和平大道与秦园路路口
和平大道绿地门口
和平愿望
和平理念
和死神抢人
和气生财
和解
和警界君
和警界君一起传播正能量
和谐警民关系
咏春拳师
咒语
咒骂
咔给我来个视频
咖啡
咬了第三只豹子
咬住女孩大腿
咳嗽期长
咳血
咸丰
咸宁人民广播电台官方账号
咸阳北路街道综合执法
咸阳北路街道综合执法共同开展卫生清整
咸阳百岁老人长寿秘诀
咸鱼谈世界
咽痛伴头痛和全身不适为主
咽部症状为主
哀思
哀思与敬意
哀悼
哀悼与敬意
哀悼与致敬之情
哀悼与致敬评论
哀悼与警示
哀悼与警示讨论
哀悼之情
哀悼情绪
哀悼留言
哀悼言论
哀悼评论
哀痛情绪
品效合一抄盘手
品牌及广告费
品牌及广告费询问
品牌打造与私域流量运营
品牌标识
品牌营销投入
品行
品读国际时事热点爱好和平
哄抢
哄抢 道德
哄抢事件
哄抢公私财物可处5至10日拘留并罚款
哄抢和踩踏
哄抢局面
哄抢数额较大者
哄抢行为
哄抢踩踏
哄抢还是帮忙捡？
哄抬物价仅在灾难声明发布后构成违法
哄抬物价只有在州长或总统宣布进入灾难状态时才属违法
哄抬物价行为
哇 是真的吗
哇哦超近距离观看变色龙是如何根据碰到的东西来改变自己的颜色的～真的太强了每一种颜色都变换的好像啊
哇塞 人类太疯狂了
哈佛八剑客
哈佛八剑客临危回国
哈佛八剑客回国
哈佛八剑客回国动机
哈佛八剑客成员
哈佛八剑客报效祖国的心
哈佛八剑客集体临危回国
哈佛八剑客集体回国
哈佛八剑客集体回国事件
哈佛八剑客集体回国引发美国惊慌
哈佛八剑客集体回国引发美国惊慌失措
哈佛八剑客集体回国致美国惊慌
哈佛八剑客集体行动
哈佛大学
哈佛大学也用中国的全国卷吗？
哈佛大学录取机制
哈佛大学录取标准
哈佛大学录取记录
哈同高速公路桥梁坍塌
哈同高速方正段新兴大桥
哈哈
哈哈[赞][赞][赞]评论
哈哈哈哈
哈哈哈哈哈
哈哈哈哈哈哈哈
哈哈大笑/嘲讽
哈哈我的哥[赞]
哈哈水战胜了你
哈喽
哈尔滨一大桥坍塌官方通报来了
哈尔滨一工业气体充装站
哈尔滨市化工路
哈尔滨市化工路发生爆炸
哈尔滨市化工路民宅
哈尔滨市香坊区联乡路
哈尔滨市香坊区联乡路工业气体充装站
哈尔滨广播电视台都市资讯频道都市新发现栏目
哈尔滨方正县
哈尔滨方正县新兴大桥
哈桑·迪亚布
响声
响水天嘉宜化工厂爆炸事故纪实报道
哎
哎呀我富拉尔基啊
哎呀真是沉着呀
哎呀这能撕开的
哎呦那个捡了好多呦
哒哒吃哒哒等娱乐化表述
哗众取宠
哗众取宠行为
哥哥是你们那发洪水？？
哥哥注意安全
哥哥评论
哥斯达茶加
哥早上好
哦竟然是沙发耶
哪个国家都有看热闹的人视觉震撼
哪个城市的老公快来认领
哪个街道？
哪位道友在此渡劫
哪有什么岁月静好只是有人替我们负重前行
哪有什么来日方长分别就在此时此刻
哪有什么来日方长分别就此时此刻
哪有什么白衣天使 事实证明选择逆行的都是英雄
哪有好吃的哪里就有我只吃对的不吃贵的美食探店美食推荐就找我13843868248
哪有岁月静好是有人替我们负重前行情绪化表达
哪有那么多的如果我知道你行只是你不记得了而已来吧
哪次暴雨暴雪都是环卫第一时间上街
哪里危险哪里就有你们的身影
哪里可以坐？
哪里呀这么多猴子
哪里有困难哪里就有你们谢谢你最可爱的人
哪里自觉了
哪里规定的？
哭了
哭了心疼
哭出钻石
哭出钻石事件
哭嚎并将丈夫放平在地
哭泣
哭着找妈妈
哭笑表情
哲学才是王道
哲思福祸相依
唉可怜的女人
唉早点做预防就不会这样偏偏要佛系抗疫
唉这六分100块钱吃点烧烤不香吗？
唏嘘
唏嘘与调侃言论
唐山市公安交通警察支队
唐承君
唐某
唐某异常行为
唐某某
唐某某表妹
唐某某表妹的母亲
唐纳德·特朗普
唐门暗器
售卖行为
售罄
唯一一家省级民生电视频道
唯一具有最高免疫力的城市
唯有泪水……情绪化表达
唱响主旋律 弘扬正能量 传播好声音
唱歌、锻炼身体、骑自行车、走路
唱歌视频
唱着心里特别难受不知不觉流泪了
唱着心里特别难受不知不觉流泪了的评价
商丘一高中学生用水混杂泥沙水槽中沉淀厚厚一层泥
商丘市
商丘市成立事故善后处理工作领导小组
商丘火神台金桥路
商丘火神台金桥路重大交通事故
商丘电视台金融理财类节目
商业化倾向
商业化行为背离宗教本义
商业地产集资销售模式
商业思维
商业推广意图
商业知识
商业运作
商务wx：18657012181
商务及公益合作
商务及招募信息
商务合作
商务合作QQ为6291576
商务合作微信
商务合作微信womenshipin2016
商务合作微信：womenshipin2016
商务合作方式
商务合作联系方式
商务电话0633-7989677
商务联系方式
商品在橱窗玩抖音学知识看世界风云爱国学智慧涨知识 学曾老一生无私奉献……传递正能量
商品描述内容
商品质量或欺诈问题
商场展品摆放安全性需追责
商场方面推卸责任
商城县
商城县组织的部门
商家
商家与外卖员冲突
商家与骑手相互理解
商家出餐慢
商家号
商家号战疫行动
商家号战疫行动 美国 美籍华人回国想免费治疗新冠肺炎你们怎么看
商家无良
商家涨价行为
商家诚信
商户重大经济损失
商标专利布局
商洛新闻网
商洛新闻网网址
商用火锅电磁炉
商议帮扶办法
商贩
商贩与城管冲突
商贩挥刀行为
商贩挥刀行为属正当防卫
商贩行为
商铺
商铺变伤铺
商铺外墙水泥层
商铺外墙脱落砸地事件
商铺展示模型
商铺广告牌
商铺广告牌坠落事件
商铺广告牌施工过程中突然掉落
商铺投资者
商铺长期空置
啊九号看着狼呢
啥也不说了中国万岁
啥操作
啥时候来的成都？怎么没跟我联系 啊啊啊姐啊啊啊姐
啥药
啼哭约一个半小时
喀拉拉邦警察局
喀麦隆机场
喀麦隆机场警察开枪射击感染新冠肺炎的乘客
喂消防员把我给救出来了
喂草
喂食小鹿行为
喂食行为
善举
善后处置
善后工作
善待他人
善待动物
善待无辜民众
善待自然
善心呼吁
善意受寒
善护口业不讥他过；善护身业不失律仪；善护意业清净无染
善有善报恶有恶报
善良不分国界
善良互助
善良的蒙古人
善良的蒙古族人民好伟大
善良遇到善良有爱了我的国
喉头水肿
喜剧大师
喜剧演员
喜怒哀乐
喜来登酒店
喜欢交朋友
喜欢吃瓜的小犀牛
喜欢就点赞喜欢就关注
喜欢抖音平台及记录生活的理念
喜欢放羊的春林
喜欢的关注我吧
喜欢的就争取得到的就珍惜失去了就忘记
喜欢的来个关注
喜欢音乐～分享生活
喜洋洋等轻松表情回应
喜群居
喜迎新春
喜马拉雅山东南麓某少数民族地区居民
喝多了吧
喝桶装水的人群
喝茶可消除新冠
喝茶可消除新冠的评论
喝茶可消除新冠的调侃评论
喝酒不开车安全你我他
喝酒不开车开车不喝酒
喷个数码迷彩最好了
喷刷绿色油漆
喷壶爆炸
喷子们键盘侠们不喜欢看就赶紧划走
喷撒高浓度消毒液
喷洒超过浓度3的酒精会引发火灾
喷洒过多酒精遇明火
喷洒酒精消毒
喷洒酒精消毒引发燃爆事件
喷洒酒精消毒时楼上扔下烟头导致空调连续爆炸两次
喷洒酒精消毒楼上扔了一个烟头导致空调连续爆炸两次
喷洒酒精进行消毒
喷洒酒精进行消毒后
喷洒酒精遇明火引发
喷漆可躲避航拍或卫星监测
喷漆设备
喷漆设备带有高温火源
喷过酒精千万别吸烟刚才朋友圈的喷消毒水吸烟打火开车烧死了
喷香水
喷香水+抽烟
喷香水+抽烟引发爆炸
喷香水与点烟行为
喷香水行为
喻的一声
嗑瓜子
嗨大菇凉
嗨客足球
嗨客足球账号
嗨来这里看见新乡新闻热线：0373-3555555帮你办热线：0373-5820555
嗯嗯唢呐比较配美国现在的状态
嘉州大地一枚说人话的自媒狗
嘉汇龙潭小区
嘉珀莉富勒烯小安瓶
嘉珀莉富勒烯小安瓶超
嘉诚学校附近网友
嘉陵江
嘉陵江第5号洪峰
嘉陵江第5号洪峰形成
嘣的一声巨响
嘲讽与批评
嘲讽性评论
嘴仗升级为肢体冲突
嘴巴
器材在无人操作时自行运动
器材在无外力下移动
器材成精
器材持续晃动
器材自行运动
器材被用力拉下后持续晃动
器械运动
器械运动发生意外
器械运动发生意外事件
器械运动意外
器械运动意外事件
噱头
噱头标题
嚣张
嚣张14小时内两次抢劫汕头同一珠宝店还往店里扔砖头
嚣张不佩戴口罩还动手刺伤城管 男子被判处有期徒刑六个月
四个多月后再返校大学生宿舍阳台发现了鸟窝
四个月
四个车轮
四五十公里每小时
四人
四人已死亡
四人打麻将被抓
四人打麻将被抓要么拘留5天要么抬麻将桌走10公里
四人打麻将被提
四人死亡
四儿观天下
四只狼
四只野狼
四只野狼进村
四名伤者
四名伤者暂无生命危险
四名子女
四名工人
四名工人受轻微伤
四名死者
四名消防员
四名消防员被埋压
四周
四周挖沟
四大以后真的可以在家工作啦
四大队
四大队到场处理
四头牛
四宝宝
四小时
四岁白血病女孩
四岁白血病女孩给妈妈擦眼泪
四川
四川 重庆？
四川9口人
四川FM98.1 活动投稿
四川·巴中
四川·绵阳·江油城区
四川一家9口
四川一家9口为最牛亲家
四川一家9口到湖北探亲……
四川一家9口到湖北探亲不料滞留40天亲家囤的几百斤大米养的猪、鸭、鸡被吃空了
四川一家9口去湖北亲戚家被困40天
四川一家9口在湖北滞留期间消耗大量食物
四川一家9口探亲滞留湖北40天
四川一家9口探亲滞留湖北40天吃掉亲家3头猪、30多只鸭、几百斤米
四川一家9口湖北探亲滞留40多天吃光亲家3头猪、30多只鸭、几百斤米
四川一家9口滞留湖北吃光亲家三头猪
四川一户人家
四川一户人家9人
四川一户人家9人赴湖北探亲事件
四川一村子
四川中职择校、专业、升学
四川九寨沟景区
四川九寨沟景区今起临时关闭开园时间另行通告
四川亲家一行滞留近40天
四川亲家及亲戚共9人
四川人好吃嘴
四川人民发来贺电
四川人面对地震的从容态度
四川全兴队主场
四川内江市威远县
四川凉山州木里县
四川凉山西昌
四川凉山西昌19名扑火队员牺牲事件
四川加油鸭
四川医疗队
四川南充
四川南充一名男子
四川南充一名男子有期徒刑6个月
四川南充一名男子犯妨害公务罪
四川南充市五星花园
四川南充市五星花园附近闹市
四川南充市顺庆区五星花园
四川南充男子持刀刺伤防疫工作人员事件的夸大表述
四川南充男子未戴口罩不听劝还刺伤城管队员案
四川南充营山段高速公路
四川发布山洪蓝色预警导致广元绵阳多地受灾
四川境内
四川境内一辆无牌兰博基尼
四川境内高速公路主路
四川多地
四川大英县天星大道
四川天府新区
四川安岳城区
四川安岳城区岳阳河
四川宜宾
四川宜宾6.0级地震发生
四川宜宾一大货车
四川宜宾一辆大货车
四川宜宾中坝大桥附近两路桥下坡路段
四川宜宾临港长江公铁两用桥的临时栈桥
四川宜宾临港长江公铁两用桥的临时栈桥被冲毁
四川宜宾兴文县
四川宜宾兴文县地震事件
四川宜宾发生重大车祸大货车疑因刹车失灵连撞多车现场一片狼藉
四川宜宾大货车疑刹车失灵致多车相撞
四川宜宾山体塌方事件
四川宜宾市长宁县
四川宜宾重大车祸
四川宜宾高速多车连环追尾相撞事故
四川宜宾高速多车连环追尾相撞事故报道
四川巴中
四川平昌人
四川广安邻水县鼎屏镇学府路
四川广播电视报家周刊
四川广播电视报融媒体官方账号
四川开江县金山寺
四川开江县金山寺僧人阻止女游客自带香火并摔掉
四川开江金山寺
四川开江金山寺僧人
四川德阳
四川德阳一越野车失控冲破护栏坠湖女子坐车顶大哭
四川德阳寿丰场镇路口
四川德阳长江西路与凉山路交叉口附近
四川成都
四川成都张南高速南大梁路段
四川成都某街道
四川成都街头
四川成都街头奔驰车主狂扇法拉利车主耳光事件
四川整座山移动垮塌村子、房子、车子全被埋
四川新闻现场
四川无牌兰博基尼应急道飙车拒检仅扣6分罚200
四川日报
四川暴雨
四川最权威新闻
四川最权威新闻党报中的皮皮川可严可甜
四川最权威新闻带你看四川、观天下
四川某地整座山体移动垮塌
四川江油
四川江油冰雹大小似鸡蛋
四川江油城区突遭冰雹袭击
四川江油市
四川江油突如其来的冰雹刷屏了朋友圈
四川泸州山体滑坡
四川洪县宜威路58公里处
四川洪县宜威路58公里处山体
四川洪县宜威路58公里处山体塌方
四川洪灾
四川灾情
四川球川牛蛙养殖基地
四川球川牛蛙养殖基地牛蛙被洪水冲走
四川电视台新闻频道抖音官方账号
四川省
四川省东北部
四川省九寨沟县
四川省凉山州宁南县
四川省凉山州西昌市
四川省凉山彝族自治州西昌市
四川省南充市顺庆区人民法院
四川省宜宾叙州区柳嘉镇
四川省开江县金山寺
四川省西昌市
四川省西昌市宁南县
四川省防汛抗旱指挥部
四川省阿坝州山体滑坡相关文本
四川科技职业学院
四川籍亲家及亲戚
四川绵竹一寺庙突发火灾 在建亚洲第一高木塔被焚毁
四川绵竹九龙山的灵官塔
四川绵竹九龙山的灵官塔——全世界最大的木结构宗教建筑……
四川绵竹九龙山的灵官塔——全世界最大的木结构宗教建筑塔高80米共15层造价过亿修建历时9年
四川绵竹九龙山的灵官塔大火烧成灰烬
四川绵竹九龙山的灵官塔描述内容
四川绵竹九龙山的灵官塔相关信息
四川绵竹九龙山的灵官塔相关文本
四川绵竹九龙镇灵官楼
四川绵竹市九龙镇灵官楼
四川绵竹灵官塔
四川绵竹灵官塔被大火烧成灰烬
四川绵竹灵官塔被焚毁
四川绵竹灵官塔近日被大火烧成灰烬
四川绵阳山洪救援事件
四川绵阳市三台县刘营镇
四川绵阳涪江
四川绵阳涪江二桥下游
四川绵阳涪江五桥附近
四川绵阳涪江大桥
四川绵阳涪江流域
四川绵阳涪江流域汛情
四川自贡
四川自贡市马吃水附近一家饭店厨房
四川街头奔驰车主狂抽保时捷车主耳光被打者不敢还手
四川西昌
四川西昌森林大火
四川观天下
四川观宝
四川观实
四川观察
四川观票
四川观空
四川观空官方账号
四川资中
四川资中县
四川资中发生5.2级地震师生展现教科书式自救
四川资阳西门铁路桥
四川达州一名老人
四川达州老人碰瓷逼退小轿车
四川遂宁涪江五桥附近
四川遂宁涪江五桥附近河床玩耍
四川遂宁蓬溪县红江镇白坪村附近涪江水域
四川金山寺
四川金山寺事件
四川金山寺事件描述
四川金山寺僧人
四川金山寺僧人辱骂女游客景区曾被旅游局通报官方火速介入
四川金山寺行为
四川金山寺规定
四川金山寺骂游客摔东西
四川长宁人
四川阿坝州
四川阿坝州山体滑坡
四川阿坝州山体滑坡事件描述
四川高速交警
四川高速公路
四平电器停车场
四年
四手撕面包
四条恶犬
四条恶犬凌晨两点撕咬老人
四架二战时期美军轰炸机
四次垮坡
四次租金
四肢伤痕累累
四肢感染
四菜一汤10元餐食
四车
四辆大货车
四辆大货车碰撞事故
四连发
四酸大药疑似错别字
四颗红色鸟蛋
回中国长安网
回乡探亲的军人
回传画面
回去找老虎算帐去了
回司集的路还能走吗
回国
回国动机
回国学生
回国寻求免费医疗
回国拒绝隔离？面对疾风吧@抖音小助手 防控疫情长宁在行动
回国治新冠肺炎不免费想投诉
回国治疗收费问题
回国治疗新冠肺炎需自费
回天津的动车上
回头想想
回家
回家休养
回巴中交通将更便利
回应健康质疑
回应我是大连人我为大连加油 大连必胜加油
回应某些国家施压行为
回应者
回忆一路走来想想全是泪😭我的婚姻输得一败涂地年轻时年少轻狂不懂事现在懂事了发现自己又老了😔
回忆内容
回想20岁的自己也是差一点就做这样的决定看看如今的自己多好啊最终还是战胜了自己的心魔
回来不早了
回来了？
回来是躲新冠肺炎疫情吧
回火爆炸
回珠海要隔离14天有人选择游泳回珠海以为这样就不用隔离了
回眸一笑
回顾发布
回顾性传播的真实事故
因6元房费他对一家三口狠下毒手轰动广西一时的2死1伤命案17年后终于告破
因一瓶绿茶卖贵了五毛钱武汉一女收银员被保安猛击头部
因与确诊女子接触
因为你一个人让那么多消防员战士陪你……生命是爸妈给的要好好珍惜
因为信任所以简单[握手][握手][握手] 诚信、真诚、用心、贴心——做我的客户实惠、安心、省心、放心[抱拳][抱拳][抱拳] 您的专属家电顾问经理:胡堂杰18058121636（微信同号）
因为宝宝求抱抱
因为懒不定时直播粉丝群➕V：duiduiseng
因为疫情原因日本烟花提前燃放
因为视频不能全部播放可惜希望看到此视频的朋友给南航747的飞行员👨‍✈️致敬和👍
因为贝贝受伤仍坚持
因为费用太高
因乔治·弗洛伊德之死引发的全球连锁反应之一
因乘客发烧
因事件影响
因事故影响
因交通事故
因人工呼吸机数量不足不再为60岁以上新冠肺炎患者使用呼吸机
因人流减少
因仅一名导游遇难
因他人不文明行为带来的负面牵连
因价格争议
因伤
因供电中断
因公殉职
因内涝
因列车停运
因及时疏散
因取暖设备使用不当引发的火灾事故
因受惊
因受疫情影响
因变压器爆炸
因台风影响
因呼吸机不足不再为60岁以上新冠肺炎患者使用呼吸机
因呼吸机不足必须限制使用
因图像过度调色引发的网络误传事件
因地制宜选择适用模式
因地点错误
因外墙水泥块脱落
因大爷倒挂单杠动作
因大雨导致校舍被冲毁
因大风
因安全形势恶化
因实际地点非新化
因家庭矛盾玉林男子用匕首杀死妻子后潜逃
因对路线不熟
因山体塌方
因山体崩塌
因山洪冲击
因开车吃炸串被记6分
因强台风海贝思
因强降雨
因强风
因彩礼没谈拢女子跳河男友慌忙报警结果却是……
因彩礼纠纷
因意大利隔离两周没有游客威尼斯河道清澈见底海豚都来了
因感动
因感染
因感染新冠病毒
因担心引发恐慌未及时披露信息
因挤压
因掏鸟窝引发的触电事故
因接触确诊狱警
因接触确诊者
因摩托车被盗
因撞车门
因救火事故
因新冠
因新冠疫情死亡人数激增
因新冠肺炎去世
因无人让行救护车被堵路口致患者抢救无效死亡
因无法进入家门
因无游客投食导致
因暴雨
因暴雨导致井盖被冲起
因未发现零号病人
因村民哄抢花生
因杨某扔果筐
因林火死伤惨重数千人请愿将考拉迁居新西兰这段影像或许以后很难看到了
因果关系
因果关系: 果筐砸击
因楼上邻居乱扔烟头
因死亡人数激增
因殡葬系统超负荷而采取的遗体转运措施
因水位暴涨
因水流冲击发生位移
因沼气爆燃
因洪水影响
因消防员存在而安心
因涉及空难事件
因涉嫌妨害公务被刑事拘留
因涉嫌性侵
因涉嫌非法拘禁被移交检察院
因爆炸影响
因生活压力自杀
因疏忽导致意外的可能性
因疫情导致的30万人死亡风险
因疫情封山断绝食物来源
因疫情影响
因疫情滞留湖北期间消耗亲家大量食材
因疫情防控
因监管失职
因砍死未被证实
因种种原因
因细节夸大和传播方式误导
因脑梗瘫痪在床的爷爷
因船只减少
因被掩埋
因被阻止离开
因让行产生的交通违法
因贫困户懒惰
因路怒引发的交通事故
因踩上雨天湿滑的斑马线白漆面
因身体逐渐下陷且泥潭水位上升
因过去条件差未接四川籍亲家上门
因过路费高、经济原因无法前往
因连日强降雨
因连续多日参与搜救、劳累过度而牺牲
因送医及时
因铲车撞击
因错过最佳灭火时机
因靠捡废品维生
因风筝失控
因鹿群争斗
因黑帮活动
团中央青年发展部官方账号
团外
团结
团结互助的精神风貌
团聚紧迫性
团队
团队名扬天下
囤货潮
园林设计
困惑
困难
困难属实
围堵情侣
围墙
围栏
围殴事件
围观
围观战事
围观炮火场景
围观群众
围观群众担忧
国+社区
国之栋梁
国产机器人
国产机器人美女
国产机器人美女表演舞蹈
国产机器人美女表演舞蹈排队四小时
国产车牛逼
国产高科技机器人
国产高科技机器人舞蹈表演
国人受侵害事件
国会山报
国信供热
国内
国内会给免费治疗吗
国内会给免费治疗吗？
国内医保
国内医保参保记录
国内参保
国内参保不符合免费条件
国内外有机农业时代背景
国内应免费治疗新冠肺炎
国内抗疫
国内新冠治疗政策
国内正能量短视频
国内民生问题尚未完全解决却大力援助外国
国内法律
国内法律和行政区划
国内游乐场惊魂事故盘点
国内游乐场惊魂事故盘点每个都是深刻的教训请别让游乐场成为伤心地
国内群众
国内舆论
国内首个立足健康中国战略、服务4亿家庭健康的专业媒体
国内高考分数为标准
国务委员、公安部部长
国务院事故调查组
国务院事故调查组调查结论
国务院安委会
国务院安委会挂牌督办十堰爆炸事故
国务院安委办
国务院安委办与应急管理部
国务院联防联控机制新型冠状病毒肺炎防控方案（第七版）
国国正室
国外中心街头无业难民围追中国旅游团大巴
国外传来的真实视频～～不戴口罩抓老人老人容易传播新冠病毒
国外先进医护体系经验
国外导弹干扰
国外旧视频翻炒
国外的月亮又大又圆
国外的月亮并不圆
国外空气很甜
国外育儿方式
国宝级专家
国宝级人物
国宝要留在家里
国家
国家5A级景区
国家一类新闻资质网站
国家一级保护动物
国家一级熬夜运动员
国家主权问题
国家二级保护动物
国家兴亡匹夫有责
国家农林保护措施
国家农林保护飞机洒药防治美国白蛾
国家凝聚力的自豪感
国家卫健委
国家卫健委政策
国家卫生健康委
国家卫生健康委疾控局监察专员王斌
国家卫生健康委高级别专家组组长
国家危难时归国奉献的科学家群体
国家历史上规模最大的一次
国家呼吸疾病临床医学研究中心主任
国家地理杂志斥巨资购买龙卷风录像
国家地理杂志社
国家地理杂志社花费100万美元买回录像
国家地理花费100万美元买下一段加拿大龙卷风视频
国家奖励5780万元人民币
国家妥善抚恤牺牲人员家属
国家对暴力行为
国家已制定相关政策
国家应加强排水系统建设
国家应加强排水系统建设评论
国家强大人民安宁愿大中国永远强大
国家成本
国家所有
国家整治措施
国家旅游局
国家旅游局通报名单
国家有个病毒
国家有关部门
国家有这么多优秀的人这难关一定会战胜
国家有这么多优秀的人这难关一定会战胜评论
国家标准限量值
国家法律法规
国家灾难推测
国家知道美籍华人又不差钱 人家赚美元的
国家科技发展议题
国家移民局相关政策
国家移民管理局
国家紧急状态
国家级运动员
国家给予受灾群众补助
国家统计局
国家统计局与恒大研究院数据称
国家网络安全宣传周
国家自由搏击一级教练员
国家航天局
国家航天局公布影像图的日期
国家航天局发布图像为真实拍摄
国家航天局权威发布内容
国家补贴
国峰已确认
国广停车场
国广停车场物业
国广停车场被淹
国广停车场被淹事件
国庆70周年国家温暖退休人员的厚礼
国庆日阅兵彩排
国强
国敏县开
国整骨院
国旗
国旗鲜红方正
国是快过季的橘子哒……官方想出这一招也是不错滴
国机老士
国标摩登舞
国正人心顺 官清民自安 妻贤灾祸少 子孝父心宽
国民关注
国泰民安
国泰民安象征
国王三女儿一哭就流钻石看来不是童话
国省人人乐
国社品质温暖你我
国福 桂圆莲子粥
国籍一换评论过万
国籍惩罚
国籍认同
国美佳分子防片
国美电器对面
国轩福威斯光储充供电有限公司变电室
国门观察
国防政策倾向
国际
国际shipping
国际交流
国际传播机构
国际公路自行车赛事
国际原油价格
国际原油价格暴跌
国际原油价格暴跌背景下的大规模运输行动
国际原油跌破30美元一桶中国84艘巨轮直扑海湾买油
国际学生补贴
国际油价下跌情况
国际纵横间天下风云事
国际航班经停站
国际阅舰式
国食注字认证信息
图保存打开快手观看
图像
图像为真实传回影像
图像佐证
图像处理或角度误读制造
图像拼接或视觉错觉
图像由祝融号释放分离相机拍摄
图像疑似被篡改
图像系人为合成
图像缩放
图像识别或语音转文字错误导致的信息失真
图像误读
图像锐化
图文创作
图案细节
图案设计
图片或视频内容
图片来源
图表
圆润
圆满成功
圆眼县开
圆锤导弹
國家地理雜誌
國家地理雜誌社
國家地理雜誌社花100萬美元買回龍卷風錄像
國家地理雜誌花了價值100萬美元去買的一段视频請勿錯過加拿大多倫多的龙巶风可怕……与天奋斗？更可怕😱
國家地理雜誌花了價值100萬美元去買的一段视频請勿錯過加拿大多倫多的龙巻风可怕……与天奋斗？更可怕😱
國家地理雜誌花百萬購買龍捲風視頻
土地出让金和相关税费
土地国有、房屋私有
土壤保肥性
土壤有机质含量
土壤结构
土壤透水性
土壤通气性
土法家牛肉面卤面店附近道路东侧
土生土长的中国人
土生土长的农村人
土耳其
土色与绿色罩面喷涂
土葬
土葬习俗
土葬安葬过程
土葬过程中
土豪
土质松软
圣杯战争规模很大
圣水
圣诞假日期间
在下面拍照要带伞天上甩下来的不一定是雨
在不出来整个身子都黑了
在中国就被罚款了
在事件中
在事故中
在事故现场
在二连浩特—扎门乌德口岸
在人和地铁外食用小龙虾后中毒
在佛山市自家别墅遭到挟持
在全世界观众面前展现中国功夫雄风
在八里桥多年不知此事
在公园闲进 罚背防疫手册 背不会谁也别回家 金 河南信阳
在公园闲逛被罚背防疫手册
在公安部门使用
在北京没有健康码啥也不是
在医生办公室打伤医生
在医院
在医院大闹
在医院接受治疗
在华非洲人遭遇
在华非洲人遭遇虐待事实
在华马来西亚人员
在南阳用云上南阳App就够了
在哪装水
在四川、广西等地组织色情直播表演
在国家湿地公园非法垂钓
在场围观者亦应承担责任
在埃塞俄比亚遭遇暴力
在外买现出的散面
在外务工
在大自然面前人类多么渺小
在大雨中席地而睡
在天津服刑
在太平镇上元街抓获嫌疑人
在学习中不断的成长在成长中不断的进步
在安哥拉遭遇暴力
在官方通报中
在实际事件中
在家也干不完工作
在家办公
在家干点啥
在家里
在寒冬中身披晨光走来是守护健康的白衣天使辛苦了
在寒风中瑟瑟发抖
在封面新闻了解权威信息看真实新闻故事
在尼日利亚的华人
在巴基斯坦不适合采用鸭子捕食蝗虫的治理方式
在应急道上超速行驶
在建始县城
在建水电站大坝
在强风中
在当事人陈述中
在当地
在微信群内传播低俗视频
在微信群内传播各类链接
在微信群内传播投票内容
在微信群内传播涉毒内容
在微信群内传播涉赌内容
在微信群内传播涉黄内容
在微信群内传播游戏内容
在微信群内传播砍价内容
在微信里不要乱发表情群内乱发会导致封号
在快速路低速行驶或随意停车的行为
在恩施建始县
在患病期间
在意中国医护人员
在意大利贝加莫市
在我眼里你会发光我有个朋友@外卖骑手
在扑救厂房火灾时
在扑救森林火灾过程中
在扑火途中
在押人员
在押人员之一
在收取停车管理费的情况下
在救援中
在救火任务中
在文本中
在日中国公民
在日中国公民安全
在日中国公民注意安全
在日中国公民紧急应对提醒
在日中国同胞平安
在日本上市
在朝鲜问题上帮了大忙
在未确保安全情况下
在未确认其是否对人类构成威胁前
在本次事件中
在杭度过平安幸福春节
在标题中
在校大学生
在校期间
在桥梁垮塌报道中
在楼顶晒衣服被子
在正文中
在武汉
在武汉长江大桥和汉加湾燃放烟花
在河北看世界
在河南信阳某公园有人因闲逛被罚背诵防疫手册
在泉州欣佳酒店坍塌事故中殉职
在泥水中连续奋战18小时
在洪水中
在洪水中漂荡
在海南看南海网
在海边打捞惨不忍赌
在湖塘某小区进行酒精消毒时因楼上丢下烟头引发空调连续爆炸两次
在潼南
在澳门偷度游水回珠海世界轮流转了
在火星表面的实景影像
在现场
在现场 传播正能量
在现场传播正能量
在珠峰大本营吃梅干菜炒蛋炒饭那个香啊
在疫情发生后
在看夜景啊
在积水中
在线上使用
在线帮忙服务
在线记者会
在网络传播
在网络评论中
在美国拍摄此类事件难以产生实际影响
在职二十年教师
在节目中
在苏州一起嗨
在街上见到老人就抓
在西宁就用掌上西宁
在评论区
在评论区@官方
在该文本语境下
在货船沉没事件中
在资江二桥溺亡
在路由器上贴创可贴实现
在路由器天线上缠绕吸油纸
在路由器天线上缠绕烟盒锡纸
在车内喷香水
在车里有一男一女女的在驾驶喷香水男的拿打火机点烟一个不小心瞬间两人双双送命
在辽宁抚顺新宾县永陵镇羊祭台村四道沟组出现
在这里了解台州
在这里和浦东同频共振新鲜事、感人事、突发事投稿VX:13918901149
在这里和青年共振
在这里爱上长沙投稿邮箱592022805@qq.com
在这里看见世界
在这里观注绵阳读晚报 用晚报 有事找晚报～新闻报料、私信请+关注哦👌
在逃
在途中
在道路上
在那里
在那里买过几次菜
在酒吧又唱又跳
在重庆 看重庆 用新重庆客户端
在铁窗边缘疯狂试探
在长江大桥燃放烟花
在阿尔卑斯山
在阿尔卑斯山滑雪
在非专业场地且有儿童出没的情况下
在非华人
在非华人安全
在非华人注意安全
在非对抗情境下本能使用暴力
在韩留学生
在风雨里做个大人在阳光里做个孩子……
在香草园吗？
在马路上安然睡觉
在高压线下钓鱼
在？为什么在不给投喂的自驾区开车窗？@抖音小助手
地上全是血但愿没事
地下文物推测
地下车库
地下车库应具备防洪排水系统
地下车库被淹
地下车库被淹事件
地下遗迹
地中海国家
地中海地区
地产商借机炒作
地产领域
地动山摇
地勘单位呢？
地区和平稳定
地区稳定
地名矛盾
地名繁峙
地名读音纠正
地名重复交错
地名错误
地坛公园
地坛公园八旬老大爷吓人的动作请勿模仿杠 以杠会友
地坛公园工作人员
地坛公园方面
地域
地域不符疑点
地域信息不符
地域信息偏差
地域信息矛盾
地域信息错误
地域偏见
地域关联性情绪表达
地域关联推测
地域关联猜测
地域归属争议
地域性信息偏差
地域性偏差
地域描述部分
地域支持情绪
地域攻击言论
地域气候差异对比
地域消费水平影响
地域混淆
地域混淆或信息嫁接
地域矛盾
地域认同
地域认同表达
地域误标信息
地域车牌疑点
地壳推移
地壳推移事件
地壳推移事件描述
地壳推移被视频记录
地壳运动
地形地貌图像
地方习俗差异
地方加强管理
地方媒体
地方捕快抓了六扇门的
地方捕快抓了六扇门的类比
地方政府
地方政府采取公共消杀措施
地方民众期待
地方民众自豪感
地方真实社会舆情的记录与传播
地日管道加工开
地段地段还是地段😁
地毯式搜捕
地点
地点不符
地点与事件矛盾
地点与行为组合
地点为静冈清水区
地点信息
地点北滘（jiao）镇读音错误
地点南通
地点大连
地点标签错误
地点混淆
地点真实性
地点确认相关讨论
地点表述不一致问题
地点讨论
地点询问
地点误传情况
地点误植
地点质疑讨论
地点错误
地点错误信息
地球不需要人类
地球不需要你保护你能保护的只有自己
地球其它物种都在感谢新冠病毒
地球另一端的真实战火
地球可以离开人类
地球或许不需要人类而是人类离不开地球
地球文明面临严重危险
地球新主人
地球自愈系统开启
地球观察
地理不一致
地理与时间错配
地理与航空管制现实
地理位移盈利
地理位置归属天津港或空港经济区
地理位置提及
地理位置错误
地理信息混乱
地理信息混淆
地理偏差
地理常识性质疑
地理常识错误
地理数据异常问题
地理标记Mknh
地理标记T3kn
地理现实
地理误植
地理距离
地理迁移
地理错误
地理错误信息
地笼
地缘政治玩笑评论
地缘政治联想
地貌
地貌变化描述
地貌影像
地貌细节丰富
地貌面目全非
地质灾害
地质灾害监管呼吁
地质结构
地道农村人真本实料一诺千金
地道的温州爷们
地铁出行
地铁工作人员
地铁工作人员做法
地铁站渗漏水事件
地铁车厢地面
地铁运营方
地陷
地陷事故
地震
地震 突发 四川宜宾地震
地震中师生迅速躲到课桌下
地震中教育工作者的责任与担当
地震中老师教学生躲课桌下自己却跑了
地震了她却跑进了教室西藏那曲发生6.1级地震所有人都逃出去后她又跑了回去
地震事件
地震信息
地震发生
地震发生于当地时间23日10时29分
地震发生时
地震后7分钟
地震后老师疏散学生的真实场景
地震应对知识
地震应急反应
地震影响
地震时房屋出现明显晃动
地震瞬间
地震破坏程度真实性
地震逃生方法合理性
地震预测能力
地面
地面塌陷
地面塌陷事件
地面塌陷地点
地面拥堵
地面留有大量血迹
场地翻修
场地翻修挖出蜀王陵
场所安全管理责任
场面壮观震撼
均指成都街头冲突
均无生命体征
均死亡
坍塌
坍塌事件
坍塌事故
坍塌事故属于重大生产安全责任事故
坍塌后场景
坍塌风险
坏人变老了？
坏人老了依老卖老美女正气
坏人走到哪都是坏人
坐公交乘风破浪还真成了现实
坐公交像坐船上海下的不是雨是瀑布吧
坐吃山空
坐在大雨中睡着
坐在桥上栏杆
坐地涨价
坐地痛哭
坐拥长江 纵论天下
坐直升飞机撒钱
坐着等待的学生
坐着飞机去战斗笑死我了
坐着飞机去战斗笑死我了留言
坐等救援
坐过一次前面还有呼吸罩
坑女婿
坑洞
坑骗消费者
坚不可摧
坚决不配合防疫者一律驱逐出境
坚决依法处理
坚决反对
坚决捍卫国土
坚决支持
坚决禁止高空抛物
坚决隔离
坚守岗位
坚强再学习
坚持与努力的呼吁
坚持交通强国担当时代使命
坚持素食
坠下
坠亡
坠入水中
坠机事件
坠桥
坠桥事故
坠楼
坠楼事件
坠毁
坠毁事件
坠毁前最后一段影像
坠毁前真实舱内画面存在
坠毁前舱内最后时刻
坠毁前舱内最后时刻信息
坠毁客机
坠毁现场
坠毁过程
坠江车辆
坠江车辆为22路公交
坠江车辆和被困人员
坠河皮卡车中
坠湖
坠落的被子
坠落高度
坠落高度与车速
坡下一间民房
坡度太陡
垂危
垂直跳楼机
垂钓爱好者
垃圾人
垃圾分类
垃圾分类中的干垃圾/有害垃圾混合物
垃圾分类志愿者
垃圾分类政策
垃圾分类是大趋势
垃圾分类纠纷
垃圾桶
垃圾桶中
垃圾桶内现弃婴 环卫工人忙救助
垃圾桶弃婴案
垃圾桶弃婴案细节
垃圾清运工作
垃圾满了下一趟来拉
垃圾箱旁
垃圾袋
垃圾车
垃圾转运不及时
垃圾遍地
垃圾问题严重
垮塌
垮塌废墟中
埃塞俄比亚
埃塞俄比亚交通部
埃塞俄比亚交通部发言人
埃塞俄比亚客机失事前客机内部最后视频曝光
埃塞俄比亚客机失事无人生还机上有8名中国公民逝者安息…
埃塞俄比亚客机失事黑匣子最后10秒钟
埃塞俄比亚空难最后
埃塞俄比亚空难最后时刻客机内部视频曝光
埃塞俄比亚航空
埃塞俄比亚航空ET302事件无关
埃塞俄比亚航空ET302航班
埃塞俄比亚航空ET302航班坠毁事件
埃塞俄比亚航空事故画面
埃塞俄比亚航空公司
埃塞俄比亚航空公司客机
埃塞俄比亚航空公司波音737 MAX客机
埃塞俄比亚航空公司运营
埃塞俄比亚航空坠机事件
埃塞俄比亚航空坠机黑匣子数据曝光 坠机前3分钟飞机经历了这些
埃塞俄比亚航空客机
埃塞俄比亚航空波音777货机
埃塞俄比亚航空货机
埃塞俄比亚航空货机起火事件
埃塞俄比亚飞机失事最后画面视频曝光愿逝者安息
埃方调查人员
埃航坠机现场视频曝光
埃航坠机现场视频曝光：客机残片遍地埃航CEO抵达飞机坠毁现场[伤心]
埃航失事客机
埃航失事客机黑匣子
埃航失事客机黑匣子已找到这是自动记录仪录下的最后10秒钟……
埃航失事客机黑匣子已找到这是自动记录仪录下的最后10秒钟……人们濒死的惨叫声
埃航失事客机黑匣子已找到这是自动记录仪录下的最后10秒钟……人们濒死的惨叫声活着就是最大的幸运没那么多
埃航客机坠毁
埃航客机坠毁事件
埃航客机坠毁前舱内最后时刻
埃航客机坠毁新闻
埃航客机坠毁相关新闻内容
埃航客机失事
埃航客机失事 悲痛!航空工业员工金也淘因埃航客机失事不幸遇难
埃航客机失事事件
埃航集团CEO
城中小学西大门门口北50米
城区内涝
城区多处积水严重
城区被淹
城南精品林
城市上空升起滚滚浓烟
城市之美与人性之光
城市传奇民生冷暖教我如何不想她传递网络正能量感谢快手平台投稿合作V：kcz0519
城市内涝
城市内涝如瀑布现象
城市内涝灾害
城市内涝问题
城市基础设施改进建议
城市大爱
城市工业布局
城市排水系统
城市排水系统建设
城市河道画面中
城市温度
城市行洪河道被挤占
城市街道
城市运行紧张
城市防洪建设
城市防洪建设不足
城建规划与楼市信息
城投奥文公馆
城投奥文公馆建筑工地
城管
城管、消防、公安等部门
城管与女商贩
城管与摊主发生冲突被砍伤后续来了警方发布通报摊主为正当防卫
城管人员
城管人员受伤
城管商贩
城管执法人员
城管执法冲突
城管执法过程中
城管执法队员
城管监管缺位
城管行为
城管追打女商贩被砍伤
城管追打女商贩被砍伤摊主系正当防卫
城管队员
城管队员情绪失控追打商贩
城管队员杨某桥
城管队员杨某桥右手被划伤
城西派出所民警
城郊乡二级主任科员
城郊连接道路
城门外水位达到2米
培养产业运营与管理人才
培训费100元
基于过往生物治蝗设想的夸大与误传
基于长春38车连撞、17人死的讨论
基层一线员工
基层劳动者的工作强度
基层劳动者的身心健康
基层劳动者责任担当
基层医生凭借专业能力治愈疑难病症
基层官员与约翰逊的可见性
基层执法中的复杂情境
基层执行
基层民警
基层民警挽救生命的动人场景
基层民警暖心执法形象
基层群众在重大公共危机中的责任担当
基层警务人员
基层警务打击盗窃犯罪
基层防疫
基层防疫工作
基本
基本一致
基本人性
基本安全意识
基本属实
基本愈合
基本扑灭
基本求生技能
基本洗手设施
基本生活保障
基本生活无忧
基本科学常识
基本稳定
基本被控制
基础不好
基础实验阶段
基础石构为主
基础设施严重受损
基础设施受损
基础设施建设
基马尼
基马尼杀害子女事件
基马尼的弟弟
堡垒海域实现深海发射
堤坝斜坡等复杂地形
堤防决口
堪比炸弹
堰塞湖
堵路
堵路乞食
堵路乞食事件
堵路索粮
塌房事故
塌方
塌方事故
塌陷事故
塌陷点已进行混凝土回填
塌陷风险
塑料
塑料再生加工过程
塑料制成大米并流入市场
塑料大米
塑料大米正在生产
塑料大米正在生产中
塑料瓶改磁坛子更像回事
塑料空瓶作为临时漂浮工具
塑料袋
塑料造粒
塑料造粒的工业画面
塑料颗粒
塑视频
塔吊
塔吊下通行风险
塔吊主体
塔吊事故有人掉下来
塔吊仅剩底部直立
塔吊倒塌
塔吊倒塌事故
塔吊倒塌事故发生日期
塔吊倒塌事故报道
塔吊司机安危
塔吊司机活着吗
塔吊坍塌事故
塔吊坠落事故
塔吊掉落
塔吊设计承重
塔吊设计承重远超两人重量
塔吊质量
塔吊载物
塔吊部分结构
塔吊驾驶舱坠落事故
塔吊高空建材滑落致行人身亡塔吊严禁作业状态挂重物进入道路上空
塔山通航
塔机安装作业事故
塔机安装作业顶升套架滑落事故
塞巴斯蒂安·史密斯
塞缪尔·瓦韦鲁
塞翁失马焉知非福
塞钱盖章过检
填沙筑堤
境内销售
境外入境人员若无中国医保原则上需自行承担医疗费用
境外输入人员
境外输入人员孙某回国后拒绝隔离
境外输入无症状感染者
境外返沈人员尹某某
境外返沈人员解除隔离后检测阳性
墓葬年代
墙体坍塌
墙体被冲毁
墙壁出现裂缝
墙随风倒
增加10万元彩礼要求
增加事件真实性
增加十万彩礼
增加桥梁自重
增加班次
增加西瓜视频平台流量
增加防疫难度
增压式设计
增强信号
增强全民防火意识
增强情感渲染效果
增强桥梁稳定性
增强网络信号
增强虚假信息可信度
增强路由器信号
增援
增援力量持续到位
增援力量持续到位能否破解武汉患者收治难题
增设袭警罪以来延吉首起袭警案主角是一位醉酒女子
增设警示标识
增驾
墨尔本至广州航班华人捐物资事件
墨尔本至广州航线
墨尔本飞往广州的航班
墨尔本飞往广州的航班客舱内满载物资
墨西哥
墨西哥7.4级地震
墨西哥7.4级地震事件
墨西哥、危地马拉、萨尔瓦多、洪都拉斯四国
墨西哥今10:35大地震震中7.2级
墨西哥发生7.4级地震
墨西哥发生强震
墨西哥国家地震局
墨西哥地震
墨西哥地震事件描述
墨西哥地震发生时房屋明显晃动
墨西哥媒体
墨西哥房子没大面积倒塌
墨西哥民防部门
墨西哥电视剧爱的胜利
墨西哥电视剧爱的胜利剧情
士尼4D影视
士尼4D影视出品信息
壮烈牺牲
壮胆对峙
壮观[赞]
壮观的生命景象让人感动
壮观的生命景象让人感动得流泪
壮观评论
声动平度 101
声援医务工作者
声援司机依法维权
声称内容为真新闻
声称可观看真实功夫对决
声称市区惊现大型墓群
声称的220公里/小时行车
声称的新疆五家渠事故
声称通过贴创可贴增强信号
声音已做变声处理
声音来源
壶口瀑布
壶口瀑布 免票人太多游客因抢坐车撕扯拽头发文明旅游 注意安全
壶口瀑布一男游客翻越护栏跳黄河
壶口瀑布主瀑布
壶口瀑布景区前二三十米的小沙滩
壶口瀑布景区前小沙滩
处于昏迷状态
处出感情了
处分
处女座
处理中
处理事件
处理事故
处理仅止于约谈是否过轻
处理后续事宜
处理并缴款
处理普吉游船倾覆事故领导小组
处理理赔
处理结果
处理结果透明
处理过轻
处罚
处罚事由
处罚建议的讨论
处罚方式
处罚时间
处罚是否合理
处罚类型
处罚结果未公布
处罚荒诞后续
处罚过轻
处置
处置不及时
处置事故
处置山火
处置工作
处置案件
处置现场
处置过程
处警民警
备注Puppy 乐秀
备注信息
复兴一大队民警
复制发放行为
复旦大学
复旦大学审计局
复旦大学毕业的网红流浪者
复旦大学毕业高材生沦为流浪汉
复旦大学高材生转为流浪汉
复旦毕业说法
复旦毕业高材生沦为流浪汉
复杂情绪
复杂情绪与倾向
复杂生态变化被简单归因于人类活动暂停
复杂舆论反应
复核回复
复联4拍摄
复联4拍摄联想
夏天
夏季小龙虾上市
夏季小龙虾上市将带来健康风险
夏季来临
夏曲镇小学
夏曲镇小学地震撤离事件
夏曲镇小学师生
夏某某
夏津
夏津一女子
夏津一女子逼停大货车却被另一辆货车撞倒
夏津出口500米
夏花容
夏花容之子
夏花容之子与四川亲家
夏花容夫妇
夏花容家
夏花容家中下蛋母鸡
外交和国际问题专业出版传媒机构
外交签证
外交部
外交部、国家移民管理局：暂停外国人持目前有效来华签证和居留许可入境
外交部与国家移民管理局
外交部与国家移民管理局公告
外交部与国家移民管理局未发布该政策
外交部及国家移民管理局公告
外交部及国家移民管理局未发布该政策
外交部发言人
外交部发言人华春莹
外交部发言人华春莹的表态
外交部发言人耿爽
外交部和国家移民管理局
外交部回应
外交部回应印度将中国领土划入所谓直辖区
外交部回应印方在中印边界地区修建公路
外人
外人闯入事件
外八字步态
外出
外出或开车时井盖开启情况
外出游玩时切勿以身试险
外出真实目的
外卖 Vlog日常
外卖人员
外卖从业者职业尊严
外卖员
外卖员不能买房子吗？买了房就不能穿工作服回家吗
外卖员作为业主仍被阻拦事件
外卖员催单过程中言语不当引发争执
外卖员发生争执
外卖员工作压力大
外卖员干得漂亮
外卖员行为
外卖员被保安拦阻
外卖商家
外卖商家与美团外卖员
外卖小哥
外卖小哥KO外国拳击冠军
外卖小哥KO外国搏击名将
外卖小哥KO外国搏击名将事件
外卖小哥KO美国拳王
外卖小哥下班回家被保安阻拦情绪崩溃
外卖小哥与小区保安冲突
外卖小哥争气长脸
外卖小哥以一指神功KO外国搏击壮汉
外卖小哥击败专业搏击手
外卖小哥击败外国搏击名将事件
外卖小哥击败外国搏击名将事件的赞扬
外卖小哥因未完成送餐而自责
外卖小哥坐地痛哭
外卖小哥扬我国威暴打美国拳王
外卖小哥摩托车被盗并痛哭
外卖小哥是个神秘的组织卧虎藏龙
外卖小哥点赞
外卖小哥点赞与美团红包相关内容
外卖小哥的原话或转述语
外卖小哥的责任感
外卖小哥等平凡英雄
外卖小哥等餐崩溃怒砸店被暴打获赔4000：一单赚3块9超时扣3块
外卖小哥被欺负东北小哥出言相助
外卖小哥进入家中
外卖小哥送餐回来发现电动车被盗坐地痛哭
外卖小哥送餐时电动车被盗后坐地痛哭
外卖小哥送餐期间摩托车被盗
外卖小哥雨天坐地痛哭原因让人心酸
外卖纠纷事件
外卖行业学历分布话题
外卖行业管理
外卖骑手
外卖骑手与店长冲突事件
外卖骑手存在雇佣或合作关系
外卖骑手面临超时罚款高
外卖骑手面临配送压力大
外卖骑手面临顾客差评
外国人入境通道
外国人发现美人鱼（鲛人）真实存在
外国人在中国是否受不公平对待争议
外国人在中国须守法
外国人持有效签证和居留许可被禁止入境
外国人插队引发冲突
外国人看笑话了
外国人辱骂中国人
外国人配合和支持中国疫情防控工作
外国商人偷蚕虫致中国损失千亿
外国搏击名将
外国搏击名将KONE
外国搏击名将辱骂成龙李连杰并被外卖小哥击败
外国搏击名将遭中国外卖小哥KO
外国搏击壮汉
外国的月亮比较圆
外国真好想去的都快去
外国警察驱赶人群
外圈驯鹿
外地婚礼
外地患者驾驶员
外地游客
外墙水泥块脱落
外墙脱落事件
外墙脱落水泥块
外媒
外媒感叹实力悬殊
外媒的报道我反正不信你怎么看？
外媒真实发表此评论
外媒综合
外孙女
外方
外星人
外星人存在
外星人存在证据
外星人攻打纽约
外星人求救
外星人求救猜测
外星人高达50米
外星文明
外星文明干预的结果
外星生命是否存在
外星科技介入
外村人员
外村村民
外来人员
外来物种
外界
外界关注
外界对中国海基核力量技术进步的关注与评估
外界震惊与质疑
外租老虎
外租老虎行为
外籍人士
外籍华人不是中国人
外观焕新
外观设计
外貌相关评论
外购不少于30只
外逃豹子事件信息
外部侵害因素
外部暴力致死
外部病菌侵入
外面似乎变成了魔界
外面混不下去了只能混里面了
外面的香不能点只能买寺庙里的香
多一点沟通 少一点抱怨多一点理解 少一点挣执
多个不相关元素
多个协会会员
多个墓室
多个墓室结构
多个奶粉品牌及规格
多个房产节目主持人
多个昵称相似账号发布重复内容
多个朋友多条路天鹅啄取食物喂锦鲤 网友：超有爱＃万物皆有灵性 ＃锦鲤
多个村庄
多个村庄被毁
多个水文站水位
多个水文站水位超过1998年极值
多个点赞表情
多个相似抖音账号
多个糖果与独角兽符号
多个羁押地点
多个西X视频错别字
多个评论
多个赴日旅行团队
多为情绪化点赞
多买几个
多买可享折扣
多事之秋
多云转库南
多云转防南
多人
多人受伤
多人受困
多人围观
多人围观画面
多人摔倒
多人摔倒事件
多人暴打
多人暴打事件
多人目击报告
多人被压
多人被埋
多人被撞倒
多人遇难
多件饰品
多伦多
多位业主
多位代表委员
多位受访者
多位同学反映
多位市民
多位民众
多位用户
多位用户对刺激程度的反馈
多位用户质疑
多位电竞专业学生
多位网友
多位邻居
多倫多
多倫多的龍巻風飛機場大飛機捲起了汽車滿天飛國家地理雜誌社花100萬美元買回這段錄像
多倫多龍卷風
多元且情绪化
多元化反应
多元观点
多元评论
多元评论观点
多军种参与的1-15计划
多加照顾钟某父亲
多去道观
多叠百元钞票散落现场
多只宠物
多只宠物犬中毒
多只宠物犬死亡
多名乘客
多名入境处工作人员
多名医护受伤
多名印度青年
多名受害人
多名市民归还24500元
多名打人者
多名执法人员及工作人员
多名抬棺人员被砸倒
多名抬棺人员跌倒
多名新冠患者
多名民警尝试救援
多名民警相互搀扶尝试下水救援
多名热心群众
多名白人警察
多名网友
多名网友评论
多名美国防部官员
多名群众
多名自行车运动员
多名舞者
多名舞者均为机器人
多名舞者实为机器人
多名警务人员
多名警员及工作人员被隔离
多名评论者
多名邻居
多名青少年
多国
多国做法采取的临时性措施
多地
多地天气信息
多地媒体
多地强降雨
多地收费差异
多地政府
多地未见效
多地消防队伍
多地火葬场
多地环保造假现象
多地网友评论
多地街边店铺临时停业
多地车主
多地高校
多处切割伤及肌腱神经断裂
多处受伤
多处史实错误
多处建筑物起火
多处房屋被淹
多处泥石流
多处淤血
多处淤青擦伤
多处自相矛盾
多处重复与错别字
多好的一部喜剧电影
多家保险公司
多家医院
多家品牌中央空调系统
多家品牌净水系统
多家品牌地暖系统
多家品牌新风系统
多家航空公司
多家航空及铁路公司
多少钱一个
多少钱一个？？
多少钱演一场
多幅由祝融号火星车拍摄的科学影像
多年
多年以来为退休老人提供重要经济保障
多年创业心血付之东流
多年被蒙蔽
多情的种子总是遇上无情的～～～～？？？
多才多艺
多才多艺者
多支水枪协同冷却
多数声音
多数毕业生
多数用户评论
多数电竞公司
多数电竞毕业生
多数网友
多数网友质疑未及时下车
多数认为非真实
多数评论观点
多方
多方共同参与且无法明确过错程度时
多方救援力量
多方猜测与指责
多方认为解释牵强
多方评论
多日
多条悼念评论
多条河川泛滥成灾
多条用户评论
多条留言
多条评论
多条评论明确指出
多条调侃性留言
多条调侃性评论
多条质疑真实性评论
多条质疑评论
多条重复留言
多条铁路
多架飞机空中相撞事故
多栋房屋受损
多栋民房
多栋民房垮塌
多栋疑似学生宿舍的树林
多次
多次倒地
多次前往火区
多次参与赌博
多次变道
多次尝试沟通
多次拒绝
多次拖拽
多次推搡
多次提及安徽六安、彩礼、跳井等信息
多次核酸及血清抗体检测
多次盗窃或哄抢行为
多次辟谣
多次重复动态
多次雷击
多灾多难的2020
多灾多难的一年
多灾多难的今年
多点视频监控
多种公众评论
多种吊车设备
多种声音
多种激光武器低能量验证测试
多种社会因素讨论
多种评论观点
多种调侃与质疑观点
多种质疑声音
多维度栏目
多艘救援船只
多萝西
多行不义必自毙
多角度观点交锋
多警种合成作战
多警种合成作战机制
多警种合成作战藤县警方20小时速破抢夺案
多设备协同成像
多起交通违法行为及处理记录
多起所谓游乐场事故
多车
多车严重受损
多车受损
多车相撞事件
多车相撞交通事故
多车连撞事件
多车连撞事故
多车连撞画面
多车连环追尾相撞
多车追尾事故
多辆公交车
多辆小车
多辆小轿车
多辆救护车已抵达救援
多辆新干线列车
多辆汽车
多辆消防车
多辆车辆
多达50块晶体
多过来看看吧有助于交流
多通风 勤洗手 戴口罩
多部内科学权威教材
多部门
多部门联合救援
多锻炼身体
多项荣誉
夜宵店被打砸
夜宵摊
夜宵档口人员
夜宵档打砸事件
夜宵档被打砸事件
夜市管理
夜深人静时
夜深来一段提示车祸前天凌铁大桥今夜又是北大桥交通事故
夜空出现显著蓝光
夜行300余公里
夜视监控设备
夜间巡逻
夜间行车
够吹一辈子了
大 大大百科JIA
大中国加油_CINN
大丰收
大事件全面禁止使用化肥农药各地有机肥100%替代行动全面开启
大事件四川到宜宾500车连撞
大事故了
大事看川观
大事看川观观
大人
大人和儿童
大人和小孩
大人接住
大仇啊
大众化
大众声音
大众网青岛
大倾斜度屋顶
大倾斜度设计
大兴安岭火狐狸
大兴安岭雪地中出现的狐狸
大兴安岭雪地中出现的狐狸为红色精灵
大兴安岭雪地惊现火狐凤九是你吗？
大写的蒙圈为何违章一次要交两份罚单？
大冬天没暖气如何生活
大冷天发现地面塌陷
大到暴雨
大化瑶族自治县融媒体中心
大千世界 大开眼界
大千世界无奇不有
大半截尾巴
大卖买呀
大厦工作人员
大参考
大吉大利
大吉大利祈福留言
大哭
大回环动作
大国风范
大地被破坏它会生气的
大地被破坏它会生气的评论
大坑
大坝下游第一座缆索桥
大坝坍塌
大坝安全
大坪医院
大坪医院创伤外科一病区
大型动物
大型吊装设备
大型塔吊
大型塔吊倒塌
大型塔吊倒塌事故
大型墓群
大型墓群若被发现
大型墓葬群
大型客车坠桥
大型客车坠桥事件
大型挖掘机
大型斑岩型金矿
大型斑岩型金矿发现事件
大型普通客车
大型普通客车发生事故
大型普通客车发生碰撞
大型普通客车司机死亡
大型民航客机
大型民航客机起降
大型犬
大型犬扑倒
大型猫科动物脚印
大型猫科动物踪迹
大型聚集性活动
大型蛇类
大型货车
大型货车侧翻事故
大型起重机
大型野生动物
大城小编带你看天下 私信投稿 让更多的人看到你的作品
大城市眼科医生
大堡盆村
大境公园
大多数电竞公司起薪较低
大大小小17口人9个亲戚去湖北探亲被困滞留40天吃光3头猪
大大百科
大女儿知道爸爸和妹妹遇难直接晕倒送去医院
大如鸡蛋的冰雹
大娘这一跪执法人员吓死了赶紧跪回去
大学大学
大学生
大学生返校后发现宿舍阳台有鸟窝
大客车
大客车与越野车碰撞
大客车司机死亡
大客车坠桥
大客车坠桥事故
大客车坠江事故
大家
大家坚持与努力
大家好我四川简阳人
大家帮忙转发一下被拐卖小孩
大家平安就好
大家注意了
大家要注意安全啊
大家讨论
大家进来看看 池州市平天湖 每年招标起鱼 每年进行电捕捞 晚上就是坚守自盗 多少的传统
大家都仔细看看有什么砍价啊什么赌博的群赶紧撤了别谢谢我了
大家都是中国人不要打
大小事 尽在安康融媒
大小鱼通杀
大山里的推荐官
大巴司机
大巴司机跳车逃走
大巴横躺在桥底轨道上
大巴车坠桥
大师
大师变大湿
大师在流浪
大师建议看完视频学习他所说的用人之道
大平姐
大平姐看到非洲华人被害心里有点慌有点害怕纠结要不要过去了
大年初一到现在就发了三根洋葱、十个大蒜头、两棵白菜、三个鸡蛋
大广高速
大广高速遂川境内
大庆
大庆一客车坠桥致2死7伤系大客车和越野车发生事故
大庆交警
大庆市17.1亿次看过
大庆市交警
大庆市公安局交警支队
大庆市应急管理局
大庆市应急管理局工作人员
大庆龙凤湿地跨线桥
大廊坊严查酒驾
大廊坊严查酒驾还这样
大德的新生命降临我们都应伸出温暖双手共同接力开通绿色生命通道
大德阳警察威武
大快人心
大批军车拉走尸体焚烧
大批蝗虫进军上海
大批蝗虫进军上海数量暴增20倍
大批香港居民涌入深圳
大批香港游客
大敖汉新修路段
大敖汉新修路段最严重事故
大暴雨
大暴雨引发内涝
大本营以上区域
大本营禁止上了？
大桥
大桥上发生惊险一幕幸亏他们及时赶到...姑娘生命只有一次千万珍惜
大桥结构安全
大樱桃@DOU+小助手
大樱桃@DOU+小助手所传播内容
大樱桃@DOU+小助手的内容特点
大武汉新媒体有限公司
大武汉新媒体有限公司出品
大殿火灾
大民村
大民村附近
大民派出所
大民生
大气层高温烧毁
大水冲了龙王庙？美国警察抓捕黑人一看证件是一名FBI特工
大江大湖大武汉
大江网
大江网财经中心
大河客户端6知己一亿人
大河报
大河报·豫视频
大河报商丘新闻
大河报相关求助信息渠道
大河报豫视频
大河网
大河零距离
大润发
大火
大火 跳窗 逃生 抖音小助手
大火事件
大火焚毁
大爆炸
大爱无疆
大爷
大爷与小女孩
大爷乘坐K8499次列车
大爷倒挂单杠大回环撞飞小女孩
大爷倒挂单杠大回环撞飞小女孩话题:这个锅该谁背？
大爷做大回环时甩出并与小女孩碰撞
大爷在公共场所进行危险动作缺乏安全意识
大爷并非徒步
大爷心态
大爷无健康码徒步千里
大爷没有手机无法出示健康码徒步千里去打工
大爷的行为
大爷行为
大片场景
大片尘土
大牙线至张街
大狗
大狗撕咬3岁男童脸部
大玉林威武
大玉林牛逼
大玉林雄起加油
大病求助
大白菜小黑点成因
大白菜小黑点知识
大白菜的小黑点
大筒木辉夜一族
大米
大米、油、蔬菜
大米、油、蔬菜等物资
大美河南[赞]
大美青海满满正能量
大脸人群
大腿
大自然
大自然不会遂特朗普的心愿
大自然不可抗拒
大自然不可抗衡
大自然不可预测与失控的现象
大自然不需要人类
大自然可能真的不需要人类
大自然在警示人类
大自然现象不可阻挡
大自然生态平衡机制
大自然的愤怒
大自然的神奇天空出现形似中国地图的云彩
大自然真是不可
大草原烤全羊
大街小巷的残枝
大街小巷的落叶
大规模公益行为
大规模决口
大规模山体垮塌
大规模感染风险
大规模抗议活动
大规模灾情
大规模示威活动
大规模网络监控
大规模聚集可能引发新一轮新冠疫情传播风险
大规模蝗灾来袭
大规模跨境运输活羊由羊自行步行
大规模醉酒现象
大规模集会
大视野、正能量、暖民生欢迎爆料、投稿一段文字介绍+视频素材+时间地点+联系电话投稿邮箱hbzs2022@126.com
大象新闻
大象新闻作者
大象新闻客户端
大象：这水香的很就是有点晕
大货车
大货车事故
大货车侧翻于沟中
大货车刹不住
大货车刹车失灵
大货车右侧
大货车司机
大货车司机才倒霉
大货车撞飞
大货车无责
大货车盲区危险
大货车盲区及内轮差
大货车经过
大货车追尾事故
大货车驾驶员
大货车鸣笛
大起大落谁都有拍拍灰尘继续走……加油
大车
大车与骑行者
大车反不如小车的反转
大车损毁较重
大车牌照还没上是新车
大车较多情况
大运·重卡
大连
大连一工地塔吊倒塌事故
大连交警
大连人民友好、热情、善良
大连加油我们听话不添乱
大连市中心医院
大连市中心医院心血管内科医师
大连市中心医院方舱实验室
大连市中心医院方舱实验室投入运行
大连市中心医院方舱实验室正式投入试运行
大连市交警支队高速公路一大队警务综合室主任
大连市交警支队高速公路一大队警务综合室主任刘华华等人
大连市医大一院有女子跳楼砸伤楼下男子
大连市医大一院附近
大连方舱医院
大连方舱医院2个小时建成这就是大连速度
大连方舱医院建设
大连方舱医院建设速度
大连核酸检测数据
大连疫情
大连要建方舱医院
大连要建方舱医院关键词
大连走一走 新闻抖一抖
大道
大部分只拿一个馒头
大部分毕业生
大部分猴子
大部分该专业毕业生
大部分野猴
大部分首批电竞本科毕业生
大都化工厂
大量乱码与无意义字符
大量乱码信息
大量乱码字符
大量以香港居民为主的入境旅客
大量保佑平安大吉大利祈福语
大量关切与疑问性留言
大量化娱乐化互动
大量地下水涌出
大量境外人员挤爆深圳口岸
大量好心市民
大量家具和木料
大量山石
大量市民
大量广告及干扰信息
大量建筑物被毁
大量情感化评论
大量情绪化言论
大量新冠患者
大量新华社及变体字样
大量无关技术代码
大量无意义字符
大量无意义符号与错别字
大量有机物代谢产生的可燃性气体
大量武警
大量汽车
大量泥浆
大量深情悼念评论
大量混乱、无意义的广告式语句
大量游客
大量点赞
大量点赞与支持性表情符号
大量点赞评论
大量猜测与调侃
大量理性声音
大量用户
大量留言
大量碎片
大量碎片升空
大量祈愿表情符号
大量红包
大量网友
大量网友情感共鸣
大量网友支持
大量网友热议和点赞
大量网友评论
大量网民
大量网络留言
大量群众
大量讨论
大量评论
大量评论关注
大量评论表达敬意与悲痛
大量评论质疑
大量语病与错乱信息
大量调侃与猜测性言论
大量调侃性留言
大量调侃性评论
大量质疑
大量质疑与猜测
大量质疑声音
大量质疑评论
大量路面碎片
大量车辆
大量遗体
大量遗留垃圾和尸体
大量重复性推广语句
大量重复留言
大量金银
大量防疫物资
大量馒头
大量香港居民
大量黄土顺坡倾泻
大量黄金
大镇江火啦
大队领导
大阪
大难不死必有后福
大雁北归
大雁北飞白云机场所有飞机停飞让路
大雁归来春暖花开
大雁怎么现在就往北飞
大雨
大雨 自驾游悲剧就发生在这一刻 悲剧
大雨和洪水最高级别警戒
大雨导致
大雨引发泥石流
大雨最高级别警报
大雨滂沱
大雨特别警报
大雾天气
大面积
大面积倒塌事故
大面积内涝
大面积积水
大面积脱落
大风
大风吹走
大风天气
大风黄色预警
天上九头鸟地下江西老聪明
天上会掉馅饼吗评论
天上掉下个林妹妹
天下
天下为公我为母山河洞房天星烛来年妆成万骨枯癫色深浅入时无？
天下之大无奇不有
天下大事看东方卫视
天下有这样的父亲可此
天下武功 唯快不破
天下没有不是的父母
天亮前
天亮江里涨大水
天代4638
天价治疗费
天价车牌
天佑中华
天佑我中华大地
天佑湖北
天使
天公不作美
天古装饰
天呐但愿人没事
天呢
天商银行
天啊
天堂没有痛苦
天堂父亲
天堂父亲最大的慰藉
天堡公村
天堡岔村
天天做防溺水安全教育你们为什么这么讲不听欺山莫欺水水火无情啊孩子们溺水
天天吃猪肉
天天吃肉啊土豪
天天学农
天天学农账号标识
天天老师ttxn0804ttxx
天天读报会
天安门广场升旗仪式
天宫
天干物燥的严峻形势
天府广场
天怒人怨
天才
天气信息
天气干旱、风力较大而蔓延
天气情况
天气是否应停课的质疑
天气炎热
天气状况
天气通讯社
天水市公安局麦积分局
天水市公安局麦积分局负责
天水本地网民
天洋中路双林路路口
天津
天津一男子喷含酒精消毒水后开车抽烟烧死自己
天津东丽区
天津两渔船
天津两渔船互撞事件
天津两渔船互殴
天津两渔船发生纠纷开船互撞罕见
天津两渔船发生纠纷船主开船互撞拿一米多镰刀叫嚣壮胆
天津两渔船碰撞事件
天津两渔船起冲突船主开船相撞
天津两渔船起冲突船主开船相撞相关评论区
天津人
天津人生活指南
天津今晚报官方抖音号
天津保税区应急管理局
天津保税区消防救援支队
天津南开区汾水道
天津南开区汾水道一男子在自己衣服上喷了消毒水开车点火抽烟酿成惨状悲剧
天津南开区汾水道事件
天津南开区汾水道车主在自己衣服上喷了消毒水开车时抽烟不小心把自己烧着了
天津市一小区拾荒老人遭暴力推搡拖拽街道约谈相关人员责成严肃处理
天津市优秀共产党员
天津市应急管理局
天津市应急管理局工作人员
天津市滨海新区应急管理局
天津市监执管理局办公室副主任
天津市监狱管理局主任
天津市监狱管理局主任叫王宝强
天津市监狱管理局办公室副主任
天津市监狱管理局办公室副主任名为王宝强
天津市监狱管理局办公室副主任王宝强同名
天津市相关部门
天津市红桥区咸阳北路街彰武楼小区
天津市红桥区咸阳北路街道彰武楼小区
天津市虹桥区某小区
天津拾荒老人遭暴力执法
天津拾荒老人遭暴力执法事件
天津捷喜爱汽车零部件公司车间
天津捷喜爱汽车零部件有限公司
天津捷喜爱汽车零部件有限公司一车间
天津捷喜爱汽车零部件有限公司一车间发生爆炸事故
天津捷喜爱汽车零部件有限公司一车间爆炸事故
天津捷喜爱汽车零部件有限公司一车间爆炸事故报道
天津某监狱
天津海域
天津海域两艘渔船发生纠纷开船互撞其中一船员手拿镰刀站在船头挥舞
天津港
天津港保税区
天津港保税区一公司车间
天津港保税区一公司车间爆炸
天津港保税区一工厂
天津港保税区一工厂车间爆炸事故
天津港保税区一汽车零件厂
天津港保税区一车间
天津港保税区一车间发生爆炸事故
天津港保税区一车间发生爆炸事故已致1死7伤
天津港保税区一车间发生爆炸事故的评论
天津港保税区一车间发生爆炸事故相关信息
天津港保税区一车间爆炸事故
天津港保税区为准确地点
天津港保税区天津捷喜爱汽车零部件有限公司一车间
天津港保税区某车间
天津港怎么又爆了
天津港捷喜爱汽车零部件有限公司一车间
天津滨海新区
天津滨海新区应急管理局
天津相关部门
天津空港保税区
天津空港经济区
天津红桥区一小区
天津红桥区一小区拾荒老人遭物业暴力推搡拖拽事件
天津红桥区彰武楼小区
天灵灵地灵灵太上老君快显灵
天灾人祸无法避免
天灾对个体经营者的影响
天灾无情人平安就好
天灾无情人有情
天灾无情人有情强台风中的日本人突然说谢谢中国海军……
天灾无情人间有情的共鸣
天灾雨这么大
天热少穿正常
天然不刺激
天然不刺激纯天然植物冷鲜肉描述
天然气不安全
天然气公司
天然气安全性
天然气爆炸
天然气爆炸疑似事件
天然气管道爆炸
天燃气安全
天猫
天理难容
天生一对
天生冠军🏆
天目新闻
天目新闻APP
天目新闻APP潮客平台
天目新闻作者简介
天目新闻看见美好
天目湖服务区爆炸现场
天目溪水位暴涨
天眼新闻客户端
天眼纹身
天空
天空出现蓝光
天空呈现蓝色光现象
天空惊现中国地图太震撼啦
天空泛红
天籁防弹车
天网恢恢疏而不漏
天花板漏水现象
天豪店虎哥
天贴的一样也是少不了也是 最古考
天赋异禀
天道好轮回苍天饶过谁
天道酬勤
天问一号
天问一号任务
天问一号携带
天降30000块钞票雨
天降30000块钞票雨事件
天降大雨造成张家界慈利县赵家岗新安小学教室垮塌学生被冲进农田
天降横祸商铺水泥墙皮脱落过路老太不幸被砸当场身亡
天降横祸沿街商铺两块长约30米广告牌脱落 砸中女路人致多处骨折
天降横祸重庆涪陵一男子路过某小区时被从天而降刀子插中头部
天降祥云
天鲜家猪档
天鹅
天鹅在运河中游动
天鹰救援
天龙星人专吃人类
天龙街道
太不冷静？那车不是杀人工具
太不可思议啦
太不尊重秦腔
太了不起了泪目～
太仓
太倒霉
太冲动2名六旬老人因琐事起冲突1人被推倒后不幸身亡
太冷了
太刺激了
太刺激了等表述
太升路
太危险
太危险了
太危险了安全第一
太原
太原一名大人带4岁儿子在汾河公园游泳时因游泳圈过大导致男童掉落并失踪
太原动物园
太原动物园内的狮子
太原动物园狮子尾巴断了没人管
太原汾河公园
太原汾河公园一4岁男童溺亡
太原综合广播
太原综合广播联系方式
太可怕了
太可怕了 飞刀从天而降直插男子后脑勺 男子自己走上救护车接受救治
太可爱了
太可爱了吧
太可爱了小祝好想摸摸你
太吓人了
太吓人了现在的车窗都这么脆弱吗？大家注意车内不要放贵重物品
太吓人了评论
太吓人高空坠落折叠刀直插男子后脑勺
太吓死人
太和县教育局
太嚣张了
太壮观了
太壮观了[赞]
太大意
太好了真是大快人心
太好玩J
太好玩了
太好玩了 在哪里啊
太好玩啦
太帅了
太平本地人
太平洋
太平洋恶魔风暴
太平洋洋面
太平洋风暴
太平镇不太平
太年轻了
太年轻了心疼愿在天堂好好照顾自己
太幸运了
太心疼了贝贝好好休息一段时间吧辛苦了
太恐怖了
太惊险了孩子被风筝卷上天还好落地时被大人接住🙏🙏
太惊险工人前脚刚走下一秒井盖炸飞
太惨了逝者安息
太感人了新型冠状病毒 宝宝 @抖音小助手
太感动了
太拼了
太无人性
太暖了
太暖心
太暴力不该这样对待老人涉黑了严查还老人公道
太有才了
太棒了
太棒了评论
太气愤葫芦岛一女生被欺负目前打人者已向警方自首
太没用
太深沉了
太湖派出所副所长
太漂亮了
太牛了不愧是战斗民族
太狠心刚出生的女婴就被丢进垃圾桶可怜的娃连一口母乳都没吃上
太疯狂了
太空跳伞返回地球
太空返回条件
太粗心
太美了
太聪明了[赞]
太萌了
太解气了
太过分
太险了
太震撼了
太震撼了奇光
太震撼了奇观
夫妇
夫妻争抢棉被
夫妻二人
夫妻二人及两名幼儿
夫妻关系
夫妻决定遗弃女婴
夫妻吵架
夫妻吵架争抢棉被
夫妻因曾大额购买彩票后服毒自杀
夫妻情感纠纷
夫妻情深
夫妻感情
夫妻纠纷
夫妻纠纷有关
央企办校
央企办校 军工传承
央企办校 军工传承内容
央企办校军工传承
央企办校广告
央广军事
央行停止印钞
央行停止印钞中国将进入无现金时代
央视新闻
央视新闻客户端
央视网
央视网原创短视频
央视网原创短视频账号
央视网威虎堂栏目
央视网官方账号
央视网快看
央视网视频
央视网（CCTV.com）
央视记者 杨军威
央视记者喻一伟
央视记者李劲松
央视频报道
失主
失主行为
失主行为存在安全隐患
失事
失事客机上
失事航班
失事航班上无中国籍乘客
失去了沧桑内涵肤浅
失去味觉嗅觉
失去团聚机会
失去父母
失去经济来源
失去联络
失实
失实信息
失忆
失手真实性
失控
失望
失火了赶快跑
失物
失联
失联事件发生时间
失联人员
失联状态
失范的公众情绪
失败婚姻
失踪
失踪状态
失踪航班事件
头发从棕色变为金黄色
头晕
头条
头条@中国长江版的美人鱼
头条号
头条号跟着梦境去旅游
头条拍客潇湘晨报
头条新闻
头条用户
头皮发麻飞来横刀直插男子后脑勺最后还自己走上救护车
头盔
头盔真硬 挡风玻璃都碎了
头部
头部出血
头部击打
头部按摩的疼痛感
头陀群众
头面部被砸致轻微伤
夸大
夸大与不实
夸大与不实信息
夸大与史实不符的说法
夸大与拼凑现象
夸大与拼接内容
夸大与曲解
夸大与虚构
夸大与虚构内容
夸大与虚构成分
夸大与误读疫情初期情况
夸大且不实说法
夸大且缺乏事实依据
夸大事实
夸大事实、制造噱头
夸大事实、煽动情绪的假新闻
夸大事实、移花接木式的假新闻
夸大事实、虚构情节
夸大事实、虚构情节的假新闻
夸大事实现象
夸大事实的假新闻
夸大传播的旧视频
夸大信息
夸大内容
夸大和不实信息
夸大和矛盾之处
夸大和虚假信息
夸大和虚构
夸大和虚构情节
夸大和虚构成分
夸大和虚构数据
夸大和误传信息
夸大和误导
夸大和误导成分
夸大和误导表述
夸大和误导风险
夸大和误读
夸大失实
夸大失实情节
夸大宣传
夸大宣传与技术误解
夸大宣传性质
夸大宣传的假新闻
夸大宣传问题
夸大性虚假信息
夸大性表述
夸大情节
夸大成分
夸大成分信息
夸大或虚假信息
夸大或虚构
夸大或虚构信息
夸大或虚构情节
夸大或虚构机制
夸大或虚构洪涝情况
夸大或虚构的极端天气上学场景
夸大或虚构的生态变化描述
夸大或虚构表述
夸大或虚构风险
夸大或误传
夸大或误导性表述
夸大或误植信息
夸大描述
夸大渲染
夸大渲染、拼凑信息的假新闻
夸大渲染、虚构情节的假新闻
夸大渲染、误导公众
夸大渲染内容
夸大渲染的信息
夸大演绎
夸大演绎成分
夸大演绎误解
夸大灾情
夸大瘦脸方法效果
夸大编造信息
夸大编造内容
夸大编造的假新闻
夸大虚张
夸大虚构
夸大表述
夸大解读
夸大误导信息
夸大误导成分
夸大误导或虚构信息
夸大风险的假新闻
夸张
夸张与反讽
夸张修辞/无事实依据
夸张修辞手法
夸张倾向
夸张加速行为
夸张化灾害应对态度
夸张娱乐化
夸张情节
夸张情节博取关注的假新闻
夸张戏谑性评论
夸张或情绪化语言
夸张或无意义表述
夸张手法
夸张描述
夸张标题与碎片化信息
夸张标题和拟人化叙述
夸张渲染
夸张演绎
夸张煽动性
夸张荒诞性语言
夸张荒诞情节
夸张营销特征
夸张表情
夸张表述
夸张表述博取流量
夸张解说黑喂狗
夸张语气描述进食量
夺冠
夺妻之恨
夺妻之恨话题
奇妙的动物
奇异怪病女子流出眼泪是水晶 医生仍未确诊具体病因
奇异现象
奇石虞姬钟馗画 灵璧三绝甲天下
奇葩
奇葩山东一女子不满鸣笛电动车怒别大货车 结果悲剧了
奇葩湖南气功大师手舞足蹈发功退洪水网友：脑子进水了？
奇葩评论
奇迹归来的期盼
奇闻
奇闻奇事
奇闻奇事 @十七哥影视
奇闻异事：山东省潍坊市风筝节时因没有及时照看好孩子造成风筝尾巴把小孩缠住上天了……
奇闻趣事
奈瓦沙一处庄园
奈瓦沙官员
奈瓦沙官员塞缪尔·瓦韦鲁
奈良小鹿进城
奈良鹿肠胃状况好转
奈良鹿进城
奉新大道
奋战在抗疫一线的工作人员
奋斗的青春最幸福
奔向山坡逃命
奔牛社区
奔牛镇人民政府
奔驰车主
奔驰车主与法拉利车主
奔驰车主与黑衣男子
奔驰车主及十余人
奔驰车主打人事件
奔驰车主掌掴保时捷车主
奔驰车主掌掴行为
奔驰车主等十余人
奖励
奖励机制
奖励金额
奖励金额最高
奖状在路上了
奖金未实际发放
奖金真实性
套路
奥地利
奥地利极限运动员
奥地利维也纳
奥特曼、迪迦、超级赛亚人等虚构形象
奥迪
奥迪A6LC8
奥迪R8
奥迪R8以320公里/小时行驶
奥迪R8司机
奥迪R8疯狂加速自拍视频成了临终遗言
奥迪R8车辆失控损毁事件
奥迪R8高速狂飙320码最终车毁人散视频还原过程
奥迪司机
奥迪司机当场转账购车行为
奥迪司机黄某文
奥迪男无证冲卡出事故怕被查竟要买下对方小车民警哭笑不
奥迪男无证冲卡出事故怕被查竟要买下对方小车民警哭笑不得
奥迪车
奥迪车冲卡逃逸并撞车事故
奥迪车发生碰撞
奥迪追尾日产司机现场转账你这车我买了
女
女中学生
女中学生离世
女中学生跳河事件
女主播欣彤
女人不忠
女人不忠话题
女人是祸水性别偏见
女儿
女儿手机中曾发现疑似遭性侵视频
女友
女友一切功能
女友出轨事实
女友物品能否找回
女司机
女商贩
女商贩反伤追打城管最新发声：没辱骂对方没主动攻击任何人
女商贩行为
女士喷香水且男士点烟
女士在面包车内喷香水
女娲后人
女婴
女婴健康平安成长
女婴有生命体征
女婴被发现事件
女婴被遗弃事件
女子
女子7楼跳下身亡 救人者被砸重伤进ICU 跳楼瞬间触目惊心
女子S形走位别停大货车事件
女子S形走位别停货车几秒后竟被撞
女子不愿让座原因
女子与宋玉武
女子与货车司机
女子从阳台坠落至楼下事件
女子体内无非法药物
女子体重超标
女子具备游泳能力
女子凶手严惩不贷走了
女子前夫
女子受伤
女子受轻伤
女子向电梯按键吐口水被刑拘
女子喊出看我把你逼停
女子回国后拒绝隔离大闹医院
女子因28万彩礼没谈拢跳河事件
女子因28万彩礼被拒后欲跳河自杀事件
女子因28万彩礼被拒后自杀
女子因不满大货车鸣笛故意别停对向车道大货车
女子因彩礼问题跳河后游回家民警冒雨搜寻5小时后接到报平安电话
女子因闯红灯被警察击毙事件
女子在四川成都
女子坐在石头上
女子坠楼事故
女子坠落事件
女子垃圾桶边捡到弃婴 发现时脐带还未剪
女子太嚣张醉酒 撞车 还打人
女子应负全责
女子强行别停大货车
女子患怪病后每日流出50多颗水晶
女子患怪病流水晶泪
女子拍视频意外拍到有人跳桥轻生
女子拍视频意外拍到有人跳桥轻生民警沿河岸追赶5小时成功救下
女子持菜刀劫持出租车事件
女子撒泼
女子晕倒前夫冷漠离去事件
女子晕倒前夫冷漠离开
女子欲跳桥轻生事件
女子欲跳楼轻生事件
女子洗澡时触电身亡
女子流出的眼泪是水晶每天50多颗
女子流水晶泪
女子流泪成水晶
女子涉嫌碰瓷
女子生前最后画面
女子疑似多次讨薪无果在工作的地方自杀
女子看手机入神列车驶来瞬间一脚踏空跌落站台
女子系故意挑衅以示威
女子翻窗逃生婴儿跌落场景
女子肺部出现多处空洞
女子行为
女子行为危险
女子行政拘留五日处罚
女子被两人殴打后叫嚣男友是消防队的等言论
女子被困车内大喊：救我
女子被困车内大喊：救我武汉和平大道一工地塔吊倒塌
女子被大货车撞飞事件
女子被撞身亡
女子被撞身亡长春交警急寻家属
女子被撞飞还要负事故责任监控记录了一切
女子被自家狗咬一小时后当街发狗疯
女子试图阻挡大货车并被撞事件
女子谎报火警事件
女子谎报火警行为
女子谎报火警逼前男友现身警方：换不来重视但可以换来5天拘留
女子走出时间
女子跳下时
女子跳下时砸中宋玉武头部
女子跳下瞬间
女子跳井
女子跳井自杀
女子跳桥瞬间
女子跳桥致客车被砸
女子跳楼事件
女子跳楼轻生事件
女子跳河未遂事件
女子身份
女子身旁
女子连续两个月哭出钻石
女子醉酒驾驶撞车并打人事件
女子醉驾事件
女子醉驾自称女娲后人事件
女子驾驶电动车转弯时被后方货车鸣笛提醒
女子骑电动车与货车碰撞事件
女子骑电动车欲拐弯遭货车鸣笛
女子骑电动车欲拐弯遭货车鸣笛碰撞
女子骑电动车蛇形走位货车鸣笛提示电动车不肯离开随后被迎头撞飞
女子骑车拐弯遭货车鸣笛愤怒将其逼停 刚刚和解下一秒就被撞
女子骑车阻挠挑衅后方货车被迎面车辆撞飞
女孩
女孩主动放弃治疗以减轻家庭经济压力
女孩奶茶店因插队被暴打
女孩家庭
女孩无生命危险
女孩疑因插队遭暴打被掀翻在地猛踹
女孩疑因插队遭暴打被掀翻在地猛踹…暴力解决问题不可取
女孩的初中同学
女孩背后的痛苦经历
女孩被关菜窖2年惨遭截肢
女孩被关菜窖事件
女孩被围殴拖入河中
女孩被撞后
女孩被群殴并浸按河中
女孩跳井
女孩跳井身亡
女店主
女店员
女强人
女怕伤心男怕邀气
女性
女性、被捕者、被港警性侵
女性人质
女性司机
女性同伙
女性潜逃者
女性目击者
女性自我保护重要性
女性被捕者被港警性侵
女收银员
女收银员头部
女方
女方临时要求增加10万元彩礼
女方加彩礼要求
女方家庭
女方暴力对待
女方父母
女朋友
女朋友你不等等我
女机器人有什么神奇的用处？在日本遭疯抢男用户满意度高达98%
女校长
女毕业生
女毕业生握手
女游客
女游客使用自带香火
女游客发生言语冲突
女游客自带香
女生
女生无责
女生身体和血液检查报告
女生道歉
女的
女的是亚裔不一定是华人评论
女的转身走了
女童
女童安全脱困
女童未死亡
女童死亡
女童被卡井盖
女职工
女舞者
女舞者是位机器人
奶奶
奶奶与孙子共同完成高难度舞蹈表演
奶奶发现后哭得撕心裂肺
奶奶和孙子跳的舞蹈
奶奶太厉害了像是女超人
奶奶带孙子买菜一不留神孩子被人抱走
奶奶年龄为72或74岁跳舞惊艳全场
奶奶生活
奶奶被杀死
奶奶被砍死
奶奶还缺孙子吗？
奶爸带娃必带牛娃
奶牛被冲走
奶牛被冲走情节
奶粉
奶粉产品信息
奶粉产品合规标识
奶茶甜品店的老板和老板娘
她不是刘海燕而是毕玉玺
她妈男朋友
她对着民警下跪两次原因竟是……
她说你现在是热搜第一名但说的是你可能得了帕金森
好
好久不见
好乖的猴子哟看它们饿惨了
好事还是不要动手比较好
好人
好人一生平安
好人一生平安评论
好人一路走好
好人平安
好人有好报
好人有好报祝老板发大发一生平安评论
好似外星人来袭
好似演练评论
好假
好假评价
好像动画片
好像是连根拔起基础不好
好像是连根拔起基础不好如果高了就要加固
好关注
好几只拿了两个
好医生在抖音现实没遇到过只要去医院照死里花钱
好厉害
好友
好可怜
好可惜评论
好可爱的
好司机要转危为安啊公交司机
好吓人
好吓人哦
好吓人评论
好听好看暖心感谢关注祝您平安喜乐
好壮观
好多人说是假的
好多年没见过了
好大的福报
好奇你的好奇……
好奇社
好好在家呆着
好好地打评论
好好干、好好整
好好爱国吧
好好退退啊
好孩子你一路走好
好孩子祖国不会忘记你
好害怕啊
好山好水好风光
好山好水好风光评论
好年轻漂亮的奶奶啊
好幸运评论
好开心我们广西又多了一个机场
好心人
好心人刘师傅
好心人收下孩子吧评论
好心人行为
好心司机好心乘客
好心疼
好恐怖突然坠落
好恐怖突然坠落情绪化回应
好恐怖评论
好惨
好感动中华儿女团结在一起
好打麻将就应该这样惩罚
好打麻将就应该这样惩罚讨论
好接地气
好新闻无止境
好暖心
好有爱
好服务 更随心
好样的
好样的民警
好样的海口消防救援跳楼女子高喊不用拉我拉她拉她
好民警
好民警评论
好消息
好消息合肥3.6万人3月1日起可免费乘坐公交地铁
好消息贵南高铁建设取得重要进展未来南宁至贵阳不到2小时
好清晰
好牵挂
好看的新闻视频都在这儿～ 📡：qlwbguoranshipin 请注明来意
好看视频
好笑
好美的画面暖暖的太可爱了
好舒服的一个地方
好虎架不住一群狼
好豹架不住一群狗
好运
好还百姓生活一片祥和
好这样很快控制疫情
好逗评论
好逼真[捂脸]
好逼真[捂脸]评论
好险为消防员点赞
好险啊大家平安
好馋人小学生错峰就餐一半吃饭一半坐看
如于新可韩安短情快通真延苑器东一旅诚团
如何关闭微信监听广告推送功能请看这段我自己录制的指导视频
如何处罚哄抢者
如何救援
如何救援讨论
如何确认外逃豹子身份
如何确认身份若是野生的怎么办是否还有更多在逃
如何自拍？
如何预测到塌方并提前撤离村民
如发现狼
如叶子般随水漂流
如同观看春节烟花表演一般兴奋
如因必要经贸、科技活动或紧急人道主义需要来华可申请签证
如愿以偿
如有侵权
如有侵权 请联系删除
如有侵权内容
如有侵权请联系删除
如有侵权请联系我删除
如有受骗一律自己负责本人概不负责
如果一打一你试试在场的没有一个不是同伙
如果你从背面纯爬上山还可以看到一个殉情谷前年去的时候还没开发哦
如果你们发现这种注胶皮皮虾请不要食用打电话给我我会帮你处理
如果你是当地老百姓会做出这样的牺牲吗？
如果地球是一家公司大自然才是真正的老板
如果奇迹有颜色那一定是中国红
如果小朋友死亡
如果是真的我立马去买一台
如果沒有拍下這些場景你永遠不會相信!!
如果特朗普连任
如果还活着10年后你会觉得自己有多幼稚
如此极端灾情
如此规模的超长列车
如此规模的集中采购行动
如浮萍
如皋
如皋电视台新媒体部人员
如皋益寿北路658号
如皋第一家美蛙鱼头
如皋蓝湾景天大桥辅桥塌方
如皋蓝湾景天大桥辅桥塌方事件描述
如皋还有电视台
如纸片漂浮
如耳背没听到、防护措施不足、司机能否停车等
如行船
如观赏烟火
如闪电般坠落
如需报警
如风、如浪、如云滚滚而来
如风、如浪、如流云般滚滚南下
妈呀损失惨重了
妈呀这摘这捡的啊
妈妈
妈妈会哭
妈妈呢？
妈妈呼救声
妈妈哭
妈妈哭泣
妈妈的天使
妈妈的男友是派出所的
妈妈要踢完球赛
妈耶这也算天灾
妖风肆虐后
妙手回春啊张大夫评论
妙招姐第581期
妞妞的日常生活
妥善
妥善保管人畜用水
妥善做好善后
妥善解决边界问题创造有利条件
妨害作证
妨害公务事件
妨碍公共秩序的行为
妨碍公务
妨碍公务罪处理
妨碍执法、超速、占用应急车道
妲己后人
妻女
妻女因车祸身亡
妻女死亡
妻子
妻子一辆小汽车
妻子与三个女儿均在失事航班上
妻子唠叨
妻子在网上看到他K歌的视频
妻子拽回丈夫事件
妻子晒被抖飞丈夫私房钱湖南长沙一小区天降30000块钞票雨
妻子本人
妻子机器人
妻子死亡
妻子苏醒
妻子车辆
妻子遭遇车祸去世
妻子：老公我害怕老公：老婆生死在一起😭😭看哭无数人远离病毒传递正能量
姐你好棒呀拍的抖音棒棒哒
姐姐被解雇信息
姐鼻子都磨没了
姑姑
姑娘可长点心吧为了你活下去多少人在救你
姑父家
姑父家其他一名亲属
姑银 娘月 三
姓名不一致
姓名费妍
姓名辛冠
姓氏关联
委屈痛哭
姚凯红
姜大为
姜某乙
姜某乙的儿子
姜某甲
姜某甲与美某乙
姜某甲与美某乙共同施暴行为
姜某甲和姜某乙
姜某甲的妻子
姜涛
姜片同煮
威信一中平桥校区
威信县委、县政府
威信县第一中学食堂
威尼斯
威尼斯出现天鹅和海豚游泳
威尼斯市长办公室发言人
威尼斯水城
威尼斯水域
威尼斯水质
威尼斯水质改善
威尼斯河水
威尼斯河道
威尼斯河道清澈见底
威尼斯河道现海豚
威尼斯海水变清、海豚回归
威尼斯海豚重返河道
威尼斯狂欢节
威尼斯生态变化描述
威尼斯生态改善
威尼斯过去水体恶化
威尼斯运河
威尼斯运河出现海豚
威尼斯运河变清出现海豚
威尼斯运河变清澈
威尼斯运河变清澈、海豚回归
威尼斯运河水质
威尼斯运河水质变清
威尼斯运河水质改善
威尼斯运河现海豚
威尼斯运河生态
威廉莱维
威海
威海广播
威海广播作者简介
威海广播发布的内容
威海广播发布的新闻标题
威海海市蜃楼
威海海市蜃楼现象
威海羊亭凤凰山路
威海羊亭凤凰山路附近千万别去变压器泡水漏电
威胁
威胁他人安全
威胁医务人员人身安全
威胁性促销口吻
威胁性言论
娃的哭声听的人心酸评论
娘家缺位
娜塔莉亚·布莱恩特
娜塔莉亚·布莱恩特被送医情况
娱乐
娱乐分享、资源共享
娱乐化内容
娱乐化实验演绎
娱乐化看待
娱乐化解读
娱乐化讨论
娱乐化调侃
娱乐性行为
娱乐效果
娱乐活动
娱乐花边
婆家
婚事受阻
婚前临时加价彩礼不合理
婚外情
婚外情引发悲剧
婚外情有关
婚姻
婚姻中存在系统性压迫
婚姻无法维持超过两年
婚姻矛盾应通过合法途径解决
婚恋纠纷
婚房
婚礼
婚礼临近时
婚礼前三天女方加价10万彩礼事件
婚礼变丧礼压过去算了
婚礼将至女方再要10万彩礼
婚礼拱门被绑在铁轨上
婚礼接亲视频
婚礼接亲视频公开信息
婚礼现场
婚礼相关事宜
婚车
婴儿
婴儿与家属争执
婴儿伸手求抱抱
婴儿命运
婴儿哭声
婴儿宝宝被感染太可怜了正能量 催泪系
婴儿求抱抱事件
婴儿求抱抱医护人员
婴儿求抱抱医护人员事件
婴儿求抱抱情节
婴儿用品
婴儿被遗弃具体位置
婴儿跌落
婴儿遭遇
婴宝商贸有限公司等受困区域
婴幼儿配方奶粉品牌
媒体
媒体人张激及多个本地话题账号
媒体合作电话
媒体和社会各界的关心
媒体和网民热议
媒体夸张或讽刺性表述
媒体宣传典型案例
媒体报道
媒体报道基本一致
媒体新力量我们因你而精彩一边说扎兰一边讲世界
媒体标识
媒体监督
媒体聚焦失焦
媒体询问内容
媒体辟谣
嫁接而成
嫌孩子哭声太吵
嫌机场核酸检测贵
嫌机场核酸检测贵 一家八口躲过印尼空难
嫌机场核酸检测贵一家八口躲过印尼空难
嫌机场核酸检测费用太贵一家八口改坐船回家躲过印尼空难网友：与死神擦肩而过
嫌犯
嫌疑人
嫌疑人为何自首而非被抓捕
嫌疑人任某
嫌疑人伍某斌
嫌疑人伤医后被警方制服
嫌疑人作案原因
嫌疑人冯某某
嫌疑人半身照片
嫌疑人在豆腐厂投毒豆制品已流入市场？官方通报别吃了
嫌疑人堂妹采访关键词中
嫌疑人持械抢劫全过程
嫌疑人无遮掩行为
嫌疑人照片
嫌疑人落网
嫌疑人要是手扶不住是不是就头着地了
嫌疑人身份
嫌疑人邓某
嫌疑人钟某
嫌疑男子
嫌老婆太唠叨竟然装聋作哑62年他是怎么做到的？
嫌货车按喇叭电动车别停大货车故伎重演时被撞倒
嫩江一号洪峰
嫩江一号洪峰抵达鹤城
嫩江干流
嫩江干流今日将现洪峰齐齐哈尔绥化等地发布紧急通知
嫩江干流库漠屯站洪水
子女
子望都广场
子洲 航拍子洲县老庄沟村山体滑坡
子洲县
子洲县委、县政府
子洲县山体滑坡事件
子洲县政府办工作人员
子洲县老庄沟村
子洲县老庄沟村山体滑坡
子洲县老庄沟村山体滑坡事件
子洲县马岔乡
子洲县马岔镇大堡岔村
子洲老庄沟山体滑坡
子洲航拍文本
子虚乌有的消息
孕妇
孕妇家属
字写得不好还要叫家长
字母键区布局
存单信息显示
存在
存在争议
存在人为因素
存在偏差
存在出入
存在呼吸机使用年龄限制
存在地域混淆
存在多处事实错误与信息拼凑
存在失实
存在失实引申
存在夸大
存在夸大与误导
存在夸大和误导
存在夸张渲染
存在安全隐患
存在寄生虫现象
存在常识性错误
存在感染风险
存在扬子鳄上岸可能性
存在明显夸大与拼凑痕迹
存在明显矛盾
存在权钱交易
存在矛盾
存在科学认知误区
存在虚假信息
存在虚假医疗广告
存在表述错误
存在记录
存在语病与错别字
存在误导性表述的信息
存在负面影响
存在针对非洲人的歧视性做法
存在铝线替代铜线问题
存在银行的钱因为这个原因最后应该是谁的
存在问题的油泡
存在食品安全问题
存折及密码
存折和密码
存折金额为
存放半成品分散剂的仓库
存款
存款人死亡后
存款将归国家所有
存款将收归国有
存款应归国家所有
存款支取手续
存活多年
存疑
孙丹丹
孙丹丹（见习）
孙女
孙女的意外死亡证明
孙子
孙子与奶奶
孙子去菜场买菜
孙子横穿铁路
孙子突然跑过轨道
孙子被偷情节
孙思秋
孙某
孙某与林某某
孙某从境外回国后抗拒隔离
孙某偷情被抓
孙某偷情被抓的说法
孙某存在出轨行为
孙某当晚与他人在车内有不轨行为被当场抓获
孙某报警事件
孙某报警事件无关联
孙某本人陈述
孙某的丈夫
孙某的公公
孙某虎
孙某行为
孙某行为构成诬告陷害
孙某醉酒报警事件
孙某面部受伤
孙次道家
孙正义
孙络络
孙络络常回家看看
孙络络母亲的安慰
孙络络烈士追悼大会
孙络络牺牲事件
孙络络牺牲时年龄
孙络络牺牲过程
孙络络的母亲
孙络络的缅怀
孙络络等四名消防员
孙络络被压入10米深坑
孙络络被埋压
孙辈
孝柳铁路离石车站附近
孟买
季建军
季某
季节影响新生儿数量
孤儿
孤儿、事实无人抚养儿童和特困供养人员
孤儿身份
孤寡姑姑
孤寡姑姑离世留下8万元存款侄女想取却遭银行拒绝？
孤寡姑姑离世留下大笔存款侄女想取却遭银行如此回应又气又无奈
孤寡老人
孤寡老人去世后留下80000元存款事件
孤寡老人去世留下8万存款
孤寡老人的侄女
孤寡老人遗产归属问题
学业压力过大
学业规划指导
学习乘船遇险自救知识
学习利器还是紧箍咒？浙江小学生戴头环监控走神
学习手语
学习技术并单干的言论
学习新冠病毒防护措施
学习达人大会第四季
学习：15890961015 喜欢历史谈古论今以史明镜可以知兴替关注了就不要取消了做一辈子朋友
学历高但缺乏尊重与礼貌不等于有教养
学好的别人做最好的自己叶县古街红姐皮草私人搭配欢迎您感谢抖音平台给我们相识相知的缘分感谢抖音平台给大家认识我的机会感谢抖音平台把生活点点滴滴分享
学年组长
学张子强了
学成归来 报效祖国
学技能到广船技校
学技能到广船技校内容
学技能到广船技校广告
学术论坛记录
学李嘉诚
学校
学校不会同意此类活动
学校保安救出
学校地震演练成果
学校已疏散学生
学校应在极端天气停课
学校教育缺失
学校无责
学校日常地震演练成效
学校日常防震教育
学校的监控为什么不能联网家长能全天查看呢？
学校能干出这事儿？
学校良好的防震应急机制
学校被淹
学校被淹一层楼
学校选址与坟地关系
学校通报
学校食堂给学生吃变质食物 后续来了
学狗叫
学狗叫不是狂犬病
学狗叫是精神病
学生
学生26名
学生反应迅速
学生受惊哭喊
学生吹倒
学生善举
学生在履行个人义务时尊重他人
学生坠楼事件
学生安全离场
学生家长及社会关注
学生家长和社会关注
学生平安
学生心灵不受伤害
学生戴口罩是否出于健康考虑
学生放学回家
学生注意安全
学生溺水
学生溺水信息
学生溺水关键词
学生溺水情况
学生生活用水含大量泥沙
学生用水长期含泥沙事件
学生的注意力进行实时分析和评分
学生禁止在冰面玩耍
学生落水事件
学生迅速响应
学生迅速钻到课桌下避震的瞬间
学生进行心理安抚
学生遵守防疫或礼仪规定
学生避险
学生避险过程
学生雨中小跑摔倒在斑马线上脑勺着地身体抽搐送医治疗幸无大碍
学车一族
学车一族内容
学车一族到名
学车补贴2000元
学霸
学霸故意语文考0分使女友总分第一
学霸语文考零分助女友夺冠
孩子
孩子为软组织挫伤
孩子亲生父母现身
孩子们不畏困难
孩子们吹倒
孩子们平安
孩子们平安就好
孩子们平安就好评论
孩子你一定要坚强
孩子你不会死的
孩子加油
孩子卡在游乐园导致死亡
孩子卡在游乐园导致死亡关键词
孩子受伤情况
孩子口吻叙述
孩子可能已被父母接回
孩子听你说的话全天下母亲都会哭你一定会好起来听到你话的人都会为你加油✊✊✊
孩子呀妈妈的心有多痛
孩子因咬伤发病并学狗叫
孩子太可怜了评论
孩子安全撤离
孩子寻找父母的情节
孩子寻母场景
孩子寻母情节
孩子已无大碍
孩子希望晚点死
孩子平安健康
孩子应学会在助人时保护自己
孩子当场下跪求情
孩子急救医生滨州
孩子戴好眼镜
孩子找爸妈
孩子撕心裂肺到河边哭着找妈妈
孩子是否叫王铭智或王明哲说法不一
孩子是否找到
孩子是祖国的未来
孩子更多的是害怕呀快来人把他们救走吧
孩子横躺在地
孩子母亲
孩子母亲与孩子
孩子父亲
孩子爷爷奶奶
孩子爸不知道攒了多久
孩子现位于广东汕头派出所
孩子现在怎么样了
孩子疑似湖南口音
孩子的情感表达
孩子的爷爷
孩子的鞋
孩子盆骨四处骨折
孩子监护人未尽看管责任
孩子监管
孩子线索
孩子脱险太棒了
孩子行为属破坏性举动
孩子行为的不可控性
孩子被卡后大哭
孩子被家长误关进冰库冻死
孩子被狗猫咬伤后发病
孩子被风筝卷上天
孩子被风筝卷上天事件
孩子被风筝卷至空中事件
孩子说的话
孩子这一跪让人泪目
孩子遇好心人收养
孩子高考成绩不错全家庆祝后父亲酒驾被查下车逃跑倒地不起下跪磕头花样尽出
孰是孰非能够构成正当防卫？
宁南县
宁南县专业扑火队
宁南县专业扑火队21名队员
宁南县专业打火队
宁南县专业打火队21人
宁南县专业打火队21名队员
宁南县专业打火队出发画面
宁南县扑火队
宁南县扑火队21人
宁南县组织
宁南县组织的专业打火队21人
宁国市融媒体中心
宁夏旅游/拍摄
宁德电视台
宁杭高速公路天目湖服务区
宁杭高速公路天目湖服务区一辆货车在加油站附近自燃引发周边五辆货车连环燃烧所幸未造成人员伤亡
宁杭高速公路天目湖服务区一辆货车自燃
宁波
宁波上空出现中国地图形状的云
宁波公安最强音
宁波北仑下高速人员需住帐篷隔离十四天
宁波北仑下高速路口
宁波北仑高速路口
宁波北仑高速路口下高速住帐篷隔离14天
宁波古林一出租屋内分娩
宁波古林一刚出生女婴被遗弃街头垃圾桶
宁波天空现中国地图云
宁波天空现中国地图云为旧图
宁波天空现中国地图云事件
宁波市奉化区溪口镇吴家埠村
宁波拉响红色警报
宁波档家
宁波鸭请求出战
宁海7·30洪灾记忆
宁海县
宁海县深圳大蔡村
宁秘视频
它来了它终于来了
宇宙中
宇宙中存在其他智慧生物
宇宙中存在其他生命形式
宇宙之大有其他生物也不足为奇
宇宙可能是虚拟的
宇宙天文科普传播意图
宇宙尘埃遮挡导致看不见
宇宙尘埃遮挡现象
宇宙时空弯曲到一定程度
宇宙那么大不排除有外星生命
守住安全生产基本盘构建多元化防灾减灾救灾大应急格局
守好国门、保护家园
守好祖国的土地
守护学生
守护平安 藤县警方20小时速破抢夺案抢匪落入法网@八桂警事
守护平安传递社会正能量
守护群众财产安全
守望相助的温情
守望都市
守望都市栏目
守望都市栏目官方抖音号
守望都市热线电话
安保与财富管理讨论
安保与防疫合规性问题
安保漏洞
安保问题
安倍晋三
安全
安全与归国难题
安全个屁
安全事故
安全事故历史关切
安全人员
安全位置
安全使用手机
安全保障义务
安全停车
安全关注
安全出行
安全出行话题
安全区域
安全员
安全员警示
安全和人员平安
安全头盔
安全带
安全底线
安全建议
安全形势恶化
安全性疑问
安全意识
安全意识强
安全意识提升
安全担忧
安全担忧讨论
安全提示
安全提示内容
安全提示牌
安全提醒
安全提醒信息
安全提醒言论
安全提醒评论
安全操作规范
安全教育无效的质疑
安全无保障
安全无害
安全无小事规范作业要记牢
安全检查落实问题
安全气垫
安全生产
安全生产不容丝毫懈怠
安全生产不容丝毫懈怠安全
安全生产无小事
安全生产管理
安全第一
安全第一 警钟长鸣
安全第一原则
安全第一啊
安全管理
安全管理改进建议
安全管理漏洞
安全管理漏洞频发
安全绳
安全行车
安全警示
安全警示之名
安全警示传播
安全警示内容
安全警示意图
安全警示标题发布
安全警示类
安全警示类网络谣言
安全警示言论
安全警示讨论
安全警示评论
安全警示问题
安全设施不全
安全质疑
安全距离
安全车
安全车后厢
安全转移
安全转移完成时间
安全返回
安全返家
安全速度限制
安全重要性
安全问题
安全问题的反思
安全间隔期说明
安全队 安徽一安
安全防护栏
安全防范提示
安全降落
安全隐患
安全隐患排查
安全隐患排查整治
安全隐患讨论
安全隐患风险
安全靠岸
安全驾驶
安全驾驶议题
安吉台风把人刮走了
安吉物流
安哥是正能量
安哥锐评
安哥锐评字样
安国市
安国融媒
安城行
安外大街派出所
安外大街派出所民警
安好无恙
安宁
安宁一男子被火车碾压身亡
安定生活
安居愿望
安岳县兴隆街（县幼旁）
安康
安康广播电视台
安得拉邦
安得拉邦首席部长办公室
安微卫视
安德 六安支 防清 福 SS 心 安 卡 T S 心 进 A y 消费 模安 二 安微消防 六宝全安 7 AIGEMA 照 1U 10:54 2019.02.14
安徽
安徽16岁高三女生清晨坠楼升学压力下家长如何觉察自杀征兆？
安徽16岁高三女生清晨学校坠楼生前留言集体荣誉感考上大学
安徽一幢楼房1万一平米
安徽一幢楼房1万一平米现已飘到南京现价4万一平今晚不买就直奔上海卖单价10万
安徽一马戏团
安徽三千年古镇柘皋镇
安徽三千年古镇被淹
安徽三千年古镇被淹 安徽古镇 居民蹚水转运物品安徽是一座英雄的城市 为安徽人民点赞👍
安徽三千年古镇被淹 安徽古镇居民蹚水转运物品
安徽三千年古镇被淹居民蹚水转移物资
安徽交警发送短信
安徽交警短信通知
安徽公共频道
安徽公共频道播出
安徽六安
安徽六安一女子因彩礼跳井自杀
安徽六安又一个因为高彩礼为爱情殉情的花季少女谁之错？
安徽六安因彩礼要得太多男方不同意选择退婚导致女孩跳井自杀
安徽六安因高彩礼导致跳井事件
安徽六安女子跳井事件
安徽凤阳官沟地区
安徽出发
安徽加油
安徽卫视
安徽又一千年古镇遭洪水围困巢湖柘皋古镇居民紧急撤离
安徽台法治时空栏目官方抖音账号
安徽合肥
安徽商报
安徽在流域防洪中上保河南、下保江苏
安徽大爷
安徽大爷无健康码徒步千里到浙江寻亲
安徽巢湖
安徽巢湖一家服装店
安徽巢湖市柘皋镇
安徽巢湖市柘皋镇主城区
安徽巢湖市柘皋镇洪涝灾情
安徽巢湖柘皋镇
安徽巢湖柘皋镇被洪水围困
安徽巢湖水位
安徽巢湖水位13.36米
安徽巢湖洪水
安徽巢湖特大暴雨引发的洪水
安徽广播电视台城市之声官方快手号
安徽广播电视台经济生活频道
安徽广播电视台经济生活频道官方账号
安徽广播电视台经济生活频道记者
安徽日报报业集团
安徽是一座英雄的城市
安徽最近老是下雨[撇嘴]
安徽望江一名17岁女孩
安徽望江县公安局
安徽本地网友留言
安徽本来经济就不好现在又开坝上保河南下保江苏
安徽柘皋镇
安徽柘皋镇7条主街道被淹 航拍直击
安徽柘皋镇7条主街道被淹事件
安徽柘皋镇洪涝灾情
安徽柘皋镇洪涝灾情及救援情况
安徽楼房漂流至南京
安徽楼房物理移动并涨价
安徽楼房飘至南京、即将赴上海
安徽正能量纵览天下事无悔入华夏有笑有泪有爱有惧关注我不迷路
安徽池州平天湖湖管监守自盗
安徽池州贵池某小区惊现海市屋楼888
安徽消防官方账号
安徽滁州
安徽滁州一名男子
安徽滁州一小区
安徽滁州一男子
安徽滁州男子
安徽界首一家四口死亡案
安徽界首一家四口死亡案新闻
安徽的一幢楼已漂到南京将直奔上海
安徽皖北砀山人
安徽省、市、县三级公安机关
安徽省凤阳县
安徽省凤阳县西泉镇欢塘村
安徽省太和县拆房纠纷一家人被打死七口
安徽省巢湖市柘皋镇
安徽省应急电视频道
安徽省应急管理厅
安徽省应急管理厅消息
安徽省新闻门户网站
安徽省消防救援总队芜湖支队
安徽省界首市任寨乡岳刘行政村
安徽省芜湖一中
安徽省芜湖市南陵县许镇建福村
安徽省芜湖市芜湖县花桥镇一厂房
安徽省重点新闻网站
安徽章建军
安徽第一早报
安徽绩溪县金沙镇一名男子
安徽绩溪县金沙镇铁路轨道
安徽绩溪附近铁路段
安徽网友
安徽网大皖客户端
安徽至杭州
安徽芜湖
安徽芜湖一厂房导热油起火消防员紧急扑救
安徽芜湖因长江涨水有鳄鱼上岸
安徽芜湖因长江涨水有鳄鱼上岸事件
安徽芜湖女子
安徽芜湖汛期水位上涨
安徽芜湖洗碗女子
安徽芜湖附近出没
安徽购买
安徽进入商城县
安徽逾700万人受灾
安徽金寨县铁冲乡人
安徽阜阳太和县第二中学
安徽阜阳太和县第二中学2018级高三学生
安徽阜阳太和县第二中学徐姓女生坠楼事件
安徽阜阳颍上
安徽首家融媒体广播徽商94.7
安徽高報
安徽高報应为安徽商报
安徽黄山
安徽黄山气模设施下陷致8岁女童身亡事件
安慰与庆幸
安慰母亲
安抚劝导
安抚家属
安抚猴子
安抚老人
安抚行为
安杰洛·博雷利
安某
安省向国际学生发放补贴
安社信息
安置亲友
安莎社
安莎社报道数据
安葬事故
安装于车底的分离相机
安装在车底的分离相机
安装红绿灯协调让行
安装高空抛物摄像头以便追责
安达市爆炸事件
安队
安阳北关区油厂家属院一小女孩被狗撕咬
宋厚龙
宋厚龙捐赠蔬菜一事
宋厚龙的大爱无私善举
宋喆
宋喆与马蓉存在不正当关系
宋喆已转至天津服刑
宋喆服刑天津
宋喆服刑天津相关内容
宋喆经纪人职务
宋大娘
宋安平
宋志红
宋昕泽
宋某
宋某与仇某
宋某持刀杀人并自杀
宋玉武
宋玉武乐于助人
宋玉武头部
宋玉武女儿
宋玉武常义务帮人拉货
宋玉武平时为人热心
宋玉武救人事件报道者
宋玉武救人行为
宋玉武早日康复
宋玉武朋友及目击者
宋竹青
完了我要去派出所喝茶去了
完全相同
完全赞同
完好
完婚
完成
完成沙袋运输
完成肛拭子检测后人群行走如企鹅
完整
完整信息链条
完整医疗抢救设施
完整版
完整版节目
完整证据链
完整证据链支持
完美化解尴尬
完美解释什么叫作死
完达山2号老虎
完达山一号
完达山一号可能还要进村
完达山一号能溜达
完达山一号腿脚利索
完达山一号频繁活动
完达山二号
宏楠
宏楠事发经过
宏楠触电身亡事件
宕字
宕昌
宕昌县
宕昌县官方或地方媒体账号
宕昌县沙湾镇
宕昌县融媒体中心
宕昌声音
宕昌挺住
宕昌暴雨泥石流
宕昌泥石流救援
宕昌消防
宕昌消防执行
宗教市场化
宗教隐喻评论
宗木子 215 米木子 四川江油冰雪大小似鸡蛋
官兵们
官兵平安归来
官兵负重前行守护岁月静好
官员
官员体验滑沙因摔倒关停项目
官员儿子庆高考670分醉驾致6死
官员宣称氧气充足
官员转移镜头
官方
官方以谣传谣
官方佐证
官方依据
官方信息平台
官方信息源验证
官方信源佐证
官方允许随便摘
官方全面开放采摘政策
官方公告
官方公布的伤亡详情
官方公布的科学成果
官方内部核查
官方医疗指南支持
官方发布中国外交政策权威阐释中国立场态度
官方发布的警情通报内容
官方发布规范
官方发布记录
官方合作投稿渠道
官方合作投稿联系方式
官方商务合作或新闻投稿
官方商务合作或新闻投稿联系方式
官方回应
官方回应与处理
官方回应齐齐哈尔有野狼出没
官方处罚记录
官方媒体
官方定性为起火
官方实证支持
官方尚未公布结论
官方已澄清
官方已经避谣了
官方已辟谣
官方或权威渠道确认
官方报道
官方报道或权威信源支持
官方政策依据
官方政策支持
官方文件支持
官方新闻媒体账号
官方最惨没人评论
官方未明确证实
官方未证实
官方来源佐证
官方核实
官方核实依据
官方核实结果
官方核实结论
官方没有说正确采摘方式应使用剪刀以免影响来年结果
官方治虫行动
官方渠道发布
官方疫情通报
官方短视频及直播平台
官方统计数据
官方缺乏关注
官方规定
官方解说未提鸟不落
官方警情通报
官方记录
官方记录或通报
官方记录支持
官方证实
官方证据支持
官方说全活了咋回事？
官方说明
官方调查与总统言论分歧
官方调查结果
官方超话发布温馨提示
官方辟谣
官方辟谣内容
官方通报
官方通报佐证
官方通报信息
官方通报女孩被群殴并浸按河中嫌疑人：怀疑其传播生活隐私
官方通报支持
官方通报未提及
官方通报温岭槽罐车爆炸致20死事故调查：30名公职人员被问责
官方通报的此类重大交通事故
官方通报记录
官方通报证实
官沟街
官鹅沟景区安危
定位功能
定位猜测
定位误差或信息混淆
定力
定向能机动近程防空系统
定向能武器宣传片
定期体检
定期输血
定海神针应驻留东海不宜外出
定边县樊学段县乡道路
定边县樊学段县乡道路塌方及水毁情况
宛如地震
宜宾
宜宾6.0级地震
宜宾三江口
宜宾动态观察
宜宾南广区域
宜宾南往宜宾北方向高速公路
宜宾地震街头裸奔
宜宾市五粮液
宜宾市区
宜宾市珙县巡场镇
宜宾广播电视台民生新闻栏目酒都播报官方平台
宜宾新变化
宜宾珙县
宜宾珙县5.6级地震
宜宾珙县发生5.6级地震愿平安🙏
宜宾珙县地震
宜宾琪县地震
宜宾菜坝被洪水腌了
宜宾菜坝被洪水腌了评论区
宜宾菜坝被淹
宜宾防洪能力强
宜州公安 小吴哥
宜昌三峡坝区现神秘龙样水怪：体型硕大水中游动
宝~来这就对了关注我们资讯不迷路有好料来投稿：fujian@people.cn
宝你来啦😉
宝塔传说
宝塔传说联想
宝宝
宝宝别怕叔叔抱你去找妈妈
宝宝加油
宝宝加油希望你渡过这个劫
宝宝愿你健康成长宁波弃婴
宝宝被隔离想要个抱抱 医生转身掩面而泣
宝山乡
宝康信公平台
宝成铁路涪江大桥
宝成铁路涪江大桥上下行线
宝成铁路涪江大桥安全
宝成铁路涪江大桥桥上
宝气
宝气等争议性言辞
宝莱坞风格
宝贝你一定会好起来的
宝贝你会好起来的
宝贝你会好起来的别哭我们都会陪着你
宝贝你现在是否平安啦
宝贝加油
宝贝加油一定会度过难关
宝贝回家
宝贝让上天保佑你踢完球塞没让妈妈哭
宝马车主一脸懵逼
宝鸡
宝鸡景区水毁
实为塔吊倒塌而非立交桥坍塌
实为废弃塑料袋
实为橡胶气囊
实为火灾非爆炸
实为火灾非爆炸观点
实为航空安全考虑而非主动让路
实习
实习生
实习生秦臻共同报道
实习编辑
实习记者
实事求是口诛笔伐扬善抑恶用我们的行动传播社会真相传递人间温情我们坚信世间有爱有善良有福报我们普通人帮助普通人是人间最美好的希望……
实体
实体资产
实力坑爹
实力抢油外媒惊叹
实力派吃货
实在没味
实地勘查
实地经过描述
实地考察
实拍
实拍浙江温岭槽罐车爆炸现场厂房成废墟旁边摆放担架
实拍现场黎巴嫩首都突发爆炸至少3700多人伤亡爆炸后一片狼藉
实施交通管制
实施再次打砸
实施恶作剧的人员
实施恶作剧的幕后人员
实施救援
实施杀人行为
实施条例相关条款
实施碰瓷行为
实施诈骗
实施重车压梁
实时发布权威信息
实时定位能力
实时报道证券中国
实时新闻
实时监测水位和通行高度
实时监测注意力功能
实时表情重演
实时超声影像
实时超声影像传输
实现免费通话上网
实现打电话不用钱
实现时空穿梭回到过去
实用小妙招
实线区域
实线区域无法变道加剧事故后果
实证支持
实质性信息
实质评论内容
实际
实际中欧班列运行时间规律
实际临床实践
实际为三车相撞
实际为临时管控措施
实际为坐火车出行
实际为塌陷事故非交通事故
实际为塔吊倒塌
实际为履带吊侧翻事故
实际为工地塔吊或履带吊倒塌
实际为开工动员
实际为施工塌陷事故
实际为父亲下跪
实际为生产企业
实际为自然灾害引发汛情
实际为规范转运遗体
实际为金店抢夺案
实际事件
实际事件中
实际事件中无儿童涉及
实际事件为辽宁绥中暴力事件
实际事件主体
实际事件发生于山东平度
实际事件发生于广东韶关
实际事件发生于湖北荆州
实际事件发生在吉林敦化
实际事件发生地
实际事件发生地为重庆
实际事件后果
实际事件在昆明
实际事件地为新疆
实际事件地点
实际事件地点为美国洛杉矶市中心
实际事件未发生
实际事件未发生如所述
实际事件真实性
实际事件类型
实际事发地
实际事发地为上海立达学院
实际事发地为内蒙古赤峰
实际事发地为安徽滁州
实际事发地为山东聊城
实际事发地为广州番禺
实际事发地为廊坊
实际事发地为成都
实际事发地为江苏连云港
实际事发地为江西石城
实际事发地为浏阳市
实际事发地为湖北
实际事发地为艳湖小区
实际事故
实际事故情况
实际事故类型
实际事故记录
实际交通事故数据
实际交通数据
实际交通违法记录
实际仅三车相撞
实际仍有两米以上安全距离
实际伤亡数据未明确提及
实际位置
实际位置为天津空港
实际位置应为天津空港经济区而非天津港保税区
实际修复工作
实际八宝粥品牌
实际内容
实际内容不符
实际内容仅为男子异常行为
实际内容未提及抢劫案
实际内容未提及该情节
实际内容物严重不足
实际出入境政策调整
实际出土文物有限
实际发生
实际发生事件
实际发生在吉林白山鸭绿江
实际发生地
实际发生地为北京丰台
实际发生地为浏阳市非新化县
实际发生地为肇庆
实际发生的校园暴力事件
实际发生记录
实际发生证据
实际可能为贵州
实际可行性
实际呈现教师尽职引导
实际地点
实际地点为银海大道与玉洞大道路口
实际地点非京山孙桥
实际地点非永辉超市前
实际地质事件
实际外交公告
实际威胁
实际存在
实际存在性
实际安全通过
实际官方通报支持
实际居住总人数
实际属摆拍或误读
实际已停水多时
实际并无相关作业
实际应为
实际应以
实际应用
实际影响结果
实际影响轻微
实际情况
实际情况为相关物资系南航从肯尼亚内罗毕运回
实际情形
实际情节
实际战争现场围观行为
实际执行情况
实际承包关系
实际抗灾能力
实际报道内容
实际报道地点
实际报道地点为舒城
实际捐赠流程及安排
实际控制事实
实际描述中未发生
实际描述为集中返赃活动
实际描述内容
实际描述美国事件
实际政策
实际政策范围
实际教师参与组织避险和疏散
实际无严重灾情
实际无死亡报告
实际有效性
实际未发现墓葬群
实际未发生
实际未发生虐狗行为
实际未发生该航空施药行动
实际未在文中描述
实际未塌
实际未当场死亡
实际案发地
实际案发地为嘉汇龙潭小区
实际案发地为广东茂名
实际案发地为江苏扬州
实际案发地为江苏泰州
实际气象记录
实际治疗医院为东莞
实际涉及安徽巢湖地区
实际溺水案例
实际滞留客人数量
实际灾情支持
实际灾情记录
实际管涌抢险情况
实际统计数据不支持
实际美军派往纽约港的医疗军舰
实际考拉死亡数据
实际航班记录支持
实际航班运输情况
实际观察支持
实际解释
实际警示意义
实际证据支持
实际评论信息
实际语义
实际调查
实际起因不成立
实际运行
实际运行数据
实际还有几米空间
实际违法记录
实际通行
实际造成白藤头严重灾害
实际配置
实际金矿发现
实际闹鬼情况
实际防疫效果
实际难度大
实际震级为3.5级
实际飞防安排
实验三：蔬菜
实验三：蔬菜内容
实验结果显示
宠物伤人后宠物主需承担赔偿责任
宠物博主为无声者发声🐾 关爱善待流浪小动物
宠物夏季行为管理
宠物状况
宠物狗
宠物狗与电动车碰撞事故
宠物狗咬人 河南安阳
宠物相关工作十年
宠粉狂魔你敢@我就敢测
宠辱不惊看庭前花开花落；去留无意望天空云卷云舒
审判长
审慎发声
审批环节
审核
审核发送内容
审计局
审计局停职事件
客机
客机内部最后画面
客机内部最后视频
客机坠毁
客机坠毁事件
客机坠毁前舱内场景
客机坠毁过程
客机失事事件
客机失事事件描述
客机失事前最后画面
客机失联事件
客流下降
客舱座位
客舱座位上
客舱座位均被澳洲华人无偿捐赠的救援物资填满
客舱空无乘客、座位堆放救援物资
客船
客观事实
客观性
客车司机死亡
客车未坠桥
客运专线
宣传低价但评论反映涨价
宣传噱头
宣传平台
宣传片
宣传片中054护卫舰画面
宣传片中导弹画面
宣传片中画面
宣传片评论
宣传用语
宣传粤剧节
宣传食政要闻传播行业资讯守护人民健康促进食安生产
宣传黄土高原地貌
宣判
宣威
宣布汉语作为国际通用语言
宣恩
宣称中医正骨可瘦脸
宣称手法调整可改善大小脸
宣称能打造小V脸
室内
室内受淹
室内温度建议
室内突发明火
宫殿
害了自己
害人害己后果
害怕
害怕情绪
害群之马必须严惩
宵夜档
家中
家中二儿子
家中停水
家中受爆炸波及
家中吊顶
家中唯一劳动力
家中床铺
家中床铺不足
家中房顶
家中断粮多日
家中无食物
家中牛已死亡
家中牛死亡
家中物品
家中老太太独自操持
家中财物
家中起火
家中遭挟持、50人作案等夸张设定
家中食物
家中龙头或阀门
家乡发展
家乡受灾
家乡情怀
家乡自豪感
家事 国事 天下事 事事操心 新闻 热点 正能量 你的贴心资讯管家
家事国事天下事事事关心
家人
家人发生争吵
家人在等你平安归来
家人安全接回
家人注意安全
家人盼望平安靠岸
家人真的崩溃了19岁英雄一路走好
家具厂男员工
家和生活美
家园损毁严重
家国情怀
家家户户
家家有本难念的经
家居厂名称
家属
家属发布
家属和社会舆论
家属安抚
家属安抚工作
家属已报警
家属抵达现场
家属求助
家属求助热线
家属燃放鞭炮行为
家属确认
家属道歉
家庭健康防护场景
家庭变故
家庭地位失衡问题
家庭实际情况
家庭开支
家庭悲剧
家庭悲剧与债务关系
家庭情况
家庭意外险
家庭教育失当
家庭教育失当是悲剧主因
家庭教育缺失
家庭教育问题观点
家庭暴力
家庭暴力事件
家庭暴力事件处置
家庭暴力受害反击行为
家庭氛围融洽
家庭消毒
家庭燃气使用
家庭燃气安全防范
家庭环境
家庭环境脏乱
家庭矛盾
家庭矛盾引发
家庭矛盾引发的误会
家庭矛盾有关
家庭矛盾讨论
家庭矛盾误会
家庭纠纷
家庭纠纷持刀劫持事件
家庭纠纷调解
家庭纠纷谈话
家庭纠纷这是
家庭经济压力过大
家庭经营的马戏团
家庭结构问题
家庭赔偿商场损失
家暴就该死
家暴指控细节
家暴背景下极端案件的复杂性
家暴行为
家电
家禽养殖业务相关
家里比这个甜
家里的猪都漂起来了
家里网速慢？路由器上贴一个创口贴网速可以提升很多值得尝试
家里蹲大学屋里系
家里都可以养鱼了
家长
家长向教师赠送不作为锦旗
家长在朋友圈
家长应加强儿童看护
家长应加强孩子安全教育
家长应负一定责任
家长异议
家长或感心疼
家长提高警觉
家长未尽看护义务应负主责
家长未看护好孩子应负主责
家长监护疏忽
家长监护责任
家长监督委员会
家长监管不力
家长看护不到位
家长看护不当
家长看护孩子时勿沉迷手机
家长群
家长责任
家长赠送写有不作为的锦旗给老师
家长赠送锦旗给教师
家长送其不作为锦旗
家长送老师不作为锦旗
家长雨天应接送孩子、注意防滑
家门口的事片刻就能获知
家附近山中
家风
容易脑溢血
容景消防指战员
容景消防指战员救援行动
宽城区
宽容与善意
宾县
宾夕法尼亚州
宿广田
宿舍区学生疏散至教学区
宿舍运营
宿舍阳台
寂寞而美丽
寄生虫
寄生虫传播途径的疑问
寄生虫引起
密切接触
密切接触者
密歇根州
密网偷捕行为
密视频
富人思维
富利家园项目
富勒烯小安瓶
富拉尔基区
富有哲理的言论
富裕协调美丽和谐幸福的现代化新抚州
富豪即便低调
富豪安全问题
富贵如龙游尽五湖四海贫穷如虎惊散九亲六族美人一笑千金易壮士穷途一饭难
富贵险中求有没有组队去捡钱
富阳区宣传部工作人员
富阳目前安全了
寒风中交警跪地为老人暖脚这一路温暖一座城
寓意国泰民安
寸草不生
对11岁以下儿童停课
对一公里范围内人员进行疏散
对丁总的熟识猜测
对下游受灾风险的担忧
对不明飞行物情报信息的详细分析
对不理智围观行为的谴责
对不起
对不起我错了
对不起父母、孩子和爱人
对专业的误解
对两人同时进入的疑问
对严寒环境的恐惧情绪
对个人隐私侵犯的批评
对中国人民的美好祝愿
对中国制度的赞扬
对中国崛起的联想
对中国应用软件的制裁范围
对中国抗疫支持的承诺
对中国抗疫模式的肯定
对中国抗疫模式的赞扬
对中国部分楼房质量担忧
对中国防疫成效的自豪
对中国防疫成效的认可
对中方科技企业限制措施
对中蒙友谊的赞扬
对举报人信息严格保密
对乔治·弗洛伊德实施暴力执法
对乘客安危的关切
对事件中人员安全的关切
对事件传播现象的评价
对事件传播真实性的质疑
对事件冷漠态度
对事件前因后果的反思
对事件处理结果不满
对事件深表同情
对事件的关切与祝福
对事件的关注
对事件的情感共鸣
对事件的情感反馈
对事件的情绪化评价
对事件的担忧与希望
对事件的文字叙述
对事件的正面评价
对事件的祈愿
对事件的误称或不准确表述
对事件的调侃态度
对事件的质疑与嘲讽
对事件的重视
对事件的震惊情绪
对事件真实性存疑
对事件真实性的怀疑
对事件真实性的暗示
对事件真实性的质疑
对事件真实性质疑
对事件结局的调侃性安心
对事件结果的疑问
对事件结果的认可
对事件解释合理性的质疑
对事件责任归属的质疑
对事件质疑
对事件逻辑的讽刺
对事件震惊
对事发地点的关注
对事发地点的讨论评论
对事故严重性的震惊
对事故位置的追问
对事故原因的猜测
对事故的关切
对事故的哀悼评论
对事故的惋惜
对事故的戏谑态度
对事故的痛心
对事故的调侃性解读
对事故的负面讨论
对事故的震惊
对事故结果的推测
对事故表示高度重视
对事故责任归属的讨论
对事故连续发生感到惊讶
对事故频发的担忧
对于那些锦衣玉食的人群旅游就是寻找他们自己的墓穴
对五粮液的关联联想
对交警暖心行为的认可
对交警的赞扬留言
对交通安全的反思
对交通安全的担忧
对产品价格的质疑
对产品真实性的怀疑
对亲人的精神寄托
对亲子关系质疑
对人体有害的行为
对人员伤亡的关注
对人员伤亡的担忧
对人员安全的关切
对人员安全的欣慰
对人员安全的祝愿
对人员安危的关注
对人员平安的庆幸
对人员流动的担忧
对人工智能风险的讨论
对人性失望
对人类与自然关系的反思
对人类破坏自然的反思
对人道灾难的关注
对他人的负责
对仙人掌的赞美
对任务成效的关注
对企业社会责任的不同看法
对伟大祖国的热爱
对传播效果的关注
对传统戏曲表演的恶意曲解
对伤亡情况的关切
对伤亡者家属表示慰问
对伤者的祈愿
对伤者的祝愿
对伤者的祝福
对体型影响躲避可行性的疑问
对佛像美容化修复的讽刺
对作案动机的推测性调侃
对作案动机的质疑
对作者
对俄罗斯与黑客能力的评价
对俄罗斯儿童耐寒能力的夸张描述
对保安态度傲慢的批评
对保障车操作的疑问
对信息公开的需求
对信息澄清的认可
对信息真实性的怀疑
对信息真实性的质疑
对信息误导性的担忧
对修复失去内涵的批评
对假新闻的识别需求
对健康状况的关切
对偷盗行为的道德谴责
对僧人生活方式的质疑
对儿童安全担忧
对儿童安全的担忧
对儿童患者的同情与担忧
对先烈的敬意
对全球疫情下苦难的共情
对全球疫情的担忧
对公交车涉水画面的讨论
对公共安全的担忧
对公共资源使用的争议
对公共道德的讨论
对其未受重伤害感到遗憾
对其杂物的清理行为
对养狗不拴绳现象的愤怒
对养狗人群的激烈批判
对内容真实性存疑
对内容真实性的怀疑
对内容真实性的质疑
对冒险行为的批评
对军人守护百姓的祝福
对军人家属心痛的理解
对军人负重前行的感激
对军警救援力量表达敬意评论
对农业绿色发展政策的严重误读
对农村安全判断错误或想坐船观洪
对农村治理能力的讽刺
对农民牺牲的感激
对冲突场景的娱乐化虚构
对冲突场面的调侃评论
对冲突的戏谑评论
对出国选择的质疑
对刑侦队伍的赞扬
对刘海燕的评价
对判决结果的认可
对利益链条的质疑
对动物保护的关注
对动物回归自然的呼吁
对动物回归自然的呼吁评论
对动物表演伦理的质疑
对区域交通发展的关切
对区域交通发展的期待
对区域交通发展高度关注
对医患关系的反思
对医护人员进行追打
对医疗环境的反思
对医疗费用高昂的不满
对医疗风气批评
对华人集体行为的评论
对印度行为的普遍愤慨
对危险驾驶行为的批评
对历史文化的误读与夸大
对历史遗址位置的误传
对原报道的误读与夸大
对受伤细节的猜测性讨论
对受困人员的关切
对受害人信息公开可能带来报复风险
对受害人未打码而施暴者遮脸
对受害女孩的同情
对受害者的同情
对受灾人员的祈愿
对受灾地区民众的关切
对受灾学生祝福
对受灾群众的祈愿
对口型
对古代技艺的认可
对古建筑设计的赞叹
对台风受灾民众的关切
对叶乃学舍己救人的崇高敬意
对司机与乘客的赞扬
对司机处理方式的惊叹
对司机处理方式的调侃
对司机安危的关切
对司机敬业精神的赞扬
对司机的敬意与祝福
对司机行为的肯定
对司法公正的强烈关注
对后代的影响
对后方城市的破坏
对后果的担忧
对向来车
对向车辆
对向车道
对向车道大货车
对命运的无奈
对和平的期许
对和平的祈愿
对哄抢行为无力制止
对哈佛八剑客回国的看法
对商贩行为的认可
对善举的认可
对善待动物的关切
对善行的赞美
对四川金山寺的批评
对四川频遭自然灾害的无奈与悲悯
对因经济原因避险的讽刺或庆幸情绪
对围观行为的类比与调侃
对国家发展的自豪与感激
对国家海外基建成就的自豪感
对图案视觉质量的讽刺
对在日中国人的关切
对在日中国人的关心
对在非华人的关心
对地壳运动被视频记录的讨论
对地方执法现象的调侃
对地质灾害的担忧
对地震的关切
对垃圾分类的支持观点
对城市管理的担忧
对基层抗疫人员的关注
对基层抗疫人员的敬意
对塑料大米流入市场的误解
对塑料大米流入市场的调侃
对墙体坚固性的讽刺
对处理结果不满
对处理结果的讨论
对处理结果的追问
对处罚结果不满
对外卖人员遭遇的同情
对外卖小哥的同情与支持
对外卖行业生态与服务人员关系的广泛争议
对外星生命接触风险的关注
对外籍人员不配合防疫的不满言论
对大货车的恐惧
对天气干旱导致火灾蔓延的担忧
对天津港安全事故的关切
对失踪儿童的同情与关注
对奇迹的期盼
对奖励真实性的讨论
对女子动机的质疑
对姑姑尽了主要扶养义务
对婚外情猜测
对婴儿求抱抱的反应
对婴儿深切同情
对媒体的不屑与对抗态度
对孙络络牺牲的哀悼
对孙络络牺牲的痛惜
对孙络络的哀悼
对学生行为的批评态度
对孩子们的担忧
对孩子后续安置的关切
对孩子平安康复的祝愿
对宇宙探索不抱希望
对安保措施的怀疑
对安全事故的担忧
对安全形势的担忧
对安全的关切
对安全的担忧
对安全的祈愿
对安全监管的质疑
对安全管理的批评
对安全管理的批评评论
对安全风险的调侃
对安徽灾情的关切
对宗教场所商业化的讽刺
对官员的质问场景设想
对实力抄底的认可
对实验前提的怀疑
对家乡平安的期盼
对家乡支持
对家庭平安的祈愿
对家长监护责任的讨论
对寄生虫存在的恐惧
对富豪安全的担忧
对寒冷的恐惧表达
对对对没死
对寺庙商业化的质疑
对小虎的悼念与敬意
对小龙虾安全性的质疑
对少年行为的震惊与谴责
对局势的唏嘘
对屋顶覆盖防雨布
对峙
对峙事件
对工人平安的祈愿
对工人的祈福
对工作犬防护装备的关注
对工程壮丽景象的赞叹
对工程质量的调侃
对工程质量问题的讨论评论
对师生平安的祈愿
对平安的祈愿
对年度不平凡的感慨
对年轻消防员牺牲的心痛
对年轻生命逝去的痛惜
对年长舞者身体能力的夸张描述
对年龄、职业的调侃
对幸存事件的唏嘘与感慨
对幸福本质的思考
对幸运逃生的讨论
对应2020年7月13日
对应2020年7月左右
对应信息发布者
对应发布者
对应官方通报
对应文本内容
对应真实案件
对建筑安全的质疑
对建筑损毁的判断
对建筑质量的讽刺
对弃婴现象震惊与谴责
对弃婴的同情与祝福
对弃婴行为的愤怒
对弃婴行为的谴责
对张文宏的支持
对张文宏的赞扬
对张文宏的赞誉
对归国人员责任与权利的舆论对立
对归国高收入群体的刻板印象
对当事人的关切
对当事人的关心与支持
对当事人行为的批评
对当前通信服务资费高的不满
对当地疫情发展的担忧
对当地疫情防控体系进行测试和调整
对彩礼问题的激烈讨论
对志愿军英雄的敬意
对志愿军英雄的深切缅怀
对恢复正常生活的期盼
对患儿的同情
对患儿的祝福
对患儿的鼓励
对患者坚持登机行为的批评
对患者行为的风险认知质疑
对情节发展的主观愉悦
对意大利政策的唏嘘
对意大利的同情与支持
对战争场景的讽刺性描述
对战争的反思与对生命的尊重
对战斗民族精神的赞叹
对手中有3人确诊新冠肺炎
对手机充电位置的关注
对扑火英烈的深切哀悼
对执法公正的期待
对执法尺度质疑
对执法方式的担忧
对执行方式的质疑
对扶贫困境的看法
对技术功能的夸大解读
对抗
对抗外国搏击名将
对抗议活动和平进行的期望
对抗议行动的支持
对拍摄者安全的质疑
对拍摄者态度的质疑
对持械行为的讨论
对持续利用的建议
对指纹提取可行性质疑
对捐赠执行时效的质疑
对损坏图像进行修复
对推荐算法的质疑
对提供线索协助抓获嫌疑人
对提供线索协助抓获嫌疑人的奖励人民币5万元
对搜救犬的称赞
对搜救犬的称赞评论
对政府决策的讨论
对政策有效性的质疑
对政策的情感反应
对政策的矛盾态度
对政策的震惊与无奈
对救人事件
对救援人员安全的关切
对救援人员的关切
对救援人员的关切与支持
对救援人员的安全祈愿
对救援人员的支持
对救援人员的敬意
对救援人员的祝愿
对救援人员的祝福
对救援力量的敬意
对救援动物的保护建议
对救援延迟的遗憾
对救援必要性的质疑
对救援行动的高度关注与深切担忧
对救援装备的讨论
对救援迟缓的强烈不满
对救治政策的讨论
对救火人员的祈愿
对文本真实性的讨论
对新冠病毒的漠视态度
对新闻事件的反应
对方全责伤没什么事吧
对方已关注了你
对方是FBI探员
对方是你的小学同学
对方身份及行为合理性
对方车辆
对施工安全的关注
对施工安全的讨论
对施工安全的质疑
对施暴者的谴责
对无中国籍乘客遇难的庆幸
对无人员伤亡的庆幸
对时空穿越研究的担忧
对时间标注不清的质疑
对昆山频繁上热搜的复杂情绪
对普通人在极端经济困境下行为的推测
对景区管理规定的质疑
对景象的赞美或神化解读
对暑期安全的讨论
对暗杀事件的讨论
对暴力事件处理的关注
对暴力伤医行为的愤慨
对暴力行为依法严惩
对暴力行为的愤慨
对未成年人暴力治理的广泛关注
对术语的疑问
对朴槿惠的同情
对朴槿惠的支持
对机器人定价的猜测
对机型质量的质疑
对李文亮的尊重与缅怀
对李文亮的缅怀与痛惜
对李某作出行政处罚
对杨某某加重处罚至死刑
对极端天气下公共交通状况的关注
对极端天气的情绪反应
对极端天气的无奈与戏谑
对极限项目的抗拒情绪
对极限项目的畏惧与调侃
对案件后果的态度
对桌子承重能力的质疑
对检测费用的不满
对橘子口感和安全性的讨论
对正义迟来的担忧
对死亡事实的怀疑
对死因无异议
对比中国全力救治高龄患者
对比中国全力救治高龄患者的言论
对比中外学生独立性
对比性补充信息
对比此前类似事件处理差异
对比现代工程
对比贫困户懒惰
对比韩国医护人员行为
对民警的赞扬
对民间救援智慧的讨论
对气候变化的担忧
对水位数据的质疑
对水资源流失的惋惜
对江西九江汛情的关注呼吁
对江西人群体的正面评价
对汽车阻碍赛事的不满
对沈魏处境的质疑
对沐梓坚强精神的敬佩与祝福
对没错我就是成长在皋城大地上的小团团
对油价回落的期待
对治安的关切
对沼气用途的戏谑讨论
对泄洪的关注
对法律程序的误解
对洪灾的关切提问
对海外华人安全的关注
对海外抗疫人员安全的关注
对消防员安全的牵挂
对消防员平安归来的祈愿
对消防员平安的祈愿
对消防员平安的祝愿
对消防员的关切
对消防员的关切与致敬
对消防员的关心
对消防员的慰问评论
对消防员的敬意
对消防员的期盼
对消防员的祈福
对消防员的祝福
对消防员的致敬
对消防官兵平安的祈愿
对消防救援的肯定
对涉事主体名称的追问
对涉事人员打马赛克
对涉事僧人进行批评教育
对涉事大妈及家人依法追责
对涉事女子的强烈谴责
对涉事女子行为的愤怒
对涉事干部的处理方式
对涉事游客罚款
对涉事老人心理与社会压力的关注
对涉事警员展开调查
对渔民冲突的惋惜
对渔民冲突的担忧
对湖北地区的支持
对火灾原因的推测
对火灾的担忧与对消防员的敬意
对灾区人民的关切
对灾区人民的支持
对灾区的关切
对灾区的祈愿
对灾区的祝愿
对灾区群众的关切
对灾区重建的祝愿
对灾害风险的感叹
对灾情呈现方式的怀疑
对灾情的关切
对灾情的关切与祈福
对灾情的关注与共情
对灾情的关注与感慨
对灾情的关注与祈愿
对灾情的震惊
对灾情的震惊与哀悼
对灾难事件的情感回应
对烈火英雄集体牺牲的沉痛缅怀
对烟花爆竹行业的批评
对烹饪方式的讨论
对爆炸原因的疑问
对爆炸地点和成因的疑问
对爆炸场面的感慨
对爆炸威力的惊叹
对爱狗人士的误解
对父母行为的谴责
对父母行为震惊与愤慨
对物业责任的讨论
对物种濒危的哀悼
对特定地域群体的攻击
对特朗普外号的调侃
对特朗普的称赞评论
对特朗普的调侃评论
对牺牲人员的哀悼
对牺牲英雄的敬意
对牺牲队员的敬意
对狗主人的谴责
对猴子自觉拿馒头的质疑评论
对环卫作业的误解
对环卫工人的敬意
对现场处置的疑问
对现场客流情况的形象化表述
对现实灾害与观赏性落差的质疑
对甘肃本地媒体的关注与支持
对生命的尊重
对生命的惋惜
对生命的感慨
对生命的敬畏与惋惜
对生命的珍视
对生态恢复感到欣慰
对生态环境影响的担忧
对生态环境改善的感慨
对生态系统的哲学性解读
对生态系统的隐喻担忧
对生者的祈愿
对男子生还表示震惊
对画面震撼感的赞叹
对疫情下环境变化的感慨
对疫情信息的误读与夸大
对疫情失控的震惊与同情
对疫情扩散的震惊
对疫情极端行为的联想
对疫情的愤懑
对疫情的担忧
对疫情输入的担忧
对症下药才是良方
对监护责任的讨论
对监管人员追责问责
对监管的不信任
对监管部门追责问责
对相关企业追责问责
对真实事件的反映
对真实地震事件的夸大传播
对真实性讨论
对真实罚单模板的恶搞拼接
对真实避险行为的误导性剪辑
对示威活动中防疫缺失的担忧
对社会分歧的担忧
对社会治安状况的担忧
对社区互助精神的赞扬
对祖国的热爱
对祖国的爱
对祝融号成就的评价
对神明缺乏敬畏将招致灾难
对种族歧视行为的讽刺与不满
对科学合理性的质疑
对科学家遇害的惋惜与震惊
对科学研究的误读传播
对科比家庭的哀悼与祝福
对移动、联通、电信三大运营商的批评
对空间拥挤影响躲避的讨论
对突发事件的关注
对窑洞安全的讨论
对类似行为追责
对系统性种族歧视与警方暴力的控诉
对罕见疾病的误解风险
对美国执法现象的批评或讽刺
对美国的指责
对美的老总被劫持不实视频的混淆
对老人的同情
对老人行为的责任讨论
对老人遭遇的同情
对老年人处境的心痛与同情
对老年患者被放弃的担忧
对考古信息的误传或虚构
对考拉的同情
对聚集性传染病例的大规模就诊应对水平
对肇事者的谴责
对肇事者追责的诉求
对背后利益链条的批判
对腐败现象的批评
对自己不负责
对自己不负责对孩子更不负责
对自然力量的警示
对自然回归的幽默评论
对自然景象的赞美与感怀
对自然灾害中普通民众的同情
对自然灾害的关切
对自然灾害的担忧
对自然灾害的敬畏
对自然灾害的无奈
对自然灾害的无奈情绪
对自然的尊重对生命的敬畏
对自然的敬畏
对自由主义的批判
对舞者身份真假讨论
对航空安全的不满情绪
对英雄的深切哀悼
对英雄的缅怀
对莱茜·布朗宁的内部调查
对蒙古国人民善良的赞誉
对蒙古国人民诚信的赞誉
对蒙古国的感谢与点赞
对虎啸声的震惊
对虚构情节的情感共鸣
对行车速度的关注
对袁隆平院士的悼念
对被继承人尽主要扶养义务的人可适当分得遗产
对视频中某行为的赞赏
对视频真实性的怀疑
对视频真实性的质疑
对解释合理性的广泛争议
对解释的讽刺性质疑
对警方行为的支持立场
对话协商化解分歧
对话协商解决争端
对该事件的戏谑态度
对该事件的评论
对该事件的评论内容
对该行为不满
对调查透明度的质疑
对贝贝的心疼与敬意
对财产损失的关注
对责任人认定的言论
对责任追查的严肃诉求
对货车超载的讨论评论
对货载人员合规性的质疑
对贫困地区社会秩序的担忧
对贫困问题的延伸议论
对赃物价值的调侃
对资源开发与科技发展的对比
对资源接连发现的关注
对赔偿金额的看法
对赔偿金额的讨论
对赔偿金额的质疑
对赛事安全的质疑
对超级英雄电影元素的调侃
对跟踪选项缺失的困惑
对路易斯实施安乐死
对路边一辆电动车盗窃
对跳楼机的恐惧
对身份认同的质疑
对车厢数量真实性的质疑
对车速鉴定结论有异议者
对轻生行为的不理解
对轻生行为的讨论
对辅警暖心行为的敬意
对边境墙政策不满
对过度修复的质疑
对过度繁殖的控制
对过往视频的误传
对违停车辆依法贴单处罚
对违反中国法律的外国人应依法处理
对迷信行为的批判
对逃生场景惊险的感叹
对选手行为的批评
对通信服务套路多的不满
对通信行业影响担忧
对通信行业影响的担忧
对逝者哀悼
对逝者的悼念
对遇难农民工的哀悼
对遇难工人的哀悼
对遇难者的同情言论
对遇难者的哀悼
对遇难者的敬意
对遇难者的祈福哀悼
对遇难者遭遇表示同情
对邻居善举的感谢
对邻里互助精神的敬意
对邻里善举的感动
对邻里温情的感动与赞赏
对邻里温情的赞扬
对配乐的二次创作讨论
对醉酒女性使用强力制服手段是否合理
对采样方式的羞耻感
对重复作案行为的讽刺
对野猴处境表达同情
对野猴的安抚措施
对野生动物出没的担忧
对金钱豹死亡的惋惜
对金钱豹死亡的惋惜评论
对钟南山的评论内容
对银行的负面评论
对银行规定的争议
对销售服务人员的侮辱与欺骗
对防疫规定的支持
对降雨的祈愿
对隐私泄露的担忧
对霍金观点的夸大与曲解
对霸座行为的谴责
对面大货车不配合
对频繁事故发生的情绪焦虑
对风力较大加剧火势的担忧
对飞行安全的担忧
对食物安全的关注
对香港事务的权威报道能力
对马拉多纳状态的误判
对驾驶行为的困惑
对驾驶行为的惊叹
对高中生学业压力与家长期望的讨论
对高校管理者行为规范的争议
对高水位期船舶通航现象的现场记录与公众讨论
对高空抛物者的愤怒情绪
对高空抛物行为愤慨
对高等教育专业设置的误解
对鲍师傅的赞扬
对鸟类种类的猜测
对鸵鸟滑雪的调侃
对黄某文的处罚结果
对黑天鹅喂锦鲤画面的感想
对黑恶势力横行的担忧
寺庙
寺庙不允许焚烧外来香火
寺庙商业化
寺庙商业化与信仰自由
寺庙商业化乱象
寺庙商业化表现
寺庙禁止外香
寺庙禁止自带香火规定的合理性
寺庙里有没有真和尚
寺庙铜臭味
寺院都出租给专业和尚运营
寻人启事
寻子家长
寻子家长与诈骗分子的对话场景
寻子家长心理
寻子心切心理
寻找1000位科普达人
寻找1000位科普达人 荒诞的明星周边针头都有人买？
寻找孙子宇窗
寻找幸福忘记该忘记的改变该改变的
寻找有缘人一起发展未来
寻找简单的幸福
寻找管涌点
寻求专业心理帮助
寻求国际援助
寻求帮助
寻畔滋事
寻衅滋事
寻衅滋事人员常某某
寻衅滋事案
寻衅滋事罪
寻衅滋事聚众斗殴抢劫平潭一恶势力团伙被判刑@抖音小助手
寻衅滋事行为
寻记情情感主播
导弹
导弹状物体命中贝鲁特港口仓库？
导弹状物体命中贝鲁特港口仓库？大爆炸现场视频遭篡改
导弹状物体是否命中贝鲁特港口仓库
导报大财经
导热油燃点在300℃以上
导热油燃点在300℃以上应是其他原因引发燃烧
导热油起火事件
导致, 古镇被淹
导致, 项目被叫停
导致5人死亡10人受伤
导致一箱人民币散落满地
导致两人跌落被埋的事故
导致两车受损
导致严重变形
导致中国损失千亿的原因
导致事故
导致事故发生
导致事故起因
导致侧翻
导致倒挂
导致内涝
导致区域被淹
导致后脑勺着地
导致坠落
导致多人确诊
导致山下小学被冲
导致扶贫失败的原因
导致抓握困难
导致摩托车主死亡
导致无法关闭
导致无法正常住宿
导致无法看清
导致横向并排堵塞所有车道
导致民房被毁
导致沉船事故
导致洪水
导致浓烟滚滚
导致滞留
导致火葬场超负荷运转
导致灾害
导致竖立于标示柱上
导致落水
导致被困老人身体下陷
导致被困高处
导致误导性信息
导致身亡
导致身体损伤
导致车辆侧翻
导致车辆倒退
导致车辆滑向深水区
导致车辆被冲走
导致车辆被压
导致遗体被草率处理
导致铁路中断
导致防洪压力增大
导航地形相机
导航地形相机拍摄
封号
封城措施
封堵渗漏点
封堵管涌
封堵管涌任务
封堵管涌点
封山措施
封杀对象
封杀支付宝等8款中国应用程序
封杀支付宝等8款中国应用软件
封禁中国应用软件
封禁涉事者抖音账号
封锁城镇
封锁多个城镇
封锁行动
封锁警戒值
封闭场地
封面
封面新闻
封面新闻内容
封面新闻华西都市报官方账号
封面新闻账号
封面视频
封面误写为白娥
射洪
射程12800千米台专家惊呼巨浪3导弹太强大
射程覆盖全球
射鸟传统
将10种市售茶产品与含新冠病毒的液体在试管中混合
将严厉打击伤害医务人员的违法犯罪行为
将事件拍成电影
将公交车安全停稳
将公交车安全停靠
将其拖移至站台
将其拽回
将军事冲突比作表演
将刚出生的女婴丢弃于街头垃圾桶中
将北流事件关联玉林蹭热度
将受害者头部摁入河中
将另行通告
将另行通知
将在夜间进行
将天灾与历史恩怨捆绑的情绪宣泄
将女子抬走
将孙某抬走
将孩子机械化
将小狗倒地反复生拉硬拽
将展开报复行动
将履带吊称为塔吊的错误
将履带吊误标为塔吊
将山西事件与广西贺州关联
将战争娱乐化
将房价与治水对比的调侃言论
将摧毁美国经济
将来回请
将果筐砸向城管队员
将此类人拉入黑名单
将泥沙垃圾冲至路边或下水道
将洗净的衣服低价处理挽回部分损失
将派遣绍兴麻鸭群灭蝗
将消毒剂注射进人体以清洗肺部
将消毒剂用于人体内部
将消毒液注入人体, 注：关联背景信息用于理解评论
将涉事游客列入旅游黑名单
将炮火比作烟花
将狗视为行人进行处罚
将胶片拍摄的影片扫描为数字格式
将艺人病痛或私人物品商品化是否合适
将苗木直接摆放在砂场
将袭医与袭警同罪
将车安全停靠路边
将车辆安全停稳
将车骑走
将过往灾害片段以当下视角传播
将逆行出征欧洲
将遗体卸下
将遗体运往其他地区火化
尊重
尊重与规矩的重要性
尊重事实
尊重和理性表达意见
尊重大车司机职业艰辛
尊重抖音
尊重村民
尊重环卫工人
尊重生命
尊重而非怜悯
尊重自己
尊重自然、加强科技预报
尊重自然与科技预报
小V脸效果
小h公里标155.782
小两口吵架男子抛撒巨额现金这种情况能不能捡呢？在线求答
小伙反口来一句5000刀卖你了
小伙正上厕所时被地震塌房困住
小伙疑强奸保洁阿姨逃跑时坠楼重伤
小偷
小偷你罪恶呀
小偷可恨
小偷的谴责
小刘啊你这个月的房租什么时候交
小北带你看世界
小区
小区一段距离
小区保安
小区内多人诊断新冠肺炎
小区外
小区居民
小区居民在阳台悬挂国旗
小区居民自发集体悬挂国旗表达对祖国的热爱
小区排水系统有问题
小区晾衣架规范管理问题
小区物业
小区物业可能承担责任
小区管理有问题
小区门口
小区附近
小卡扣
小厂安全规范的担忧
小哥哥也很温柔
小哥哥加我下微信了解下我我很温柔的
小哥哥这个跳楼机在哪儿？
小善举 • 大能量
小型汽车皖牌车辆
小型物体
小型疑似无人机物体
小型破拆工具
小型越野客车
小型越野客车发生碰撞
小城临颍很精彩
小城大事与世界温暖相拥
小城大爱的温暖
小天
小央视频
小女孩
小女孩大腿
小女孩头部受伤
小女孩近一分钟
小女孩遭恶犬袭击事件
小学一年级在读女孩
小学三年级学生
小学生
小学生冒雪回家途中跌跌撞撞
小学生在极寒天气中步行回家
小学生头戴走神监测环可以检测上课是否走神
小学生戴上金箍监测注意力事件
小学生戴头环监控走神
小学生戴头环监控走神？这事你怎么看？浙江小学生戴头环监控走神
小学生戴金箍监测注意力：你信你上别坑孩子
小学生扶老人反被讹
小学生扶老人被讹
小学生扶老人被讹字幕视频
小学生扶老人被讹的说法
小学生清白
小学生的勇敢令人惊叹
小学生的错峰吃饭方式
小学生的错峰吃饭方式 画面的确有点不忍直视家长们估计比较心疼🤦‍♀️
小学生蒙受不白之冤
小孩
小孩上天
小孩不懂大人也不懂吗？
小孩因嫌150元太少而杀害奶奶
小孩子真的要看牢
小孩揪心大哭
小孩若在此玩水很危险
小孩被风筝尾巴缠住拉上天
小孩被风筝拉上天
小孩被风筝拉上天事件
小孩长大会报恩的
小宇
小宇家属
小宇家庭
小宇家庭筹款进行
小宇家长
小宇母亲
小宇治疗
小宇治疗总花费
小宇父亲
小宇父母
小宇病情
小宇被维生素B2治愈事件
小宇遭邻居恶狗袭击身亡
小家伙阎王不收你别怕
小屏幕·大精彩
小庆创作的原声-新大庆
小微视大邯郸
小心
小心地滑提示标识
小心驾驶安心回家
小想岭健选
小手好可爱啊[爱心]
小抖广冷版
小抖意光版
小抖音
小抖音 波波摄影工作室
小抖音·随拍
小摩擦
小时新闻客户端
小朋友
小朋友外出要跟紧爸妈
小朋友承诺踢完球赛
小朋友的请求
小李飞刀
小柯生活在希腊
小树不倒我就不倒
小格玲城道
小汽车驾驶人
小河沟
小河沟中
小河沟水位
小海豚
小燕子如何上房
小牛顿气象台
小狗
小狗累了不是这样躺的是和主人撒娇才会露肚皮
小猴
小男孩
小男孩完全沉没
小相过钱道
小窗口 大渝北 ❤️欢迎投稿❤️124338809@qq.com
小米
小米1亿美元股票
小米9
小米9无线充电
小米庄村
小红书账号1001250519
小细节解码大时政
小细节解码大时政发布的正文内容
小编笔名
小芝镇车义线与225省道交界处
小花朵儿们太难了
小英雄
小茶
小茶来辟谣
小药宅
小萌萌
小葱爱生活
小蓝
小虎
小虎得狂犬病了竟然学狗叫
小蜀宅
小蜀宅信息
小要爱生活
小记者的每次活动以及才艺展示
小赛罗与父亲的对话情景剧
小车
小车事故
小车保险杠
小车冲入夜宵摊
小车失控冲进夜市
小车实际载四人
小车突然停车事件
小车被洪水卷走
小车载着一家四口翻入河中 接下来的7分钟让人泪目
小车驾驶员
小轿车
小轿车上人员
小轿车乘员
小轿车乘员赵某
小轿车在爆炸前驶离
小轿车车主
小轿车逃生行为是否违规的讨论
小轿车逆行吧扣分不
小轿车驶离行为
小辰观万物
小辰观万物的作者简介
小震不用跑大震跑不了
小青岛来抖音发现更多有趣创作者
小颜正骨瘦脸术
小颜正骨瘦脸术推广
小鱼
小鱼游动
小鱼视频
小鲜肉
小鸟
小鸟脚趾间距
小鸟趾距
小鸡
小鹿
小鹿也要戴口罩防疫
小麦
小黄人瞪眼大赛
小黑点成因
小龙虾
小龙虾中毒
小龙虾中毒可能引发胃肠道反应
小龙虾产地安全
小龙虾体内
小龙虾体内含有寄生虫
少为人知
少作为秒呀
少儿情商口才讲师
少吃
少吃点吗耍到的吃炒酸菜吃
少年
少年嫌零花钱太少 持斧头砍伤奶奶还挑衅警察
少年扶老人事件
少年无知啊小年轻人太冲动了就像当年我的性格一样
少数一线大厂的电竞部门
少数声音
少数支持性评论
少数族裔受害事件
少数正面评价
少数民族地区千年无癌
少数评论
少数质疑观点
少管事、少转发会弄巧成拙
少管所改造
少量互动
尖锐晶体
尖锐铁栅栏
尘埃
尘封记忆被重新拾起
尘雾
尘雾现象
尚不明确
尚带血未剪断
尚待相关部门处理
尚待相关部门调查
尚待进一步调查
尚无定论
尚未佩妥剑转眼便江湖愿历尽千帆归来仍少年……
尚未判决
尚未发现零号病人
尚未完全建成的大殿
尚未完工的特朗普边境墙
尚未完成
尚未开始
尚未找到当事人
尚未明确身份的和尚
尚未最终确认是否为东北虎
尚未确认动物种类
尚未通报
尚浅
尝试劝说
尝试意愿
尤文U23队合练
尤文U23队被集体隔离
尤文图斯全队隔离
就业
就业情况良好
就像火山爆发
就医体验
就医停车困难
就和过年放炮仗一样
就在你身边
就对了
就差点拉横幅抗议了
就差谷种没吃
就怕这些黑商家
就想知道用了膨大剂的樱桃能不能吃？有什么害处？
就我一个人想问挂在哪里了？
就挖出来几块石头
就是你上面写的凌波北仑静海我记得那里是哪个地方？
就是你上面写的那个地址宁波北仑镇海
就是图一乐
就知道拍
就让快乐更简单
就诊时间
就近医院
就这水平也能上班
就这？特朗普再被打脸美墨边境墙被飓风刮倒一大截
就问你服不服
就餐人员被撞飞
就餐人群
就餐顾客受惊尖叫
尴尬
尴尬特朗普演讲背景的总统徽章居然是假的
尸体堆积
尸体已打捞均为成年人
尸体未找到后被打捞
尸体爆满状况
尹某
尹某、尹某二、夏某某、刘某
尹某二
尹某某
尼加拉
尼尔基水库
尼斯湖水怪
尼日利亚
尼日利亚等地
尽快查明真相
尽管伤势明显
尽管已感染新冠
尽管已被辟谣
尽职好司机遇到热心市民
尽量使用84消毒液
尾号9528的账户收到1000.00元收入
尾巴形似菜叶
尾灯都看不见
局势
局部地区
局部多车碰撞
局部多车碰撞事故
局部夸大渲染成分
局部性看法
局部特大暴雨
局部积水场景
局部虚假或夸大信息
层层走过场
层数更多、有模有样
居住国外的素质
居住安全问题
居住环境
居家令
居家未出
居家隔离7至14天
居无定所
居民
居民使用酒精消毒
居民使用酒精消毒操作不当
居民关切
居民区
居民区安全距离关切
居民区酒精消毒引发爆炸说法
居民厨房火灾
居民因疫情期间闲逛公园被拦截
居民家中财物
居民家失火
居民张某某
居民张某某实施推搡、拖拽等殴打行为
居民恐慌
居民拍摄
居民撤离
居民楼
居民流离失所
居民用酒精消毒不慎导致爆燃
居民被强制背诵防疫手册事件
居民财产损失情况
居民购房时
居民蹚水转运物品
居民转移物资情况
居民遭遇异常情况
居然之家广州店家居馆副经理詹前杰
居然没被广东人打下来吃掉
屈臣氏商店
屋内人员
屋内整洁情况
屋宽不如心宽
屋檐瓦片的坡度
屋檐距离
屋脊间距和坡度
屋顶
屋顶600年来无鸟类停留
屋顶倾斜角度大
屋顶无鸟粪
屋顶脊兽
屋顶表面
屏幕录制
屏幕镜像提示
展开式折叠刀
展开抗洪抢险救援
展开折叠刀
展开救援
展开热议
展开状态
展开的折叠刀
展沟南圩
展现教师守护学生
展示中药与中医智慧
展示巨浪-3型导弹
展示巨浪-3是为震慑美国
属于, 文本描述事件
属于, 食物消耗事实
属于不得已泄洪原因
属于个人特质
属于事实描述
属于事故结果
属于信息偏差
属于信息失真类假新闻
属于信息混乱
属于信息缺陷
属于信息错误
属于假新闻
属于医疗评估
属于夸大事实
属于夸大成分
属于夸大或不准确表述
属于夸大或虚构
属于夸大误导
属于嫁接拼接
属于情境失真
属于意外避灾
属于拼凑编造
属于推测
属于放生祈福活动
属于政策争议问题
属于文本声称内容
属于文本描述内容
属于无继承人状态
属于未经核实信息
属于未经证实信息
属于李女士财产
属于标题党误导
属于标题吸引眼球
属于正当防卫
属于正规新闻报道范畴
属于现场状态
属于用户反馈
属于真实事件
属于真实信息
属于真实新闻
属于真实新闻事件
属于真新闻
属于真新闻被恶意扭曲传播
属于网络传播虚假信息
属于网络虚构或夸张类假新闻
属于虚假信息
属于虚假信息传播
属于虚假信息判断
属于虚假信息推论基础
属于虚假新闻
属于虚假标签
属于虚构
属于虚构信息
属于虚构内容
属于虚构情节
属于虚构或夸大事实的假新闻
属于虚构或摆拍卖弄
属于虚构描述
属于虚构角色
属于观点表述
属于评论观点
属于误传
属于误导性信息
属于误导性表述
属于误植
属于调侃性描述
属于财产损失
属于违规行为
属于错误信息
属于非科学建议
属你皮
属冬藏之蛇 乐观开朗 有幸与你相识于抖音 感谢有缘人的点赞及关注
属地为内蒙古通辽
属实
属实信息
属实性
属实新闻事件
属性
属真实新闻
属真实新闻事件
属真新闻
属精准通行
屡教不改印度新冠死者又遭侮辱尸体被直接扔进挖斗舆论哗然
履带吊
履带吊不是塔吊
履带吊侧翻
履带吊侧翻事故
履带吊倒塌事故
履带吊倒塌瞬间
履行个人义务时尊重他人权利
山上存不了水
山上的猴子由于疫情封山连续5天没游客投食
山东
山东一女子不满鸣笛电动车怒别大货车 结果悲剧了
山东临沂平邑某小区一姑娘从阳台直接漏下去了
山东交警违法处理系统
山东交通广播
山东人不会说但会做
山东人朴实、仗义、热心公益精神
山东共青团官方账号
山东农科频道
山东单县
山东单县区政府大街与西关路路口
山东单县县政府大街与西关路路口
山东南部网友转发助力寻亲
山东卫视
山东商报官方账号
山东威海
山东威海小学生错峰吃饭
山东威海海市蜃楼现象
山东平邑女子从阳台漏下
山东平邑某小区一女子从楼上阳台漏下去
山东平邑某小区一女子竟然从楼上阳台直接漏下去了
山东广播电视台农科频道一切为了群众官方账号
山东德州
山东德州夏津
山东德州夏津一名女子
山东德州夏津一名女子轻生
山东德州夏津公安
山东德州夏津县
山东德州夏津县254省道北城街道纪庄村附近
山东德州夏津女子别停大货车事件
山东德州夏津女子骑车危险行为
山东德州夏津骑车女别停大货车
山东德州方某洋
山东德州方某洋案
山东德州方某洋遭婆家虐待致死案
山东教育卫视融媒体传播平台
山东新闻网
山东昌盛矿业
山东泰山岱顶
山东泰山岱顶电闪雷鸣
山东济南历下区泉城路西门
山东淄博
山东淄博恒大林溪郡6楼
山东滕州发生一起4人死亡的惨烈车祸
山东滕州龙泉路
山东滨州邹平市人民医院
山东潍坊
山东潍坊一塔机安装作业时发生事故 致3死2伤
山东潍坊在建大楼倒塌
山东潍坊城投奥文公馆建筑工地
山东潍坊职业学院滨海校区塔机事故
山东潍坊职业学院滨海校区（二期）项目4号楼
山东潍坊胜利街与潍州路交叉口
山东烟台铁姆肯公司
山东男子甲某
山东男子甲某欲用艾滋病毒针扎人事件
山东省委
山东省委、省政府相关领导
山东省委、省政府领导
山东省平邑县某小区
山东省政府
山东省枣庄市市中区西王庄镇洪村
山东省潍坊市
山东省潍坊市北海路樱前街
山东省潍坊市风筝节
山东省重点新闻网站
山东省高唐县
山东省高唐县一起事件
山东省高唐县人民法院
山东等地此前的强降雨事件
山东综合广播 SDR
山东聊城
山东聊城一单位宿舍
山东聊城一馅饼店女员工
山东青岛宋大娘
山东青岛平度市同和街道
山东青岛平度市同和街道一处社区门面房附近
山丹县融媒体中心
山体塌方
山体崩塌
山体崩塌实际未发生
山体滑坡
山体滑坡 惊险 澄江观察
山体滑坡事件
山体滑坡事件属实
山体滑坡事故
山体滑坡掩埋
山体滑坡救援
山体滑坡新闻
山体滑坡灾害
山体滑坡现场
山体滑坡现场画面
山体滑坡的吹哨人发现一条裂缝救下全村人 为你点赞
山体滑坡隐患
山体滑坡隐患报告
山区
山区学校受损
山围杀妻案
山围杀妻案描述内容
山围杀妻案相关事件描述
山围杀妻案相关描述
山围杀妻案真实发生
山土碎石
山城今年洪灾多
山头
山头上
山头观战事件
山头观看军事冲突
山村老农
山村老农毕业于农业大学79010专业
山梨县
山洪
山洪事件
山洪事件中
山洪事件后
山洪冲击
山洪夹带大量泥浆
山洪暴发时间
山洪泥石流灾害
山洪泥石流灾害事发地
山洪涌入村庄瞬间
山洪灾害
山洪爆发
山洪爆发致45车153人被困
山清水秀
山清水秀等正面评价
山清水秀绿树成荫
山火
山火对考拉种群影响
山火对考拉种群造成严重威胁
山火蔓延400米
山竹台风
山竹台风来袭期间
山竹带来的不仅有风有雨还有钞票
山竹强度惊人
山竹来袭
山西
山西 壶口瀑布 开放
山西侯马
山西侯马市汇滨街北段南西庄村东门
山西侯马市汇滨街北段南西庄村东门附近一家商铺
山西保德同舟煤矿
山西保德同舟煤矿在露天采区挖出大量黄金
山西保德同舟煤矿挖出大量黄金
山西借助资源优势实现发展腾飞
山西发现价值160亿元的金矿
山西发现价值近160亿金矿
山西发现大面积金矿山西是要腾飞了么
山西发现超50吨金矿
山西发现超50吨金矿价值近160亿
山西吉县壶口瀑布景区
山西吉县壶口瀑布景区无关
山西吉县黄河壶口瀑布景区
山西同舟煤矿
山西同舟煤矿挖出大量黄金
山西同舟煤矿挖出大量黄金事件
山西忻州一面包车与大货车相撞致4死
山西忻州市繁峙县
山西忻州市繁峙县发现的金矿
山西是否将实现经济腾飞
山西晚报官方视频
山西晚报官方视频相关内容
山西煤矿挖出大量黄金
山西牛逼
山西省历史累计查明黄金资源量
山西省忻州市繁峙县砂河镇义兴寨村
山西省忻州市繁峙县郝家湾村
山西省现有保有量的2倍
山西省近几十年来金矿地质找矿的重大突破
山西省金矿勘查具有重要指导意义
山西省首个新类型大型斑岩型金矿
山西运城一马戏团
山西运城某加油站
山西运城马戏团老虎咬人事件
山西近几十年来取得的又一次重大突破
山西金矿储量最大的县
山西闻喜县
山西闻喜县13岁男孩
山西闻喜县13岁男孩被马戏团老虎咬伤
山西闻喜县13岁男孩被马戏团老虎咬伤事件
山西闻喜县一马戏团
山谷腾起浓烟
山路险峻问题
山青社区报 通州分社
山青网
岗位
岛民岛报岛生活
岩昌
岭南美玉 耀世启航
岳州地理
岳母
岳父母
岳阳
岳阳15岁少年持斧砍伤奶奶事件
岳阳一名15岁少年
岳阳一名15岁少年持斧头砍伤奶奶
岳阳市江豚保护协会
岳阳日报
岳阳河
岳阳河中发现遗体
岷江、青衣江、大渡河三江汇流处
岸上围观群众
岸边地面被炸出巨大圆形坑洞
峨眉山
峨眉山一公交司机在下山急转弯时把自己甩出来了
峨眉山公交车司机
峨眉山公交车司机在急转弯时被甩出
峨眉山公交车司机把自己甩出去
峨眉山公交车的某个司机
峨眉山公交车的某个司机在下山途中急转弯时不晓得咋个把自己甩出来了
峨眉山猴子事件
峨眉山猴群因断粮下山堵路事件
峨眉山的猴子
峨眉山的猴子下山堵路乞食事件
峨眉山的猴子因疫情封山连续5天无游客投食饥饿难耐倾巢下山堵路乞食就差点拉横幅抗议了
峨眉山的猴子由于疫情封山...
峨眉山的猴子由于疫情封山连续5天没游客投食倾巢下山堵路乞食就差拉横幅抗议了
崇左市龙州县
崇左群众
崇高敬意
崔副镇长
崔女士
崔女士提起的诉讼
崔小花
崔某
川 A: IZ ! 6771 NCG7728 01128 SCG7728
川军医疗队
川剧变脸
川崎市附近海域
川建国同志
川报观察
川报观察作者
川江都市报官方账号
川航某航班
川航航班挡风脱落
川航航班挡风脱落事件报道
川观新闻APP
州县领导
州感染病人集体跳海特朗普痛哭
州长或总统
州长或总统决定
巡场镇白岩村路段
巡护监测
巡查
巡特警
巡航导弹
巡逻值守
巡逻宣传
巡逻小组
巡逻搜寻
巡逻民警
巡逻特警
巡逻警车
巡逻队
巢湖发布
巢湖市怎么样了
巢湖市柘皋镇
巢湖市柘皋镇防汛救灾指挥部
巢湖柘皋河
巢湖柘皋河水位上涨
巢湖水倒灌
工业加工过程
工业品市场二期
工业漆产品价格询问
工业漆生产与销售
工业漆生产与销售厂家
工业火灾
工业用漆
工人
工人夫妻俩
工人夫妻俩死亡
工人安危
工人安危担忧
工人带明火施工
工人带明火施工引燃井内积聚的沼气导致爆炸
工人挖隧道竟然挖到暗河那边去了
工人施工引燃沼气炸飞井盖
工人身体
工作
工作专班
工作人员
工作人员发放馒头安抚野猴
工作人员受伤
工作人员开出去装大款
工作人员忘记系绳索
工作人员未在现场
工作人员行为
工作人员身上
工作微信号
工作磨合与压力
工作组
工作联系方式
工作要做到被饭催而不是等吃饭这样才及格
工信部目录
工农兵学商
工农路
工区出问题
工厂
工厂内当时至少有8人在岗
工厂车间爆炸
工厂选址安全问题
工友们注意安全安全第一
工地
工地为公租房项目
工地塔吊倒塌
工地要人做电焊工、扎钢筋都有
工本费10元
工省
工程勘察技术
工程机械
工程质量问题
工程车辆
工艺品之都
左侧沟内
左右开棍
左手右手一个慢动作
左手多处切割伤
左手拿斧右手拿刀砍伤奶奶后扬言要自杀……
左晨
左桡骨远端骨折
左股骨、左侧腓骨、右侧胫骨
巧妙缓解尴尬
巨响
巨响现象
巨型引水口
巨型老虎
巨型龙卷风突袭黑龙江：强对流天气有何特点该如何防范？
巨型龙卷风袭击
巨大伤害
巨大压力
巨大反差
巨大圆形坑洞
巨大声响
巨大撞击坑
巨大爆炸
巨大经济损失
巨浪-2
巨浪-2有全面升级
巨浪-3
巨浪-3发射体现不战屈人之兵的东方智慧
巨浪-3发射纪实
巨浪-3发射试验
巨浪-3型导弹
巨浪-3型导弹部署
巨浪-3型潜射弹道导弹
巨浪-3型潜射洲际导弹
巨浪-3型潜射洲际导弹试射
巨浪-3导弹
巨浪-3导弹威慑力足以震美
巨浪-3导弹相关信息
巨浪-3性能
巨浪-3成功发射事件
巨浪3型导弹
巨浪3型导弹发射画面
巨浪三出了
巨浪三出了证明巨浪四在研发中
巨浪四在研发中
巨石滚落
巨石阵
巨野县融媒体中心
巨额费用
巨额钱财
巨鹿频道
巨龙
巩固化肥农药使用量负增长成果
巫师
巫师作法抓新冠病毒
巫师手抓新冠病毒
巫师施法抓病毒
巫师施法抓病毒后感染
巫师施法抗疫
巫师活捉病毒
巫师表演
巫师被感染
巫师通过表演方式施法抓病毒
巫师：靠这个病毒太厉害还把我反噬了
巫素珍
差2度就可以放假了
差一点就撞上了
差评风险
已上市
已上市的妻子机器人
已不复存在
已从安徽漂至南京
已关注相关舆情
已到案
已及时清理并恢复
已处理未缴款
已完成疫苗接种的游客
已完成疫苗接种者
已对涉事僧人进行批评教育
已成功捕获
已打捞上岸
已抓获5名嫌疑人
已报警
已排除他杀可能
已提出离职的员工
已搜救出22人
已无义务相互扶持
已无大碍
已无生命体征
已无生命危险
已无生命迹象
已曝光
已有积水
已气化
已治愈
已消失
已淹没
已电话提醒车主
已疏散人员
已疏散人员总数
已直杀死
已确认
已确认为真新闻
已确认事故
已确认伤亡情况
已立案
已组织学生转移
已组织安全转移
已经十多天没有出门
已经去世了
已经辟谣了 不是德州夏津的
已经辟谣了啊官方媒体挂这个？
已经辟谣了好像没有这回事
已经辟谣了怎么还播
已经辟谣了这个是求婚的
已经辟谣了重庆餐饮船
已经辟谣报警了
已致4人死亡
已获救
已被戒严表述
已被扑灭
已被核实为虚假信息
已被证伪的网络传言
已被隔离
已证实为假新闻
已证实假新闻评论
已证实的真实事件
已辟谣
已辟谣是打架所致
已送医儿童
已预订门票的游客
已首杀死
巴中
巴中东站
巴中交通改善
巴中方言
巴中方言表达中
巴中进入高铁时代
巴基斯坦
巴基斯坦F-16战机
巴基斯坦国庆日阅兵式
巴基斯坦日阅兵
巴基斯坦日阅兵低空飞行彩排
巴基斯坦空军F-16A战斗机
巴基斯坦空军F-16战斗机
巴基斯坦空军发言人
巴基斯坦蝗灾治理
巴彦
巴彦淖尔日报社官方抖音号
巴拿马籍货船
巴拿马籍货船沉没
巴拿马籍货船沉没事件
巴西一大巴坠下15米高大桥致至少16死27伤
巴西一辆大巴从15米高的公路桥上跌落
巴西东南部米纳斯吉拉斯州
巴西消防部门
巴西米纳斯吉拉斯州
巴西重大交通事故
巴适满堂美蛙鱼头火锅店
巴里
巴里与多萝西
巴里是聋哑人
巴金德父子
巴铁蝗灾肆虐中国：敢动我兄弟？浙江10万鸭子请求出战
巴黎
巷口求救
市、区两级应急部门
市、县公安机关
市中医院丁桥院区
市中心地下本就多宝贝
市刑侦队长：刘正龙
市区
市区两级党委政府
市区惊现大型墓群
市区街道被淹
市南区
市县野保部门实地调查
市售消毒水
市售茶类产品可显著降低新冠病毒传染力
市场
市场上
市场受淹
市场监管局
市场监管部门
市场监管部门调查
市场销售记录
市容整治
市容整治行动
市容环境整治
市容环境整治行动
市指挥部
市政人员用挖掘机处理新冠死者遗体
市政广场
市政护栏工程
市政部立即安排设立围挡在施工单位没到之前一直用电动车挡着如皋正能量
市民
市民受伤
市民围观
市民抢钱画面
市民拍摄唱歌视频
市民捡钱现象描述
市民涉水出行
市民温暖互助
市民献血行为
市民素质高
市民紧急撤离
市民评论
市环境保护局
市相关部门
市级公共租赁住房房源信息
市级骨干教师
市面上mianshan红村香山等樱桃
市面上销售的消毒酒精
布拉德·豪格利
布拉德·豪格利 指挥
布拉瓦导弹
布毯接应
布满泥沙
布缠绳子绑石头
帅
帅哥找担心你家怎么样？愿你平平安安
帅哥晚上好评论
帅哥注意安全
帆布
帆布条
师傅你好
师傅你好评论
师傅带徒弟
师傅早日康复
师兄【诉讼君】
师哥好久不见 哈哈 咱们见过吗
师晓莉
师林悦
师生
师生1100余人
师生29人
师生出色的应对能力
师生均平安
师生安全转移
师生平安
师生应对地震
师生心理健康教育
师生排队悼念霍金
师生撤离瞬间
师生有序应对
师生有序应对地震的实际情况
师生有序撤离的过程
师生表现
师生避险
师生避险行为为教科书式自救
希拉里造成
希望
希望一切平安无事
希望不是疫情回国而是真心真意回来建设
希望不要再有伤亡了
希望不要去视频教教就行了
希望世界和平[祈祷]
希望严惩抛物者
希望人平安
希望人平安无事
希望人没事
希望人没事的关切
希望他们好运
希望他们穿越了还会回来
希望他们都没事
希望以后对农民好点
希望会蜕变不一样的我加油
希望你们都平安[爱心]
希望你们都没事
希望保护好这位曾为国做过贡献的伟大女人
希望保险公司不赔付
希望全球参与灭火
希望再来更猛烈的台风
希望再来更猛烈的台风言论
希望受灾地区早日恢复正常生产生活秩序
希望四川平平安安
希望境外回来的都隔离28天
希望大家平安无事
希望孩子们都平安
希望孩子平安健康成长评论
希望它们平安上岸
希望宝贝早日康复
希望岛国消失
希望帮助孩子找到父母
希望平安
希望平安无事
希望意大利能尽早走出困境🙏🙏
希望我们广西每个市都有机场评论
希望我爱的和爱我的都幸福快乐
希望我的家乡早点好起来
希望所有人都平安无事
希望所有消防员出任务都一定要平安归来
希望揭示罗斯威尔事件
希望查出起火原因
希望每天都能看到沈大师
希望没有人受伤
希望没有人员伤亡
希望没有伤亡
希望没有伤亡🙏🙏🙏@抖音小助手
希望没有伤人
希望洪水早日退去
希望洪水早点退去
希望渔民安全回家
希望疫情早点过去
希望能除去瘟疫
希望表里如一
希望这个人是我老公
希望那个人可以早日康复回来
希望都平安
希望都平安无事—在那里的中国人
希望都平安无事—在那里的中国人评论
希望钓鱼的朋友千万注意
希腊通过污水检测估测新冠感染人数
帕尔马省医生
帕尔马省医生Gal Peleg
帕特尔
带你一同打抱不平
带你一起发现铁岭、爱上铁岭
带你看大千世界一部手机制作视频+短视频运营
带你解闷涨知识的课余专家
带你领略神奇的大自然有趣的动物喜欢的话就关注一下呗
带劲
带哭腔求助
带回处理
带回里浦派出所
带头者
带有创意性质的广告
带有娱乐性质的虚假或误导性信息
带有月亮圆的图片
带有种族倾向的言论
带有美军军徽的老式轰炸机存在于月球
带有讽刺意味的评论
带来感动与快乐的和谐平台
带病坚持工作
带病坚持工作调侃言论
带虫的烤青口
带血针头
带讽刺意味的评价
带货联系方式
带路人员
带鱼
带鱼被捕后立即死亡的说法
席地而睡
帮助他人
帮助家庭
帮助有需要的人
帮助渠道
帮助病人减轻痛苦
帮女郎热线
帮女郎热线027-87333333
帮帮团
帮帮团爆料
帮我也P个图
帮报警吧
帮视频
常州
常州一厂房发生火灾
常州一塑料厂发生火灾
常州一工厂发生火灾
常州一工厂发生火灾现场浓烟滚滚
常州一车间发生火灾现场浓烟滚滚
常州市公安局
常州市公安局通知
常州市千帆塑业有限公司
常州市千帆塑业有限公司生产车间
常州市奔牛镇奔南社区
常州市奔牛镇奔南社区厂区
常州市溧阳市中关村某有限公司一车间
常州广播电视台
常州生活服务云平台
常州第一门户网
常年食用天然食物
常德地区
常态
常某某
常理
常见物理现象
常见网络误解与谣传
常见评论内容
常规标准
常规考古发现处理流程
常言说：好虎架不住一群狼这就叫好豹架不住一群狗
常识
幕墙龙骨型材
干他
干出中国言论
干出中国评论
干嘛要去隔离啊
干得漂亮
干得漂亮言论
干扰侦查工作并触犯法律
干扰信息
干扰儿童活动
干扰老年人锻炼
干旱导致适宜产卵环境
干的漂亮
干道中断
干部、救援队、志愿者等约400人
平凡的人不平凡的爱为你们点赞
平凡的壮举
平凡的英雄
平凡而伟大
平南大桥
平南大桥深夜发生跳桥事件
平南大桥跳桥事件
平南高速贵港段发生车祸致四死
平台功能问题
平台成功转移矛盾
平台投诉机制解决出餐慢问题
平台新秀
平台用户
平台管理缺位
平台管理问题
平台规则不合理
平台责任争议
平均海拔3000米的阿尔卑斯山
平天湖
平天湖水域
平天湖水环境安全
平天湖禁渔期存在违规垂钓现象
平天湖违规垂钓事件
平天湖违规垂钓劝导工作
平天湖风景区
平天湖风景区行政执法分局
平天湖风景区行政执法分局X6341三大队七中队
平天湖风景区行政执法分局X6341三大队七中队中队长
平安
平安、理解与忍让
平安出行环境
平安守护
平安就好
平安归来
平安是福🎀
平安朝阳
平安的庆幸
平安祈愿
平安祈愿内容
平安祝福
平安藤县
平安转移
平安重庆警情通报
平平安安
平平安安[祈祷]
平平安安、健健康康最重要
平平安安祈福留言
平度市人民医院
平度市融媒体中心
平时在超市花钱买的橘子来橘子洲免费摘哦
平昌是否设站
平江县公安局防暴特警大队
平江县第四人民医院
平江县第四人民医院作出
平流层高空跳伞
平流层高空跳伞与太空返回的概念
平潭县人民法院
平潭县人民法院审理
平潭司法机关
平潭司法机关依法打击黑恶势力典型案例
平潭综合实验区公安局局长
平潭警方
平潭警方最近打掉了一个涉恶团伙
平稳
平邑县
平阳镇
平静海面瞬间变成世界末日
年关将至愿平安
年前
年华易逝 却不负时光
年底劳资纠纷有关
年底劳资纠纷猜测
年度最佳加油站员工
年度最佳喜剧大片：临死前的疯狂
年轻乘客
年轻乘客行为
年轻乘客被判处4个月刑罚
年轻人
年轻人因踩上湿滑白漆面滑倒致死
年轻人心理压力问题
年轻人死亡事件
年轻人滑倒
年轻人滑倒事件
年轻人生活压力
年轻人踩上斑马线白漆面滑倒
年轻创客教练
年轻夫妇
年轻夫妇在茂名市民政局办完离婚手续
年轻夫妻将刚出生女婴遗弃垃圾桶丈夫：想生儿子愿望破灭
年轻女子
年轻店员
年轻消防战士牺牲表达崇敬
年轻消防战士牺牲表达惋惜
年轻生命逝去
年青要懂事懂事还年青
年龄、身体状况和床位等现实因素
年龄不一致
年龄关系
年龄大了不适合带孩子
并
并不存在
并争取技术支持与应急物资配备
并入
并出现抽搐
并分享类似经历
并奋力挣脱
并引发关注
并感叹太危险了
并手持斧头挑衅警察
并提供时间、地点、详情及电话
并放置物资于座位上
并未发生卡桥
并自行扑救
并被埋
并转移至空旷区域
并送医
并送往医院救治
并附话题满意服务十分信赖
并非加油站爆炸
并非单纯打游戏
并非如此悬乎
并非所有父母具备基本人性与责任感
并非火神山医疗队
并非灵异事件
幸好我们从来不吃
幸好桥上没车没人
幸存
幸存男子
幸存者
幸无人员伤亡
幸灾乐祸
幸灾乐祸内容
幸灾乐祸态度
幸福是干出来的
幸福生活是奋斗出来的
幸福里趣石房
幸运
幸运天宫
幸运天宫 这样的场景貌似在梦里见过太美了😍😍😍
幸运感叹讨论
幸运的人家积德嗯
幸运还是不幸
幼儿
幼儿园在读男孩
幼儿园老师
幼儿就地避险
幼儿求抱抱情节引发
幼童被卡事件
幽灵作祟
幽默
幽默[赞]
幽默回应
幽默拟人化讨论
幽默表达动物受热风险
幽默讽刺
幽默配音
广东
广东 关注
广东一正规肉联厂洗白病死猪：给钱就行
广东一路边现男弃婴 孤零零躺在纸箱里 旁边还有一罐奶粉
广东东莞
广东东软学院
广东东软学院老师
广东中山一家马自达4S店
广东佛山
广东佛山一名男子
广东佛山一名男子夜行300余公里杀害妻子并焚车潜逃
广东佛山合谊肉联厂
广东佛山顺德大良一工业区厂房
广东佛山顺德大良一工业区厂房火灾
广东台今日关注
广东台今日关注公众号
广东尤其是潮汕地区居民
广东居民在水位足有半人高的家中煮饭
广东居民在水位足有半人高的家中煮饭相关文本
广东广州越秀区远洋宾馆附楼一家肠粉店
广东广播电视台DV现场官方账号
广东广播电视台公共频道
广东广播电视台公共频道DV现场栏目
广东广播电视台官方新媒体平台
广东广播电视台触电新闻上海频道
广东惠州客家人
广东日报大洋网
广东普宁
广东普宁一男子
广东最新就业资讯、优质岗位推荐
广东最有钱家族之一
广东某地
广东某地下水道沼气爆炸事件
广东汕头
广东汕头一家珠宝店
广东汕头发生金店抢劫事件
广东汕头工地塔吊建材滑落事故
广东汕头市中山路某商场一楼黄金专柜
广东汕头某工地
广东汕头某珠宝店一楼黄金专柜
广东汕头派出所
广东汕头清扬派出所
广东汕头珠宝店抢劫事件
广东汕头金平区一家珠宝店
广东汕头金平区珠宝店抢劫事件
广东汕头金店抢劫事件
广东深圳
广东清远
广东湖桃
广东湛江
广东湛江某宵夜店
广东珠海
广东珠海金湾区沿海
广东电白林头人
广东电视台
广东省佛山市南海区里水镇
广东省佛山市顺德区杏坛镇麦村七滘工业区
广东省佛山市顺德区杏坛镇麦村七滘工业区一仓库
广东省发来贺电
广东省房协专家委员
广东省消防救援总队
广东省湛江市吴川市
广东省湛江市吴川市人民东路
广东省肇庆市高要区南岸一派出所门口
广东省肇庆市高要区南岸一派出所门口持刀劫持人质案件
广东省茂名市电白区霞洞镇正街
广东省茂名市电白区霞洞镇正街一商铺抢劫案
广东省茂名市电白区霞洞镇正街一金店抢劫案
广东石油化工职业技术学校后山
广东等地
广东等地在新冠肺炎疫情防控过程中是否存在针对非洲人的歧视性做法
广东茂名
广东茂名一商铺
广东茂名一商铺外墙
广东茂名一商铺广告牌掉落砸中老人
广东茂名一超市
广东茂名广告牌掉落事件
广东茂名抢劫金店两男子已落网
广东茂名火灾
广东茂名火灾事件
广东茂名蒙面歹徒抢劫金店现场画面曝光
广东连日暴雨
广东连日暴雨导致积水严重连平县村民在家中淡定吃饭吃出了泡脚的悠闲感
广东长时间未降雨
广东韶关
广东韶关一商铺广告牌
广东韶关一商铺广告牌坠落
广东韶关某商铺广告牌
广为人知
广交天下朋友
广元
广受关注的新闻事件
广告
广告主角车型
广告信息
广告公司
广告内容
广告创意主题
广告堆砌或机器生成内容
广告引流信息
广告性语句
广告性质
广告植入
广告牌
广告牌下
广告牌从一连串商铺上方整体坠落
广告牌坠落事件
广告牌坠落涉及商铺
广告牌掉落
广告牌掉落致人受伤
广告牌突然砸落致过路老人被压
广告牌脱落事件
广告设计从业者
广告语
广大交通参与者
广大交通参与者举报
广州
广州Cacira 91
广州一商厦
广州一商厦火灾
广州一商场内男孩拽拉商铺展示模型致其倾倒
广州一地下车库被淹近400台车受损物业：赔偿是不可能的你们可以去告
广州万科金域华府地下停车场
广州万科金域华府地下停车场被淹事件
广州人关注的广播电台FM96.2
广州从化车友会会长
广州会出吗？你猜会多久？
广州加油
广州医科大学附属第二医院梁睿副主任医师
广州南沙港快速路
广州南沙港快速路一处路面
广州南沙港快速路发生地陷路面出现面积约7平方米的大坑提醒途经车辆注意安全
广州南沙港快速路发生坍塌
广州南沙港快速路地陷
广州南沙港快速路地陷事件
广州南沙港快速路塌陷
广州南沙港快速路附近路段
广州南沙港快速路附近路段发生地陷事故
广州又一路面发生塌陷幸无人员伤亡
广州告急：火神山医疗队入驻鹤洞
广州告急：火神山医疗队入驻鹤洞正文中
广州国广停车场
广州国广停车场被淹事件
广州地下车库被淹事件
广州地下车库被淹近400台车受损物业：不可能赔偿可以去告
广州外籍人士因疫情被多次检测
广州外贸大厦着火
广州委州政府
广州市一级派驻医护增援力量
广州市房协专家委员
广州市琶洲展馆上空出现海市蜃楼
广州市番禺区大龙街茶东村工业区
广州市番禺区大龙街茶东村工业区一厂房
广州广播电视台
广州惊现海市屋楼
广州惊现海市蜃楼楼顶风景 @抖音小助手
广州挺住
广州日报
广州日报中央编辑部
广州日报报道
广州日报真实报道
广州机场
广州机场因大雁北归停飞
广州机场因大雁北归而全面停飞
广州机场因大雁迁徙全面停飞
广州机场因大雁迁徙全面停飞的说法
广州机场所有飞机停飞为北回的大雁让路
广州机场飞机停飞为北归的大雁让路
广州某商场
广州海珠区江南西
广州海珠区江南西银记门店
广州消防力量
广州琶洲会展中心附近
广州琶洲会展中心附近拍到的海市蜃楼罕见
广州琶洲国际会展中心
广州琶洲国际会展中心出现海市蜃楼美景
广州琶洲国际会展中心出现海市蜃楼美景难得一见看了会带来好运
广州琶洲海市蜃楼
广州琶洲突现海市蜃楼美景
广州电视台
广州番禺
广州番禺一工厂
广州番禺一工厂突发大火
广州番禺一工厂突发大火消防已到达现场扑救暂无人员伤亡
广州番禺火灾
广州番禺火灾事件
广州番禺火灾现象
广州疫情支援事件
广州白云区
广州白云区5人死亡官方通报
广州白云区发生吃小龙虾中毒5人死亡
广州白云机场
广州白云机场为北归大雁暂停航班运行
广州白云机场停飞为大雁让路
广州白云机场因大雁迁徙停飞航班事件
广州白云机场因大雁迁徙集体停飞
广州白云机场所有飞机停飞让路
广州白云机场暂停航班运行
广州白鹤洞街
广州白鹤洞街 广州加油羊城加油
广州白鹤洞高风险区
广州的大雁南飞？这是要跨海吗？
广州的海市蜃楼是在琶洲展馆拍到的
广州经视
广州航线
广州迪驰品牌管理有限公司负责人
广州鹤洞街
广州：南沙大道发生地陷道路塞车严重
广抵不逼天公不作美士
广播中国之声的说法
广播中国之声说过了专家说这是成熟的技术安全性很高
广播媒体
广播徐州
广播电视台2频道微信公众号
广泛
广泛争议
广泛传播
广泛共鸣
广泛关注
广泛关注与悲痛情绪
广泛关注与感动
广泛关注与热议
广泛关注与讨论
广泛关注与谴责
广泛关注和哀悼
广泛关注和热议
广泛敬意与悲痛
广泛热议
广泛讨论
广泛评论
广润河
广润河建始城关段
广润河建始城关段水位
广润河水位上涨
广深高速南行沙井收费站路段
广深高速油罐车侧翻事故
广澳高速大桥事故
广珠段往珠海方向55+100路面（灵山一带）
广船技校
广船技校宣传语
广船技校广告语
广船技校自我标榜
广西
广西 玉林 北流
广西一中学门口打架致一人死亡
广西一水库溃坝
广西一水库溃坝民众奔向山坡逃命
广西一水库溃坝民众本向山破逃命
广西一男子闯进金店抢项链竟然说想通过抢夺吃几年牢饭冷静一下来戒赌
广西一轿车深夜狂飙撞两车致1死2伤半裸酒驾司机被反扣双手带走
广西两名小孩因边充电边玩手机导致爆炸身亡
广西交通广播
广西人才多
广西力量
广西北流一男子杀死妻子后烧掉其妻汽车
广西北流市山围镇山围村
广西北流市山围镇山围村家中
广西北流市山围镇山围村故意杀人案件
广西南丹县
广西南丹有人吃猪肉中毒死亡
广西南宁
广西南宁一小车
广西南宁一小车想强行加塞被卡车顶着推行10余米
广西南宁市
广西南宁市江南区白沙大道星光立交辅道
广西南宁市良庆区银海大道与玉洞路口
广西南宁明秀西路某小区
广西南宁横县校椅镇青桐村委竹花村
广西南宁：驾车冲卡引发事故 怕被查竟买下对方车辆
广西卫视
广西卫视发布
广西各地群众祝贺与期待
广西四辆大货车并排堵路交通事故
广西壮族自治区
广西壮族自治区群众艺术馆
广西壮族自治区高级人民法院
广西大化某中学门口
广西大化某中学门口寻衅滋事案例
广西好声音
广西宜州
广西宜州一警车车轮被盗
广西宜州巡警
广西宜州巡警返赃仪式
广西影响力前列权威媒体
广西影响力最大融媒体平台
广西拆旧房发现金银财宝
广西新闻早知道 广西 柳州 柳州男子残忍杀害前妻留下10岁女儿谁来监护
广西新闻网记者谢冬梅
广西日报
广西日报发布的作者
广西日报旗下账号
广西最大的新闻门户网站
广西机场管理集团玉林福绵机场有限公司
广西柳州
广西柳州34岁男子跳河轻生事件
广西柳州67岁男子持木锤行凶致1死3伤
广西柳州一名男子
广西柳州一女子遭开门杀
广西柳州一女子遭开门杀事件
广西柳州一女子遭开门杀住院84天后离世家属索赔百万元该案将择日宣判
广西柳州医疗队的奖品是汽车厉害了
广西柳州奖励援鄂医疗队员每人一辆汽车
广西柳州市柳江区拉堡镇和黄岭村附近重大刑事案件
广西柳州市柳江区百朋镇
广西柳州市鱼峰区
广西柳州市鱼峰区柳石路嘉汇龙潭小区
广西柳州持刀挟持事件
广西柳州：一男子小区内被捅死警方已介入
广西桂林人
广西梧州粤剧节
广西梧州粤剧节演员上台忘了穿裤子
广西横县13岁女孩陈尸水塘 家属不认可溺亡说法 已申请市级警方介入
广西正能量
广西河池一警车四个轮子被盗
广西河池一辆警车
广西河池一辆警车车轮失窃事件
广西河池市金城江区南新东路
广西河池市金城江区南环路
广西河池市金城江区百旺路
广西玉林
广西玉林仁东镇龚罗村
广西玉林仁东镇龚罗村旧村改造拆房时发现木头中藏有金银财宝
广西玉林北流市山围村
广西玉林北流市山围镇山围村故意杀人案
广西玉林拆房发现金银财宝
广西玉林男子持刀闯入幼儿园砍伤18人案件
广西经济社会发展积极信息
广西网
广西网络广播电视台
广西藤县人民法院
广西藤县公安局便衣民警
广西藤县公安局便衣民警行动
广西藤县太平某银行附近金店
广西藤县太平镇
广西藤县某金店
广西藤县男子
广西藤县男子伍某
广西融水四荣乡人
广西融水镇秀峰路某旅社
广西贵港厂房大面积倒塌近2万平致2死23伤
广西贵港市覃塘区黄练镇
广西贵港市覃塘区黄练镇裕队木业一厂房
广西贵港平南县江滨路
广西轿车深夜狂飙撞两车致1死2伤事件
广西钟山凤翔人
广西钦州
广西钦州女子
广西钦州女子被自家狗咬伤一小时后发病发疯
广西钦州市北区大垌镇
广西钦州市钦北区人民检察院
广西钦州广电大厦（东风路）
广西防城港
广西防城港一街道办干部性侵女友12岁女儿 警方：已刑拘
广西防城港街道办干部
广西首个采用EPC模式建设的民用机场
广西黄文秀
广西：男子持刀挟持人质 民警飞身夺刀解救
庄晓莹博士
庄晓莹博士经历
庆余路中餐店
庆功宴上
庆幸与回避
庆幸事实
庆幸我们生在这个伟大的国家
庆幸我住南桥头
庆幸没浪费
庆幸生在中国
庆幸自己身处温暖地区
庆幸身处中国
庆幸非国内发生
庆祝建国70周年
床单被套
床铺不足
床铺紧张导致睡卫生间
序列号
库存
库漠屯站
库漠屯站水位
应严厉打击黑恶势力
应为交警跪地助老
应为健身器材设置隔离带
应为武汉火神山医院
应予曝光严惩
应享受免费治疗
应付无人机和卫星地图考核喷油漆
应付考核
应以危害公共安全罪论处
应依法处理赔偿问题
应依法重判以形成震慑
应保重身体
应先送医、报警、再由福利机构依法办理领养
应全面审视矛盾成因
应共同开通绿色生命通道
应共同担责
应关闭公园禁止聚集
应准确
应分担伙食费用
应判刑
应判抢劫罪讨论
应判故意杀人罪
应判重刑
应加强养狗管理
应加强地震逃生教育
应加强相关科学研究
应对中国军工企业证券投资带来的威胁
应对信息
应对失序现象
应对措施
应对无人机和卫星地图考核
应对气候变化
应对洪水确保桥梁安全为权威措施
应对疫情
应对突发事件
应将其送入水中问龙王
应尊重自然
应急、公安、卫健、交通等部门
应急举措
应急冲锋舟
应急反应意识
应急响应
应急响应措施
应急响应进展
应急处理流程
应急处置小组
应急处置得力
应急处置能力
应急处置问题
应急救援
应急救援工作
应急救援支持
应急救援行动
应急救援飞机场景
应急机制
应急演练
应急演练的肯定
应急程序
应急管理、公安、消防、医疗等相关单位
应急管理单位
应急管理局
应急管理局等多部门
应急管理部
应急管理部门
应急管理部门及局领导
应急管理部门及局领导赶赴现场
应急车道
应急车道高速行驶行为
应急转移
应急部门
应急预案
应急预案启动情况
应打119而非110
应提前检测
应收尽收政策
应是其他原因引发燃烧
应核实身份而非对立
应每年隔离一两个月让自然恢复
应用商店搜索下载
应称
应让公园管理者负责
应试教育
应试教育与心理支持缺失
应该上网课
应该严惩酒醉驾
应该叫辛育苗
应该建个长城
应该提前疏散
应该支付食材费用的观点
应该漂到香港
应该让保障车破风但司机踩了刹车
应赔偿司机损失
应追究施工单位责任
底层劳动者生存困境
底特律游戏联想
底特律：成为人类
底部分离相机
底部火焰喷射加热
店主
店主可能实施自卫
店主言语
店主陈某航
店内
店内人员反映
店内监控
店内设施
店员
店员及在场顾客
店员应报警
店员拒绝理由
店员赊米
店家
店老板
店铺股东之一
店长
店长发生争执
店长发生口角
店长拖出店铺
店长行为
店门口
庙内强制购买香的规定
府河宽度理解
府河最宽处约2000米
府河河道
废品堆放问题
废墟
废墟特征
废弃处理
废弃家具厂
废弃油桶爆炸
废弃油桶爆炸与加油站爆炸
废弃油桶爆炸起火
废弃采石场水坑
废玻璃
废金属
度文佳
座位
座椅减少措施
座驾
庭审结束后
康洁
康美三七粉
廉价油交易请求
廉江市
廉竞炜
廊坊市五大街夜市
廊坊市五大街夜市交通事故
廊坊市固安县
廊视频
延伸阅读材料
延吉市
延吉市人民法院
延吉市人民法院院长
延吉市公安局
延吉市医院住院处
延吉市看守所
延安路高架部分路段
延缓骨质老化
延误
延迟
建体育场的时候百分百有遗迹出土
建厂可规划提供技术
建国东路与马当路附近
建国你又调皮了
建始县
建始县因暴雨引发严重内涝
建始县因降雨出现内涝事件
建始县城
建始县城区
建始县城区低洼处
建始县增援
建始县相关部门
建始县防汛抗旱指挥部
建始城关段
建始城区
建始城区严重内涝
建始城区多处地段
建始城区部分区域
建字
建筑坍塌
建筑坍塌导致被压入深坑
建筑安全
建筑工地塔吊倒塌
建筑损毁
建筑损毁情况
建筑智慧与环保意识
建筑物
建筑物倒塌事故
建筑物坍塌遇难
建筑物垮塌
建筑物损毁严重
建筑物整体结构严重损毁
建筑物玻璃
建筑物碎片和钢铁框架四处散落
建筑物突然坍塌
建筑的上几层
建筑的上几层被用作新冠肺炎疫情隔离观察点
建筑结构坍塌
建筑美学考虑
建筑质量或施工安全问题
建筑质量质疑
建议
建议为贝贝定制鞋
建议全部迁入中国
建议养藏獒
建议内容
建议前往长沙湘雅医院治疗观点
建议带中药展示中医智慧
建议收取救援费或予以处罚
建议方案
建议清洗泡水衣服后低价售卖
建议清洗泡水衣服后低价售卖的观点
建议直播带货减少损失
建议直播带货减少损失的观点
建议研发替代品
建议谨慎对待不建议传播
建议车上带铁棍防身
建议还堵上
建设家园你不来千里投毒你第一了不起了不起
建设目标
建设示范基地
建设者
建设路分社
建造成都体育中心时
建造美墨边境墙
开 LAN17 G 好小区 b00 5
开具两张罚单
开发专用App
开发商
开发商、监理、质检站追责言论
开发商可以先过去了
开发商设计缺陷
开发商跑路
开坝行为
开塔吊的师傅还好吗
开天眼 阅多彩
开始不控制现在就这样了
开始不控制现在就这样了文本
开始交付
开始以为是碰瓷呢
开始移交中方
开展事故调查
开展喷洒消毒液作业
开展处置
开展救援
开展紧急搜救
开展调查取证
开展限制使用农药定点经营专项治理行动
开工动员
开庭二审
开庭审理时间
开开心心每一天
开心你我他快乐靠大家🈶赞必回
开心就好
开心快乐、正能量的人相处
开心快乐每一天
开心的人
开心的瞬间
开心知足就好
开挖过程中遇到暗河
开撸出品必属精品
开斗气车
开春后的一系列登山活动
开曼矿区山体喷绿
开江县委宣传部
开江县民族宗教事务局
开江金山寺事件文本标题
开江金山寺僧人
开汽车的是坏蛋
开法拉利小伙遭奔驰男怒扇开我车装有钱人靠诈骗一天挥金20万
开火箭啊
开船互撞
开越野车冰上漂移这下刺激过头了吧城会玩 @抖音小助手
开路
开车一定要小心啊
开车上路一定要慢遵守交通规则……珍惜生命
开车上路莫显英雄本色相互礼让平安回家
开车不喝酒呀
开车不要吃东西能破产
开车别喝酒喝酒别开车
开车吃炸串要记6分
开车外出的亲友
开车外出的亲友切勿将贵重物品留在车内
开车就听975
开车接打电话
开车注意安全
开车的要注意了⚠️弹射起步
开车遵守交通规则
开车集中精神 货车司机
开辟救援通道
开辟生命通道
开辟的洞口
开运街
开道车全责
开采权不满情绪
开销太大让人吃不消
开门者
开门责任问题
开除
异常
异常提速
异常活动
异常行为是潜在自杀预警信号
异物
异物卡住气道
异物取出后
弃婴
弃婴事件
弃婴后续安置问题
弃婴权益问题
弃婴案件
弃婴父母
弃婴行为
弃婴领养问题
弃车
弄不清楚乱发
引以为戒
引发争执升级
引发争议情绪
引发公众关注与情感共鸣
引发公众关注家庭暴力
引发公众对动物表演态度的反思
引发公众讨论
引发公众质疑
引发关注
引发关注与同情
引发冲突
引发同事寻找
引发居民恐慌
引发帕金森病猜测
引发情绪化发言
引发热议
引发纠纷
引发网友广泛赞誉
引发观众热烈掌声和欢呼
引发质疑
引发重大伤亡事故的情节
引导下载APP
引导性语句
引导脂肪流向锁骨
引导观看和截图传播
引流信息
引流内容
引流推广
引流泥水
引流职业培训
引流职业培训广告
引燃家中易燃物
引燃易燃物
引爆过程
引用真实人物和事件
引领消费引领时尚依法维权
弗洛伊德之死
弘扬主旋律 传播正能量
弘扬正能量
弘扬法律精神
弘扬法治精神 传递法治力量
弘扬陕北风土人情
弟弟
弟弟勇勇
张丰毅孙子患狂犬病虚假信息
张予曦同款小V脸小颜正骨瘦脸术
张云雷
张云雷手术钢钉被出售说法
张倩
张倩与一名男子有不正当关系
张债
张先生
张军
张军体内
张冠李戴
张冠李戴的信息
张剑
张娜
张婷
张嬢嬢
张嬢嬢带你逛社会
张嬢嬢带你逛社会酸甜苦辣咸传播法治正能量
张家界
张家界学校山洪
张家界市慈利县赵家岗土家族乡新安村
张家界市赵家岗土家族乡新安村
张家界市赵家岗土家族乡新安村学校
张家界慈利县赵家岗新安小学教室垮塌
张家界暴雨
张家界暴雨引发山洪：洪水穿学校而过冲毁门窗 孩子满身污泥大哭
张家界突发洪水小学被冲毁学生们在操场上哭得撕心裂肺
张家界突发洪水小学被汽
张家界突发洪水小学被淹已安全转移
张家界赵家岗土家族乡新安村
张家界赵家岗土家族乡新安村学校
张家界赵家岗土家族乡新安村学校受灾
张家界赵家岗土家族乡新安村学校受灾、学生溺水
张家界赵家岗土家族乡新安村学校受灾学生溺水
张家界赵家岗土家族乡新安村学校因洪水冲击受灾
张家界赵家岗土家族乡新安村小学
张家界赵家岗土家族乡新安村新安小学
张师傅
张师傅的行为
张店区融媒体中心
张惠老师
张文宏
张文宏提出武汉已存在群体免疫
张文宏提出武汉已存在群体免疫仅为初步推测
张文宏：武汉可能已存在群体免疫或会成为中国最安全的城市还有待进一步的研究
张新友院士
张旭
张春凤
张春凤死亡事件
张春凤死亡原因
张春凤死亡存在他杀可能
张春凤父亲
张春凤系玩水时不慎沉入深水导致溺亡
张春凤遗体被发现
张杰剪辑
张某
张某传播其生活隐私
张某及其儿子
张某商议遗弃婴儿
张某有外遇
张某某
张某某与男网友发生不正当男女关系
张某某与男网友的关系
张某某与男网友的关系属道德范畴问题
张某某堆积的杂物
张某某等8人
张某燕
张欣
张毅
张永焕
张永焕家属
张渊平
张舵
张连阳
张钠
张集
张骞出使与蚕种外传
张骞出使西域
张鲁潮
弥勒人民广播电台
弥勒市融媒体中心
弥勒广播电视台
弥勒报社
弯道漂移超车
弯道漂移超车在奉新大道
弯道路段
弱
弹射起步
弹射起步、弯道漂移超车等行为
弹射起步到底多快啊
弹射起步在红绿灯路口
弹射起步是啥意思
弹射起步是啥意思评论
弹射起步行为
弹得太慢
弹得太慢了再快点肯定没人发现你
弹性安排的一部分
弹性胶状物
强传染性
强制上船即穿戴救生衣
强制上街
强制医学隔离
强制售卖高价香
强制培训争议
强制戒赌
强制措施
强制背诵防疫手册
强制隔离
强劲性能
强化刻板印象
强化哄抢可耻社会认知
强化情感渲染
强取豪夺
强台风利奇马强降雨影响
强台风山竹期间现钞被吹散场景
强台风海贝思
强台风海贝思 肃清日本已致5死
强台风海贝思 肆虐日本已致5死
强台风海贝思今晚登陆日本预计将带来日本近60年来最大的降雨和狂风
强台风海贝思威力演示实验中
强台风海贝思引发的洪水
强台风海贝思影响
强台风海贝思登陆日本
强台风海贝思登陆日本@抖音小助手
强台风海贝思登陆日本事件
强台风海贝思肆虐日本
强台风海贝思肆虐日本已致46人死亡 中国外交部致以哀悼
强台风肆虐日本：死亡人数增至40仍有16人失踪
强壮雄鹿
强壮雄鹿组成
强大威慑
强对流天气的特点
强对流天气的防范措施
强我中国
强拆
强拆事件
强拆人员提起诉讼
强暴雨天气
强烈
强烈不安
强烈不满
强烈不满和坚决反对
强烈共情
强烈关注
强烈反对
强烈情感
强烈情感共鸣
强烈情感反响
强烈情绪
强烈情绪波动
强烈愤怒
强烈愤慨
强烈支持
强烈支持校长
强烈民族情感
强烈民族认同
强烈爆炸
强烈的情感共鸣
强烈的情绪氛围
强烈的社会责任感
强烈的责任感
强烈蓝光
强烈语气词
强烈谴责
强烈质疑
强烈转发
强盗
强硬坚定
强硬立场
强磁场
强行从二楼跳下
强调垃圾分类政策
强调实战检验的观点
强调爱国情感
强调观点
强迫儿女互拍被殴视频
强迫子女互相拍摄被打过程
强逼儿女互拍被殴视频
强闯候车厅
强降水
强降水发生时间
强降雨
强降雨导致山体滑坡的说法
强降雨引发
强降雨引发严重内涝
强降雨期间局部积水视频的误传
强降雨灾害
强降雨袭击
强风
强风和暴雨
强风暴雨
强风暴雨相关表情符号
归国人员的负面评价
归国女子
归国女子拒隔离大闹医院
归国女子拒隔离大闹医院事件描述
归国家所有
归国家所有说法
归国巨婴
归属于作者直播南阳
当上海遇到暴雨公交车带你乘风破浪
当事人
当事人一家9人
当事人不满与质疑
当事人为钓鱼者而非骑行者
当事人和老伴
当事人夫妇睡在卫生间门口
当事人已康复
当事人携带钓鱼工具
当事人未死亡
当事人杨某
当事人死亡
当事人缺乏基本安全常识
当事人自家人数
当事人身份
当事人身体状况
当事人陈述
当代木兰
当代英雄
当代钱学森
当作, 真实体育事件呈现
当你坐车来回几千公里瞒着所有人去见一个人的时候在路上你就会明白什么是爱
当前事件经过核实
当前入境人员
当前医学
当前医疗体系中存在的过度检查问题
当前口罩抢购现象
当前安全防范工作再部署
当前实际情况
当前微信号违反了微信个人帐号使用规范已被限制登录
当前技术水平
当前拐卖案件的说法
当前水位
当前水库干涸事实矛盾
当前状况
当前状态
当前疫情背景下悬挂国旗
当前种群数据
当前管理
当前霍金为傀儡
当善良遇到了善良便是这世上最美的邂逅当善良遇上了温柔那便是人间绝配
当地
当地120急救中心
当地一中学
当地交管部门报名
当地人普遍食用杏及杏仁制品
当地人民检察院
当地人民检察院启动快速反应机制
当地仍住窑洞现象
当地停电
当地停课标准
当地公安机关
当地公安部门
当地包联干部
当地医生
当地医院
当地卫生部首席眼科医生
当地及大城市眼科医生
当地发布
当地向导
当地向导带领
当地周边房价
当地回应
当地城管执法大队
当地天然气公司
当地安全问题
当地居民
当地居民回忆内容
当地居民注意安全
当地居民评论
当地工作人员
当地工作的以色列医生
当地市民
当地干部、救援队及志愿者
当地应急管理部门
当地应急部门
当地成立
当地执法行为
当地报纸讣告版面
当地政府
当地政府回应
当地政府部门
当地文物部门
当地文物部门未证实
当地时间10日
当地时间11月27日伊朗高级核科学家遭暗杀身亡车内画面曝光
当地时间15日凌晨
当地时间2020年5月16日晚
当地时间2020年7月26日
当地时间23日10时29分
当地时间25日下午5时
当地时间26日
当地时间27日
当地时间27日伊朗高级核科学家遭暗杀身亡：货车引爆炸药5人持枪扫射
当地时间2日凌晨4时28分
当地时间3月14日
当地时间3月14日著名英国科学家霍金在家中安然辞世
当地时间4日傍晚
当地时间4月28日晚
当地时间6日
当地时间7月2日
当地时间7月5日下午
当地时间8月28日
当地时间周一飞行两小时后
当地村书记
当地村委
当地村干部
当地村民
当地村民拍摄
当地村民谈妥拖车费用
当地殡葬系统承载能力
当地民众不配合防疫
当地民众对疫情的轻慢与无知
当地民兵
当地气温需低于零下52摄氏度
当地氧气储备充足
当地治安治理效能
当地治理不力
当地派出所
当地消防
当地消防大队
当地消防已前往处置
当地消防部门
当地热议
当地电力供应
当地男子
当地疾控部门
当地百姓赶赴现场抢拾
当地相关部门
当地眼科医生
当地社会治安环境
当地综合执法队与彰武楼小区物业工作人员
当地网友
当地网友留言
当地群众
当地老百姓
当地老百姓闻讯后纷纷赶往现场
当地职高学生
当地蓝天救援队熊队长
当地虫草采挖管理问题
当地行政长官
当地街道
当地规定
当地警察
当地警察开枪制止
当地警方
当地警方报案
当地镇政府
当地防汛抗旱指挥部
当地防汛救灾指挥部
当地领导
当场下跪致谢
当场抓获两人
当场抬走
当场晕倒
当场死亡
当场死亡者
当场牺牲
当场签字确认
当场被警方控制
当场身亡
当天下午
当妈妈后看不得这样的视频
当局
当州长或总统发布灾难声明后
当年分手真相曝光
当年美军战地摄影师拍下抗美援朝长津湖之战九兵团冰雕连牺牲的影像
当日
当日15:30
当日16时
当日17时许
当日22:00至次日凌晨3:00
当日22:00至次日凌晨3:00进行全市范围高强度消毒
当日上午
当日中午12时入境人数
当日鄱阳湖水位
当时全球死亡病例最多国家
当时我就震惊了
当时水位仅没过腿部
当时的6元对一个打工的也很大
当时身体状况
当晚
当晚11点
当晚12点至凌晨3点喷洒高浓度消毒液
当晚7时许
当晚9点30分
当晚9点左右
当晚天气
当气温低于零下52摄氏度时11岁以下儿童将停课
当然了开个玩笑
当爱好变成工作反而令人崩溃
当皮卡遇上飞机✈️…安全 @抖音小助手
当英雄拖着疲惫不堪的身体再次进入火场再也没有回来
当街侮辱行为
当街发狗疯
当街强行抓走
当街抓捕65岁以上老人
当街抓老人
当街抓老人一胆战心惊啊
当街持刀行凶
当街挟持人质
当选择离开后就没有土生土长之说
录像
录像拍摄
录像的俩哥们儿挺逗评论
录像记录
形似中国地图的云层
形似中国地图的云层现象
形似中国地图的云彩
形似中国地图的云彩事件
形似中国地图的云彩描述
形似中国地图的云朵
形似中国地图的云朵报道
形似槽罐或车体
形似游蛇在水中蜿蜒移动
形式主义
形式主义、失职渎职行为
彩礼争议
彩礼压力与婚恋矛盾
彩礼纠纷
彩礼纠纷导致跳井事件
彩礼负担重
彩礼金额未达成一致
彩礼问题
彩票害人
彩票成瘾现象
彩票赌博化
彩虹桥
彩视频
彩钢瓦翻新
彩钢瓦翻新工程
彩钢瓦翻新工程细节
彪悍的人生不需要解释
彭州蒙阳
彭州蒙阳发生货车司机被杀伤事件
彭建军
彭建军早日康复
彭建军最终因病情过重不幸离世
彭建军的牺牲精神
彭建军的高度职业责任感
彭玺
彰显职业担当的正能量真新闻
彰武楼小区物业工作人员
彰武楼小区相关视频
影像 记录
影像内容
影像真实有效
影像资料
影响作业
影响供电
影响北陆新干线
影响大批居民北上
影响抗洪能力
影响时间
影响有影响力的人
影响樱桃健康的化学物质
影武楼物业
影武楼物业清理其堆积的杂物
影片生活者
影视中的网红景点
影视片段造假
彻底弄清事实真相
彻查事故过程与原因
彻查到底
彻查涉事企业
彻查真相
彼岸花开
往年泄洪素材
往返全程
往返机票订单
征途是星辰大海
征集新闻爆料的媒体账号
征集现场监控、突发新闻等内容
征集线索
待另行通知
待查
待确认
待进一步核查
很久没有听唱片的原因可能并不是你厌倦音乐了你只是缺少一部靓声胆机——几只造型复古的电子管就能使你重燃对音乐的热情、重新认识你收藏的老唱片的每一首歌……
很励志震撼心湖
很多
很多时候一个无声的拥抱对一颗不快乐的心来说就是千言万语
很多时候你不知道出去了你还能不能回来珍惜当下
很多时候你不知道出去了你还能不能回来珍惜当下海大叔 @抖音小助手 @DOU+小助手
很多橙子
很大的停车场
很少
很暖心
很有可能
很配
律人先律己
律动安徽
律师
徐一龙
徐一龙和师林悦
徐一龙和师林悦这个确定了的两个活生生的人
徐一龙和师林悦这个确定了的两个活生生的人评论
徐世意
徐剑
徐姓女生
徐姓女生坠楼事件
徐姓女生母亲
徐姓女生父亲
徐家汇地铁站
徐家汇地铁站漏水
徐州化工厂
徐州化工厂发生爆炸浓烟滚滚
徐州化工厂爆炸
徐州化工厂爆炸关键词
徐州医科大学附属医院
徐州市云龙区人
徐州市公安局泉山分局
徐州市泉山区人
徐州市第一翔小学三日班赵西海老师
徐州广播
徐州警方
徐州警方通报一起持刀伤医案
徐熙娣
徐熙娣剪费翔胸毛义卖说法
徐荣荣
徐警官
徐颖（实习）
徒手抓新冠病毒
徒手抓新冠病毒事件
徒手抓病毒
徒手挖掘
徒手捕捉空气中所谓的新冠病毒
徒步千里
徒步千里事件
得不偿失
得不到第一就做唯一
得之坦然失之淡然一切顺其自然
得亏乘客命大
得以保留
得克萨斯州
得到控制
得开数据连接没有免费的
得治
得狂大病好厉害
得狂犬病
得益于邻居帮助
得知实情
得重视一下公交司机的健康问题了
御村广播
微67709650
微信
微信 habaoQMT
微信13426386887
微信:tmj482805045
微信aarfv21
微信uwuw4444
微信xxcbdyh
微信yyf923389707
微信zbzhushou
微信zbzhushou联系
微信zckl711
微信公众号
微信公众号:新闻深呼吸
微信公众号XXOOTV10
微信公众号广东台今日关注
微信关注提示
微信号
微信号1
微信号2
微信团队
微信安全中心紧急通知
微信官方
微信搜索
微信有一个监听功能一直在泄露您的隐私对话赶快手动关闭
微信电话18352487989
微信监听用户聊天记录推送相关广告
微信红包封面
微信红包病毒可盗取银行账户
微信群
微信群传播特定内容将被永久封禁
微信聊天
微信联系方式
微信视频号
微信视频号人民视讯
微信视频号大河报
微信视频号搜索大河报私信联系
微信通过监听聊天内容进行广告推送
微信通过监听聊天记录推送广告的功能
微信零钱通
微信：SouthReviews
微信：cdtv5cando
微信：sctvgcgzs
微信：womenshipin2016
微兔gogo客户端
微兔视频
微博
微博:新闻深呼吸–舒口水
微博weibo.com
微博账号
微弱
微弱自主呼吸
微政务-随手拍平台
微表情
微铁西
德云社学员
德云社的对手白宫单口相声垮了
德克萨斯州
德克萨斯州总检察长办公室
德商高速
德商高速南向北距夏津出口500米处
德国
德国多地民众
德国汉莎航空和波音747原涂装
德州
德州是山东的？？
德明玛峰高程测音纪
德里
德阳
德阳一女司机醉酒驾驶后撞车当街动手拉扯民警被采取强制措施
德阳一恶势力团伙被团灭
德阳交警为你保驾护航
德阳交警直属一大队
德阳市
德阳市驾驶纠纷冲突事件
德阳市鸿远街二段
德阳本地的美食、美景、人物与故事
德阳特警便衣行动队员
德阳警察
德阳警察高效执法点赞
德阳车祸后持械斗殴
德黑兰曾与UFO交手
德黑兰附近
德黑兰附近袭击事件
徽新东方烹饪学院
徽狼自驾：为靠谱而生以匠心打造每一次自驾旅行
心
心动不如行动
心在滴血
心地善良
心多情碎
心太狠
心字强调
心平气和过兄弟
心态决定命运知足常乐健康快乐为本时间见证一切面子一文不值走自己路让别人说去谢谢大家的关注谢谢大家默默的点赞
心惊六辆货车接连被大火吞没距加油站仅数十米……
心意可贵
心无尘念清寂如水在梦与醒的边缘悄然独立与一帘素淡的风月坐看流年沉醉于这份悠然自得
心潮澎湃
心理伤害
心理健康与社会压力问题
心理危机
心理压力有关
心理崩溃
心理干预
心理愿望
心理承受能力弱
心理支持缺失
心理阴影
心理障碍
心理障碍诊断
心疼
心疼 患难见真情
心疼与祝福
心疼动物
心疼哭了
心疼情绪
心疼感慨
心疼愿他们在天堂一切都好
心疼消防员坐在雨中睡着了
心疼澳洲大火导致2万余只考拉死亡考拉正面临功能性灭绝
心疼落泪
心痛
心痛与愤怒
心痛与敬意
心痛与讨论
心痛两个孩子
心痛临潼坍塌事故被埋3人均抢救无效身亡
心痛情绪
心痛死了
心的呼唤爱的呼唤
心真的是大啊
心碎了希望上天保佑孩子平安
心肺复苏
心肺复苏实施
心若在天涯海角又何妨心若不在寸步不离又如何
心血管内科相关疾病
心都碎了
心都碎了评论
心酸又滑稽
心酸的决定情绪化留言
必要时
必要检疫
必要经贸科技活动需求者
必须严办
必须严惩
必须严惩不贷
必须严惩开远光灯司机
必须严惩施暴者
必须严惩重判
必须严惩高空抛物
必须严管
必须严肃处理
必须做好高级别安保
必须判
必须在寺内购买香火才能拜佛
必须报复
必须收费
必须改掉坏习惯
必须满足她的要求
必须点赞公交司机昏迷前停稳车 救20多人
必须给个说法
必须要追责到底
必须赔钱
必须起身跪谢
忍无可忍
忍让与理解
志愿军冰雕连战士
志愿军冰雕连战士在极寒中牺牲瞬间
志愿者
志愿者团队
志愿者教师和留学生
志愿者教师和留学生提供协助
忙碌的生活
忠义千秋
忧虑区域雨量不均
忧虑极端天气频发
快
快乐无悔群
快乐时光
快乐生活
快人一步看点多多
快影 精神小伙 新型冠状病毒 武汉加油 马来西亚
快快好起来吧……看哭了😭
快手
快手@anhuifm908
快手ID为1536458146的用户
快手ID：201387152
快手健康
快手健康认证
快手创业正能量
快手创作者
快手创作者学院
快手号570191956
快手号@jinrongbaguani
快手官方
快手官方提供平台
快手客服
快手平台
快手提供的绿色平台
快手搜索 qianlong wang
快手正能量
快手热点
快手科普
快手管理员
快手账号1487124808
快手账号@319707359
快手账号@快手娱乐（O3x7xgyh3xp3pd5m）
快手账号A88888
快找黄头发的干爹求救吧
快报警救我
快报警救救我
快捡克给小孩玩去嘛
快来尝一尝吧
快来扫荡吧
快来扫荡吧评论
快点去抓鱼呗
快点打个（报警）电话啊
快点趴下
快点跑
快狗打车
快讯印媒：印度卫生部长新冠检测呈阳性
快讯美的创始人何享健一家被劫持儿子逃出别墅后渡河报警警方：已抓获5人
快过年了希望不要出事
快过年了希望大家都平平安安
快递小哥展示中国功夫
快速分类与送检
快速反应、合力救援的正面形象
快速反应和逃跑行为
快速响应突发公共卫生事件能力
快速路上停车真的很可怕🤔🤔
快速逃生功能表述
快速高烧
快速高烧症状
快醒醒 你的视频着火了快来我的评论区避一避吧
念念有词
忻州交通事故新闻
忻州繁峙县大营发生一起严重交通事故
忽悠
怀疑
怀疑信息真实性
怀疑女友另有暧昧持刀杀害两母女广西河池命案被告人覃永念今日受审
怀疑态度
怀疑是演员一龙参与演出
怀疑真实性
怀疑视频真实性
态度决定未来
怎么举报
怎么买
怎么又是黑人
怎么又是黑人言论
怎么可以治好
怎么可以治好评论
怎么可能吃3头猪
怎么弄的
怎么拍的
怎么样有作用吗
怎么没人管呀
怎么看着是电影不惧飓风的片段
怎么联系你们
怎么能这样？
怎么说呢哭都没用
怎么说呢哭都没用评论
怎么还不用戴口罩
怎么还不用戴口罩评论
怎么这些事频频发生？
怎么那么多抱孩子的太吓人了
怒怼懒惰父子
怒江街大润发路面塌陷轿车滑落
怒火中烧
怒火还未平 山火又来袭 美国各地山火肆虐
怕你喝不完
怕哦
怕撞到大雁
思思格格给骗了
思想和行动总有一个在路上
思想深度
思想道德不过关
思路清晰
急促喘息声
急修河三角联圩发生溃堤消防连夜紧急营救疏散4100余人
急刹车
急性髓细胞白血病
急救
急救人员
急救人员担忧
急救车司机可逆行
急救部门工作人员
急转弯
急转弯之时
急转弯事故
急速下坠3000米
性侵
性侵12岁女童
性侵事件
性别不平等现象
性别与身份攻击评论
性别偏见
性别偏见讨论
性别对立
性别对立讨论
性别相关讨论
性别观念
性生活频率影响新生儿数量
性质恶劣
怪不得停水了把南水北调都挖断了
怪不得老师不让我自己走路
怪病
怪病与上古传说有关
怪病与人类进化有关
怪病症状
总分数据
总台央广记者
总台央视记者高跳
总和生育率下降现象
总在温暖你
总有一种力量让人泪湿眼腿
总有一种颜色让人充满希望
总有人在付出
总有精彩值得期待
总检测花费
总理女儿受伤
总理妻子受伤
总统在教医生如何治病
总统徽章
总统鲁哈尼
总部
总队直属特勤消防力量
恋魔风暴
恐吓
恐怖
恐怖 突发
恐怖分子行为
恐怖画面
恐怖袭击指控
恐怖評論
恐怖飞刀从天而降直插男子后脑
恐惧
恐惧反应
恐惧和不适
恐慌
恐慌性言论
恐慌性语言
恐慌情绪
恐慌氛围
恒大研究院
恒星被黑洞吃了
恒河
恢复
恢复供水时间
恢复微弱自主呼吸
恩施
恩施加油
恩施州建始县城
恩施州建始县委副书记、县长
恩施州气象台
恩施建始县
恩施建始县因暴雨致群众受困
恩施建始县遭特大暴雨袭击 民兵转移受困群众
恩施建始县遭特大暴雨袭击新闻
恩施建始暴雨
恩施建始暴雨事件
恩施建始暴雨引发内涝
恩施建始暴雨引发内涝 预计广润河将出现超警戒水位4.0米左右洪水
恩施建始暴雨灾情
恩施建始暴雨灾情新闻
恩施建始暴雨袭城内涝严重：汽车被卷走在洪水中翻转不停似浮萍
恩施建始：特大暴雨来袭 4个乡镇16万余人受灾
恩施演唱会酒店
恩笃行
恩笃行救助学生行为
恩笃行英勇行为
恩阳站
恭喜恭喜愿家乡越来越好
恭喜玉林喜提机场
恭喜被抖音辟谣亲自辟谣
恰逢月考
恶作剧可能性
恶作剧行为
恶劣天气
恶劣社会影响
恶劣言辞
恶势力团伙活动
恶势力团伙被判刑
恶势力犯罪团伙
恶心
恶性事件无实证曝光
恶性伤人事件
恶性刑事案件
恶性抢夺儿童案件
恶性案件
恶意拼接虚构信息
恶意编造信息
恶意编造和调侃
恶意阻碍交通
恶搞或摆拍
恶搞或虚构内容
恶搞行为
恶有恶报
恶犬
恶犬扑倒撕咬
恶犬撕咬事件
恶犬袭击事件
恶魔风暴
悉尼附近的一家考拉救助医院
悠闲漫步城市街头
悠闲的成都人…
患了绝症
患儿坚强与亲情温暖
患病儿童对医生的恳求
患者因缺氧死亡 形成对比
患者多名家属
患者女儿唐睿
患者妻子
患者家属
患者家属与医护人员
患者家属伤医
患者排泄物
患者时遭袭击
患者此前已出现呼吸急促、失去味觉嗅觉等症状且核酸检测呈阳性
患者遗体
患肺炎后离世
患难与共的爱有共同赴死的信念
患难见真情
患难见真情话题
您是国宝注意身体
您确定不是电视剧？
您还可以处理11分的违法
您还可以处理2分的违法
悬崖下
悬挂临时号牌的兰博基尼
悬挂乘车行为
悬挂于24楼与25楼之间的防盗网之间
悬挂国旗现场
悬挂国旗行为
悬浮剂
悬赏通告
悲伤
悲伤情绪
悲伤音乐
悲剧
悲剧发生
悲剧性事故
悲剧惠东一高三学生坠楼身亡警方：排除他杀
悲剧氛围
悲剧西安临潼昨晚一货车与轿车相撞造成4人死亡
悲剧警示类
悲剧重演
悲悯
悲悯与共情
悲情
悲情剧情
悲情氛围
悲痛
悲痛与同情情绪
悲痛与感动
悲痛与缅怀
悲痛为主
悲痛哭喊
悲痛情绪
悲痛评论
悲观情绪
悼念与痛惜
悼念之情
悼念牺牲人员
悼念牺牲扑火队员
悼念讨论
悼念评论
悼念逝者
情侣
情侣临终相守场景
情侣为爱殉情
情侣二人
情侣关系中的女方
情侣拿麻将牌买车被打
情侣相约殉情说法
情侣相约跳崖事件
情侣相约跳崖但仅一方跳下说法
情侣相约跳崖男方跳了女方转身离开
情侣行为
情况
情况不明不敢妄言
情况危急
情况属实
情况异常
情况通报
情商
情意更值得珍惜
情感
情感共鸣
情感共鸣与社会关怀
情感共鸣与美好回忆
情感共鸣类留言
情感化正面评价
情感化表述
情感化评论
情感呼吁好人一生平安
情感咨询
情感困境对行为的影响
情感困扰
情感崩溃现象
情感性致敬评论
情感抒发内容
情感渲染过度
情感渲染过度的假新闻
情感煽动元素
情感煽动类假新闻
情感积怨讨论
情感类假新闻
情感类账号
情感缺失的讨论
情感观点
情感评论
情绪、温度、光照影响
情绪化
情绪化、戏谑性评论
情绪化与夸张引申
情绪化反应
情绪化回应
情绪化描述
情绪化极端言论
情绪化渲染
情绪化点赞
情绪化网络言论
情绪化表达
情绪化表述
情绪化表述这是没脸毕业？自取其辱
情绪化观点
情绪化观点评论
情绪化解读
情绪化言论
情绪化讨论
情绪化评论
情绪化评论内容
情绪化谴责评论
情绪崩溃
情绪崩溃痛哭
情绪性反应
情绪性表达
情绪悲痛
情绪渲染现象
情绪激动
情绪激动地责骂
情绪激烈表述
情绪煽动明显
情绪稳定
情绪突变
情绪管理能力差的孩子
情绪表达
情节夸张特征
惊不惊喜
惊人事件
惊叹
惊叹与调侃
惊叹态度
惊叹性留言
惊叹情绪
惊吓
惊吓作用
惊喜
惊心动魄40分钟驾驶舱风挡玻璃脱落 川航上演空中浩劫
惊心动魄天上降下扳手直插男子脑袋里
惊悚表述
惊悚表述示例
惊惊!
惊教家长送其有业哈啥不行
惊讶
惊讶与恐惧
惊讶情绪
惊讶或讽刺语气
惊险
惊险一幕
惊险一幕吓的心哆嗦🥺女子翻窗逃生怀里婴儿跌落……福大命大的娃🙏
惊险一幕工人划线作业井盖突然被炸飞
惊险事件
惊险啊比大片都震撼
惊险四川一山体4次垮坡多栋民房被砸毁
惊险场面
惊险天降菜刀擦肩而过
惊险小伙驾摩托车强行过河连人带车被冲走……
惊险广西南宁一小车想强行加塞被卡车顶着推行10余米
惊险情节
惊险武汉公交车斜插立交桥下
惊险武汉长江水涨船高一货轮几乎贴着穿过长江大桥
惊险武汉长江水涨船高货轮紧贴长江大桥而过
惊险画面
惊险经历
惊险轿车倒车失控冲进人群…
惊险逃出
惊险逃生
惊魂一刻
惋惜
惋惜情绪
惜惋与感慨
惠东中学高中部
惠东中学高中部高三学生
惠东人
惠东县公安局
惠州市惠东中学高中部
惠民举措之一
惠民利民政策值得推广到全国
惨
惨不忍睹
惨剧
惨叫声等情绪化留言
惨烈
惨烈堪比空战
惨状令人不忍直视
惨绝人寰
惩恶扬善
惩罚诉求
想前往游玩
想哭宝宝想抱抱
想回家但无法说清住址
想太多了
想学成龙
想想都不可能
想找个好好过日子的人
想来云南旅游的友友点关注👏
想甩给俄罗斯
想當年我就是這麼渡劫的
想知道这个老公现在在哪所医院住着呢
想资助一下老婆婆
想通过抢夺吃几年牢饭冷静一下来戒赌
意企办校 率工性 国点挂工学程 学技能到广船技校
意外
意外事件
意外事故发生
意外和明天谁也不知道哪个会先来
意外坠桥
意外死亡范畴
意外类视频
意外险象征不知道谁先去西天取经了愿伤者一路走好吧
意大利
意大利 疫情全知道 悲愤
意大利一位医生透露：由于人工呼吸机数量有限医院已不允许为60岁以上的感染者使用人工呼吸机
意大利一对原定结婚的情侣
意大利一对情侣
意大利一对情侣中女友感染新冠肺炎男友为陪伴她走完生命最后一程而脱掉防护服
意大利一对情侣在女友感染新冠肺炎后见最后一面
意大利一对情侣在隔离病房中女友感染新冠肺炎男友脱下防护服与她最后一面选择生死相依最终两人双双去世
意大利一对情侣感染新冠肺炎男友不顾劝阻脱掉防护服陪伴病重女友最终两人殉情而逝
意大利下石头万雨现场
意大利不再给60岁以上的新冠肺炎患者戴呼吸机
意大利军方
意大利到喀麦隆客机事件
意大利到喀麦隆的客机乘客
意大利到喀麦隆的客机乘客全部受肺炎感染
意大利加油
意大利北部
意大利医护人员不再给60岁以上的病人插管但能确保他们和亲人道别
意大利医生
意大利医生不给60岁以上患者用呼吸机
意大利医生太难了评论
意大利医疗机构
意大利医疗系统
意大利医疗系统压力的夸大与误读
意大利医院
意大利医院因呼吸机短缺限制60岁以上患者使用呼吸机
意大利医院对60岁以上患者限制使用呼吸机
意大利医院选择性救治新冠患者 意大利新冠肺炎确诊人数超6万
意大利卫生部证实
意大利卫生部门或媒体证实
意大利各大城市
意大利因医疗资源紧张
意大利因设备有限60岁以上的患者或被放弃治疗…@抖音小助手
意大利女友
意大利女友感染新冠肺炎
意大利女友感染新冠肺炎男友脱掉防护服见最后一面后双双殉情
意大利官方或医生公开宣布放弃救治
意大利对65岁以上老人实行集中隔离
意大利封城
意大利封城游客全没威尼斯运河变清出现海豚
意大利封城隔离之下没了游客威尼斯变清海豚都回来了
意大利已成为全球新冠疫情期间致死人数最多的国家
意大利帅尔马省医生
意大利帕尔马省
意大利帕尔马省医生
意大利帕尔马省医院
意大利当街抓老人
意大利情侣
意大利情侣为爱殉情
意大利情侣为爱殉情事件
意大利情侣双双离世
意大利情侣因新冠疫情殉情
意大利情侣因疫情殉情故事
意大利情侣感染新冠肺炎男友脱掉防护服见最后一面后双双殉情
意大利情侣殉情事件
意大利感染升至152人死亡3人政府决定封锁城镇
意大利执法现场
意大利抓老人
意大利捉年纪大的人怕他们感染医疗条件超负荷
意大利放弃年长感染者？医生：已禁止为60岁以上患者用呼吸机
意大利政府
意大利政府将新冠病人尸体丢入万人坑
意大利政府组织
意大利新冠死亡人数暴增
意大利新冠死亡数暴增医院尸体爆满
意大利新冠死亡数暴增医院尸体爆满急调数十辆军车运载尸体
意大利新冠疫情
意大利新冠疫情导致死亡人数激增
意大利新冠肺炎患者插管政策调整说法
意大利新冠肺炎治疗决策
意大利新冠肺炎确诊人数
意大利新冠肺炎确诊人数超6万
意大利死亡人数激增
意大利民防部部长
意大利版梁山伯与祝英台
意大利现场画面
意大利疫情
意大利疫情 当人类被圈起来世界又回归大自然了
意大利疫情严峻死者暴增求助军方处理尸体外媒哀叹比二战还可悲
意大利疫情全知道 悲愤
意大利疫情数据
意大利疫情生态变化
意大利疫情生态变化传闻传播期
意大利疫情防控措施
意大利确诊病例超6万部分医院限制60岁以上老人使用呼吸机
意大利累计死亡2978人
意大利罗马
意大利罗马周三下起前所未见的石头雨
意大利表演飞机相撞惨烈
意大利警察
意大利警察为防控疫情当街强行抓走六十岁以上老人
意大利警察为防疫情当街抓老人
意大利警察当街把65岁以上的老年人都抓了关起来
意大利警察当街抓老人
意大利贝加莫
意大利贝加莫市
意大利选择性救治政策描述
意大利部分地区
意大利防疫措施迟缓
意大利限制60岁以上老人使用呼吸机数量
意大利限制60岁以上老人使用呼吸机数量医生面临谁能得到救命的残酷取舍
意大利飞往喀麦隆客机乘客感染肺炎事件
意大利飞往喀麦隆的客机
意大利飞往喀麦隆的客机上乘客全部感染肺炎
意大利飞行表演
意大利飞行表演队
意思现在就不动工了哦
意料之中因为他忘记盖瓶盖了
意识模糊并最终不治
愚蠢
感人救援场景
感人爱情故事叙述
感人至深的真实事件
感伤配乐与萌态影像
感到失落
感到新奇
感动
感动[火][火]
感动、感谢与加油类
感动、祈福为主
感动与唏嘘
感动与敬意
感动与致敬
感动中国 神奇的K165次列车乘务组他们临危不乱15分钟挽救1318名旅客的生命致敬
感动中国荣誉称号
感动井盖被打开排水环卫人员暴雨中化身活路标
感动哭了
感动情绪
感动情绪传播
感动掩面痛哭
感动无数人眼泪流下来多少人看了都会流泪多多关心孩子
感动的泪水从嘴角流下来
感动落泪
感动😭 小天使加油
感受一下现场画风
感受到门窗震动
感受城市美好生活
感受现场画风
感叹你再不改变将无
感叹内容
感叹天灾频繁
感叹抖音之中 藏龙卧虎 深山之中 有凤凰 有的竟然 丝丝入扣 入木三分
感叹生不带来死不带去
感叹生命脆弱
感叹评论
感恩、奉献、责任、担当、诚信、利他、共生
感恩中国效忠马来西亚
感恩关注
感恩国家政策关怀
感恩快手官方提供绿色平台机会认识大家
感恩所有的遇见一起分享喜怒哀乐
感恩背后付出的人
感情受挫
感情纠纷
感情问题情绪激动
感慨内容
感慨命运无常
感慨平台信息传播评论
感慨情绪
感慨疫情严峻
感慨评论
感染EB流感
感染力最多下降99%
感染去世人数激增
感染女友
感染新冠病毒
感染新冠病毒的男子
感染新冠肺炎的女友
感染新冠肺炎的女友和未感染但自愿陪伴的男友
感染新冠肺炎的女友走完生命最后一程
感染新型病毒
感染源
感染病例占比逐步上升
感染肺吸虫病
感染肺吸虫病风险
感染风险
感激与心疼
感激之情
感觉一大波讨论即将来袭
感觉他们是看烟花的心态
感觉刚刚好❗️武汉长江水涨船高一货轮几乎贴着穿过长江大桥
感觉地面土壤有水分可以种树了
感觉晃悠了两下
感觉有点小核弹的威力了
感觉要给压歪了看着都疼
感谢
感谢中国海军
感谢你这么好看还关注我
感谢关注
感谢关注 爆料/合作 139975800@qq.com
感谢关注有情有义有乐趣点点关注
感谢关注欢迎投稿投稿方式：1、抖音直接私聊（时间+地点+事件）2、在评论区@主流日照
感谢关注醉美綦江玩重庆关注我带你捡趴活不迷路👆👆👆记录重庆美食美景打卡👉欢迎推荐好吃好耍好玩的地方👌 欢迎加入綦江捡趴趴群欢迎合作V 346934232👈
感谢分享
感谢叔叔我老太婆真的要谢谢你
感谢吉林卫视评论
感谢平处理我的上传视频和大家分享快乐时光
感谢快手官方提供绿色正能量平台
感谢您的关注🙏🏻🙏🏻动动小手点亮爱心🧡🧡投稿可发私信✍️✍️豹豹短期目标突破10w粉丝💪💪
感谢抖音
感谢抖音小助手 家庭教育 育儿经验分享
感谢抖音平台我要上热门
感谢抖音平台让我在这里认识这么多优秀的你们谢谢你们的关注与厚爱
感谢抖音这么优秀的平台宇宙探索海底探索地球生态未解之谜人文地理考古发现这里也许有你想要的答案喜欢➕关注每天更新
感谢抖音🎉感谢大家的支持🎉
感谢支持祖国
感谢救援人员
感谢曝光
感谢有你共克时艰
感谢用户响应留杭过年的防疫倡议
感谢粉丝陪伴与支持并呼吁关注其抖音号dy354520707
感谢给我的国家带来新冠
感谢蒙古国的捐赠中蒙友谊长存
感谢转发
感谢这些好心人
愤怒3个外国人在青岛插队还辱骂中国人
愤怒与不解
愤怒与悲伤
愤怒与担忧
愤怒与痛心
愤怒与谴责
愤怒情绪
愤慨
愤慨与担忧
愤慨与无奈
愤慨犯罪行为
愿一切安好
愿一切安康
愿一切平安
愿一切平安顺利
愿一切早日恢复正常
愿不再有伤亡
愿世界和平
愿世界和平情绪化表达
愿世界无灾无难
愿中国医务工作者平安健康宇宙能量护佑
愿交天下朋友
愿人平安无事
愿人平安没事
愿人民平安
愿人车平安
愿人都平安
愿你们平安归来
愿你修成正果
愿你平安
愿全机人员平安归来
愿四川的兄弟姐妹都平安
愿在外的中国同胞一切安好
愿大吉大利全家平安
愿大吉大利全家平安言论
愿大家都能平安
愿大美宕昌一切安好
愿天下人一切安好
愿天下无邪
愿天堂没有化粪池
愿天堂没有意外孩子一路走好🙏🏻
愿天堂没有火灾
愿天堂没有病毒
愿天堂没有病痛
愿好人一生平安
愿孩子平安
愿宝宝平安健康
愿家乡平安无事
愿家乡无事
愿寻子之路一切都好
愿寻子之路终有尽头
愿小天使平安健康
愿山东平安
愿山东平安等留言
愿平安
愿平安[祈祷]
愿平安吉祥
愿平安回家
愿平安归来
愿平安归来辛苦了
愿平安无事
愿平安湖北恩施州建始县城被淹灾情严重消防等部门已前往增援
愿平安留言
愿平安评论
愿平安🙏 连云港赣榆区一化工厂发生爆炸事故伤亡情况不明
愿广州早日结束疫情
愿悲剧别再发生安全员提醒老人别横穿老人不听遭火车碾压身亡
愿意和大家分享时间和快乐谢谢大家
愿意收养该婴儿
愿意购买
愿我们的子弟兵兄弟们平安归来
愿所有人平安
愿所有人平平安安
愿所有人都平安
愿所有人都平安无事
愿所有暴力得以停止
愿抗洪英雄平安
愿无人员伤亡
愿未伤及人员
愿每一位乘客平安[祈祷][祈祷]
愿每次出警都满员归来
愿江西平安
愿没有伤害
愿消防员平安归来
愿消防官兵平安
愿灾难早日过去愿所有人平安健康
愿灾难远离世人平安评论
愿疫情早点结束
愿白衣天使平安健康
愿看到的朋友分享给更多的人
愿祖国繁荣富强
愿车主平安归来
愿车主平安归来评论
愿逝者安息
愿逝者安息、伤者康复
愿逝者安息生者平安
愿都平安吧
愿风调雨顺国泰民安
慈善义卖
慈溪某地婚礼拱门离铁轨太近逼停火车
慌忙报警
慕•酩•相•约 荟•品•醇•臻
慢放就能减速
慰问台风受灾民众祝愿灾区早日重建
懂不懂什么叫一口饭一口汤
懂事得让人心疼
懂事的让人心疼
懂楼帝 联善看房
懒人变细
懒惰父子
懒惰父子及时察觉
懒惰父子吃喝拉撒不离床牛被饿死满不在乎如此贫困户要咋扶？
懒惰父子生活状态
懒惰行为
懒汉
戏剧性色彩
戏是好戏只是上台急了衣服忘穿了现场直击
戏称全兴队主场有仙人板板保佑
戏谑
戏谑与关注并存
戏谑与讽刺语气
戏谑传播
戏谑和调侃
戏谑回应
戏谑式传播虚假信息
戏谑态度
戏谑性或情绪化特征
戏谑性留言
戏谑性评论
戏谑性评论与网络迷因
戏谑性评论密集
戏谑性配文
戏谑或调侃
戏谑或鼓动性评论
戏谑表述
戏谑解读
戏谑言论
戏谑评论
戏谑调侃
戏谑调侃评论
成为事实
成人
成人咽痛伴头痛周身不适
成人的崩溃就在一瞬间
成功下载数据
成功完成试飞任务
成功定位被困人员
成功恢复被格式化的监控数据
成功把病毒抓入自己的肺里
成功把病毒抓入自己的肺里评论
成功抓获李某涛
成功抓获王某
成功抓获钟某仕和周某文
成功挽回生命
成功救出
成功救出女子
成功救出女童
成功救援
成功横渡约2000米宽河道
成功脱险
成功获救
成功解救事主
成功解救人质
成功转移被困群众
成功迫降飞机
成功靠坚持
成品
成品挂面
成年人
成年人应为自身行为负责
成年人的清醒选择
成年网红
成河
成立事故调查组
成精的鸵鸟
成绩排名
成绩真实性
成群上岸逛街
成都
成都五月花技师学院
成都体育中心
成都体育中心即将变为蜀王博物馆日门
成都体育中心原址
成都体育中心发掘蜀王陵一事
成都体育中心发现明代蜀王府
成都体育中心所在地为明代蜀王府遗址
成都体育中心改造时发现明代蜀王府标题
成都体育中心是蜀王府遗址
成都体育中心现在的哪个蜀王的墓考古
成都出发能否同行
成都到宜宾高速公路连环撞车
成都到宜宾高速公路连环撞车这下保险公司惨了
成都华阳某小区电梯内
成都华阳某小区电梯内婴儿被抢
成都华阳某小区电梯内抢人事件
成都华阳电梯内婴儿被抢
成都市
成都市体育中心
成都市体育中心下方
成都市体育中心发掘出蜀王陵秒变国家级博物馆……为成都点赞
成都市体育馆
成都市体育馆下方
成都市体育馆下方为蜀王陵
成都市体育馆下面
成都市体育馆下面是蜀王陵
成都市体育馆与蜀王陵
成都市体育馆与蜀王陵存在地下关联
成都市体育馆建在蜀王陵之上
成都市体育馆翻修发现蜀王陵
成都市区佳灵路突发火灾4名伤者不幸离世
成都市广播电视台33频道
成都市广播电视台33频道深夜快递
成都市广播电视台幸福美好生活频道官方账号
成都市武侯区佳灵路53号
成都广播电视台
成都暴雨
成都暴雨文本中
成都暴雨造成牛被洪水冲走
成都至宜宾500车连撞
成都至宜宾500车连撞事件
成都至宜宾方向郊区500米处
成都至宜宾路段
成都至宜宾高速500车连环相撞事故
成都至宜宾高速公路
成都讲个故事
成都金堂
成都金堂、简阳、龙泉驿及射洪等地
成铁微发布
成长总是一个痛苦的过程失望挫败气馁不断怀疑自己互助鼓励互相慰藉然后又重新开始
成长环境缺失父母关爱
成长背景
成龙
我20最帅不接受反驳
我70后出生在农村88年进入城市打拼从无到有经历了风风雨雨坎坎坷坷转眼间已到中年
我tm玩游戏地壳和我开玩笑
我一个卖茶的都不信
我上次买的那一克会不会贬值啊
我不优秀但我很善良
我不信这是爱
我不动你把我拉到派出所里去
我不哭 因为我是中国人 我不笑 因为我是个人
我不哭 因为我是中国人 我不笑 因为我是个人评论
我不想妈妈哭
我两次去都看见太和殿顶有乌鸦
我为了不打招呼会装近视眼
我为了不打招呼会装近视眼评论
我为群众办实事
我为身为中国人而骄傲评论
我乃钉子
我也不掖着藏着都是自家人我会努力的加油
我也可以没有她的大是很小颗的晶体
我也在想这个问题狗狗是人类的好朋友可是怎么还有那么多人和狗狗过不去？
我也在珠海没看到啊
我也是近视我为什么没有考上大学……因为她配的眼镜比我的大
我也是这样很小颗的晶体
我也是这样是很小颗的晶体
我也是这样是很小颗的晶体评论
我也看了那视频不知道是真是假
我也试过
我买到了一个假口罩幸好我知道如何鉴别
我今天也看到了
我今天才正了的
我从来不怕别人盗用我的指纹因为我根本就没有指纹
我代表河南人民感谢安徽
我以为是有人在里面
我以为爆米花呢这个爆米花爆得有点大
我以为飞过去是鸟
我们一直在你身边
我们一起看世界…
我们不儿戏
我们九月三号去就开了
我们仍然是我们
我们关注民生、法治与权利
我们南通都马上三四万了
我们家里考上一个
我们将向欧洲介绍中国经验对抗疫情需要全球合作
我们就是来抄底的
我们怎么没有
我们村最速奥迪A6LC8
我们槐林也有一些被淹了啊
我们江苏省常州市零下6度幼儿园都停课了
我们玉林棒棒的
我们的历史不能忘
我们的手机通话内容会被软件监听吗？测试后我惊呆了...
我们相识是一种缘份相爱更是上天的安排
我们要坐地铁
我们身边的食品面条放在水中泡十多分钟出现胶状物
我们身边的食品面条放在水中泡十多分钟就会出现胶状物
我们附近的
我会好起来的
我会弃车
我信你个鬼
我假装不知道是特效
我去
我去抓两只[捂脸]
我去捡鱼
我又可以收一批泡水车了
我又没病
我发功啊我发功退洪水啊退洪水
我叔叔我妈的男朋友
我只想看看有没有伤到人
我只想知道它怎么刹车
我只想知道支付宝能否倒闭
我只想说国外欢迎你回中国干嘛蹭免费医疗费啊不好意思不欢迎你们拜拜嘞你们
我只是来展示才华
我可不可以晚一点死啊
我可不可以晚点死啊
我可以去扛一块么
我可以啊
我听过手抓饼第一次听说手抓病毒
我和你小妹走了别伤心别难过
我和我的祖国
我和我的祖国一刻也不能分割
我哥买了十万在日本才买的到预售的
我哭了
我喜欢交朋友尤其是聊得来的那种
我喜欢吃这种胶
我喜欢自驾旅行
我回巴中就方便了高铁灰机都有了 巴中欢迎你
我国
我国华人在加拿大遭欺负
我国南北千年鸟道
我国政策
我国最大淡水湖
我国立式机器人技术水平
我国自行研制的立式机器人
我国首次火星探测任务
我国首次火星探测任务取得圆满成功
我国首次火星探测任务圆满成功
我国首次火星探测任务成功
我在上面撒过鸟
我在北京地铁、遇 见好事
我在大唐芙蓉园见到大鹅喂鱼
我在大新疆都能知道商丘的消息 你说我累不累
我在快手涨知识 高空抛物
我在抖你在笑生活正美好
我在红尘等你人间
我在贵池呆了30年都没看过
我大中国地图已挂在天上
我大中国的医生护士还报名去抗疫
我大周口[赞]
我大宕昌加油
我太难了😫交警 @抖音小助手
我太难了😹好心办坏事儿
我奶奶是捡废品的
我好想笑
我妈男朋友是派出所的
我妹妹的学校
我家也几乎都得了
我家也几乎都得了评论
我家住嘉陵江旁边在楼上目睹了一切
我家钱真是大风刮来的
我就是刘海燕
我就是我不一样的烟火
我就是繁峙的
我就是驻马店的怎么不知道
我就是骂人我是美国人你少管闲事
我就看看不发表意见
我就知道中国话会走向国际
我就问你配不配合？
我市主城区公租房分配2297套市区已分配保障房达到103个小区共23000余套
我市实施飞机喷药防治美国白蛾
我希望这些车可以永远停在那里等待主人归来
我希望这些车可以永远停在那里等待着主人的归来
我常有好主意
我弟弟也是因为溺水去了天堂
我当然拒绝了我又不傻
我很庆幸做了正确判断
我很有趣关注我的你很有眼光用最严谨的态度做你最想看的视频投稿邮箱：2747195221@qq.com
我得梦想就是弹射起步
我得赶紧回家拆老房子评论
我怎么就这么不相信这是真的
我想买个老婆会推荐吗
我想去体验一下
我想把球赛踢完
我想把球赛踢完我答应过妈妈
我我我碰到了……看来全身上下就脸瘦了
我手机怎么用不了这个特效
我拍照开磨皮怕啥
我拿着丘比特之箭追啊追你穿着防弹背心飞啊飞
我敢肯定世界上绝对会有外星生物
我昨天去还要收费
我是一切的根源
我是一帆风顺、爱唱、爱跳、性格开朗友友们你们觉得我好就给我多评论和点赞吧、谢谢
我是不一样的烟火
我是不怕得罪人的老普每周更新三到四期真实评价、实话实说
我是个爱讲真话的热心市民谢谢你的关注有问题记得私信我
我是中国人我骄傲
我是丽丽
我是你世界上最美的情郎未来的你无论怎样都是我的姑娘一个常年孤身漂泊东南亚的国际安全顾问
我是单身狗
我是卧底卧底被自己人干了
我是大连人我为大连加油 大连必胜加油
我是宜宾防疫达人
我是总统你是假新闻
我是手机摄影布袋
我是春节守护者
我是模控生命裂造的第一個私人目
我是演员影视、话剧演员
我是玉林的
我是瑶族姑凉我来自湖南致敬英雄传递正能量感谢你的关注
我是警察我陪你一起死行吗？
我是这里的业主
我曾经跟一个人无数次擦肩而过衣服都擦破了也没擦出火花
我最爱吃猪肉吓死我了
我最讨厌坏人😏
我有十年没有见过我们村村长了更别说骑自行车了
我有点服
我有点服评论
我有答应过妈妈我会好起来的
我期待的结果终于来了
我本来都想游水回去的了但是看了这视频哎算了
我来也
我母校
我气的砸手机
我没戴口罩我也在工作
我泪崩了
我爱中国
我爱人
我爱你中国
我父亲是南宁市某公安局副局长
我爸在我旁边眼神很奇怪刚起身朝鸡毛掸子走去了
我爸是公安局副局长
我爸是公安局副局长说法
我特么满背九龙拉棺给我吓的都不敢出门了
我特么满背九龙拉棺给我吓的都不敢出门了评论
我现场看了震撼
我用也炸了只是没受伤
我用火花塞把隔壁车玻璃搞碎被报案
我男朋友是消防队的
我的发
我的同学
我的国籍是马来西亚我的祖国永远是中国
我的天哪这个配音和画面太决绝了吧简直是可爱到爆炸
我的天啊阿弥陀佛
我的家乡
我的家乡在吉林 欧亚海立方海洋公园海洋主题的竟然整个狗来表演
我的家乡挺住
我的家乡重庆綦江洪水227.4米天灾无情愿所有人平安
我的快手影集
我的抖音号
我的抖音号号
我的母校武警还是我同学
我的潮流生活
我的爱情宣言是：一个时对自己好两个时对对方好
我的猪圈就是这样的
我的生活日记 小天说 传递正能量
我的矿被你们发现了……一点小意思
我的这个账号过几天可能要注销
我的这个账号过几天可能要注销喜欢我的朋友可以搜索一宝妈妈关注我感谢大家喜欢与支持
我的闽G 00000 别人看了都要拍照
我相信外星文明
我看到有个猴拿了两个……全网通缉
我看见老猴踩了小猴一下
我真的哭死可怜的考拉
我知道这是那里
我硕士毕业都不如人家
我种过要打 是的只是这也是没办法的
我竟然和墓地是邻居
我笑他人看不穿他人笑我太疯癫
我累了坐会你飞吧
我终于知道为啥叫战斗民族了
我给你两个钱以示感谢
我肯定没z坐这个
我能分只羊腿吗
我能吃到一口肉吗
我虚锤子……
我虽然吃不到但还是要说一声谢谢
我行我素未听从提醒
我表嫂就在这里走了必须负责
我被思思格格给骗了
我要一部这样的手机评论
我要上热门 下条视频更精彩
我要打911了
我要是娶了她就天天打到她哭
我要流量
我警告你不要动我啊
我记得这是个广告视频
我评了我的就是你没人救我
我说你听说的不好笑笑就过了
我说把这块石头抱起来
我谢谢姐妹妹和哥们
我质问扶贫慈善社保医保等国家的官员们如果发生在你们家庭里会怎么样场景？
我还是以前的我从不改变
我还是我文明交友交有修养内涵干净的朋友闲杂人士请绕道而行
我这个老婆子做饭做不过来了
我这么喜欢你给个面子回复一下呗~
我这里都没事
我邻居平时挺温柔的
我都怕
我都笑的差气了[赞]评论
我醉啦醉啦醉啦醉在云南的茶园里啦
我错把醋当成了墨写了半背子都是酸的
我闺女今天刚高考我高兴
我靠发财了
我靠发财了评论
我骄傲我自豪
戒严
戒赌
戒赌手段
戒除赌瘾
或许人类才是病毒
战争
战争事件
战争亚美尼亚
战争炮火
战争被伊朗人围观如烟花
战争被当作烟花观看的说法
战友
战友走好 敬礼
战斗民族
战斗民族体质强
战斗民族就是厉害
战斗民族就是这样诞生的
战斗民族是怎样炼成的俄罗斯学生暴雪中前进零下45度才停课
战斗民族的孩子
战斗民族的真实写照
战斗民族绝不是吹的
战斗民族连小朋友都这么能吃苦耐劳
战狼警告
战略抄底
战略收储
战略自信
战疫chuan行动 严惩南充男子未戴口罩不听劝还刺伤城管队员获刑6个月
战疫临近胜利 小区居民悬挂国旗感动网友加油
战疫临近胜利全国人民共同努力下中国疫情不断好转
战疫全时区
战胜疫情dou行动
战胜疫情dou行动 武汉加油 催泪系
战胜癌疫
战舰世界玩多了吧
截图保存打开快手立即观看
截肢
截至12月7日
截至15:30
截至2018年7月6日凌晨4时
截至2019年12月4日02:40
截至2019年6月18日5时20分
截至2020年10月15日11时30分
截至2020年6月14日8时30分
截至2020年7月13日凌晨2时
截至2020年8月6日23时
截至2021年6月13日14时许
截至23日18时灾情数据
截至2月10日8时
截至3月22日
截至3月29日深夜警方仍在现场勘查
截至3月7日凌晨2时40分
截至6月11日
截至7月9日
截至信息发布时
截至信息发布时间
截至发稿时
截至当地时间3月18日18时意大利累计确诊35713例
截至当地时间4日晚无迹象表明是袭击事件
截至当地时间7月6日17时
截至当日中午12时
截至时间
截至目前
截至通报时
戴口罩
戴口罩上台
戴口罩上台的两名女生握手
戴口罩上台的毕业生握手
戴口罩参加毕业典礼
戴口罩学生
戴口罩毕业生
戴口罩毕业生上台
戴口罩毕业生下台
戴口罩毕业生握手
戴口罩毕业生被拒握手事件
戴口罩毕业生被拒握手情节
戴口罩的女性毕业生
戴家堡子附近
戴帽子猜测性言论
戴辉
户主
户口本
户外运动
户某
房产经纪
房价
房价如葱言论
房华说山东
房地产估价与经纪协会常务理事
房地产全程策划
房地产税
房地产税实施
房地产税开征
房地产税是否应加征
房地产税立法
房子分完了才知道
房子塌了
房子建太高怕撞
房子质量引质疑
房屋
房屋与山体之间
房屋严重受损
房屋倒塌
房屋出现裂缝
房屋受损
房屋和基础设施受损
房屋在改装作业时发生结构失稳
房屋地基
房屋坍塌
房屋坍塌事故
房屋墙体
房屋泡水
房屋泡水问题
房屋漂流记
房屋漂流记描述内容
房屋突然坍塌
房屋被冲
房屋被卷走
房屋被埋
房屋被推平
房屋被掩埋
房屋被毁
房屋被淹
房屋被淹、汽车泡水
房屋被淹后村民
房屋被炸毁
房屋质量
房屋质量好
房屋质量鉴定结论
房梁藏有几十斤金银财宝
房租催缴对话
房间门窗反锁的情况下服毒身亡
房顶脱落的腻子
所上传照片
所以他是不是真的
所内
所发视频真实度百分百
所售猪肉
所幸
所幸工作人员赶到
所幸无人员伤亡
所幸无生命危险
所描述事件
所描述全机无乘客、仅载物资于座位的场景
所描述内容
所描述情况
所描述的入境限制政策
所描述的奇异天象
所描述的寄生虫
所描述的寄生虫现象
所描述的海市蜃楼现象
所描述项目
所有下高速人员
所有乘客从意大利飞往喀麦隆的客机上感染肺炎
所有亲爱闺蜜
所有人
所有人员
所有人在中国境内
所有作品
所有动物表演的动物都是这么过来的
所有受困人员
所有员工
所有在中国境内的人员无论国籍都应遵守疫情防控规定
所有在华外国人
所有在华外国人遵守防疫规定
所有在华外国人须遵守防疫规定
所有学生
所有密切接触者
所有师生
所有年龄患者都应得到适当治疗
所有村庄
所有残骸和遗物被挖掘完毕
所有涉案人员
所有被困人员
所有被困车辆
所涉视频及情节
所涉银行印章信息
所用药物
所用视频
所称被拐儿童与谭添华关联
所称车内画面曝光
所谓EB流感
所谓中华人民共和国外交部、国家移民管理局公告
所谓五角大楼发布UFO视频
所谓供货商因欠款讨债情节
所谓供货商因欠款讨债说法
所谓健身器材自行运动
所谓免费打电话
所谓免费通话、免费上网的北斗手机
所谓免费采摘
所谓公告内容
所谓十艘医疗军舰描述
所谓发功退洪行为
所谓变脸鸟
所谓喷漆可躲避航拍或卫星监测
所谓四川整座山移动垮塌事件
所谓坐师
所谓塑料大米正在生产
所谓墨西哥国家地震局消息
所谓复旦毕业的说法
所谓威尼斯运河变清澈、海豚回归
所谓寄生虫实为晶杆体
所谓导弹攻击
所谓引用
所谓意大利帅尔马省医生说法
所谓意大利情侣为爱殉情
所谓成都体育馆下发现蜀王陵的说法
所谓挂面泡出胶
所谓捐出全部收入
所谓文山初一女生
所谓无人对口就业描述
所谓日本上市高仿真妻子机器人被抢购一空
所谓水怪
所谓永久关闭政策
所谓泡出胶
所谓测试
所谓海边大量尸体
所谓消毒前、消毒后对比
所谓碰瓷行为
所谓第四波疫情来势涵池
所谓老鼠集体自杀
所谓肺部钻洞咳血
所谓虐待说法
所谓视频篡改
所谓轰炸机在月球原图
所谓轰炸机在月球图片
所谓轰炸机在月球图片实为伪造
所谓重要公告
所谓闹鬼现象
所谓霍金临终前三大警告
所谓飞机实为视觉误导
所谓鱼群涌入天鹅回归等现象
所谓鸭子大军赴巴基斯坦灭蝗
所述为真实灾情
所述事件
所述事件为真实新闻
所述事故
所述内容
所述地点
所述地震事件
所述奖励汽车及停车优惠政策
所述情况
所述情节
所述情节荒诞
所述现金被吹散事件
所述病毒危害性
所述细节
所述荣誉
所述迫降事件
所述飞防行动
所附视频
扇嘴巴
手 中国 2 一 中
手刹
手套是否更换问题
手工菜
手抓病毒？还是庆幸生活在中国
手指是否能碰到耳垂
手指长度与耳垂接触的评论
手摸副驾大腿
手术
手术治疗
手机
手机APP存在语音窃听
手机APP未经允许开启麦克风窃听语音
手机一定不要在睡觉时放在床上充电
手机不要边玩边充电
手机充电安全问题
手机充电安全隐患成因
手机充电害死一家人
手机充电害死一家人文本中
手机充电爆炸致广西两孩死亡
手机千万不要放这儿
手机在睡觉时放在床上充电
手机安全使用争议
手机放错位置充电引发火灾致人死亡
手机放错位置导致俩孩子亡
手机放错位置导致俩孩子亡两儿女当场死亡家人被大火无情吞噬
手机是否被加热
手机比命重要
手机江西台官方抖音号
手机爆炸
手机电量仅剩0.01%时也要为他们点赞
手机电量剩0.01%时点赞
手机融媒体 直达千万屏
手机辐射把玉米变成爆米花
手机辐射致玉米变爆米花
手臂
手舞足蹈
手舞足蹈、念念有词
手语
手都抖了
才40年肉串店都卖60年以上的高龄冻品
才华与知识
才华横溢、博古通今
才华被浪费
才抖音
才拘留15天？
才求助赊米
扎兰屯市
扎兰屯等地有轻微震感
扎门乌德免疫无疫区
扎门乌德口岸
扑救
扑救山火
扑救工作
扑救火灾
扑救行动
扑救过程视频
扑火行动
扑火队员
扑火队员出征影像
扑火队员出征画面
扑火队员抵达火场瞬间
扑火队员牺牲事件
扑火队员生前最后影像
扑火队最后的出征瞬间
扑火队长
扑灭应为正确用词
扑灭明火耗时
扑灭火情
扑灭爆燃
打110
打个视频电话就行
打了个太极
打人女子
打人女子声称背景关系
打人男子
打人者
打人者声称已报警
打人者是否道歉
打人行为
打人行为不可接受
打保龄球式
打倒在地
打击不法商贩
打击美国全境能力
打卡时代
打双闪
打开井盖
打开嫌疑人档案的既视感
打开带月亮圆图片的微信红包封面
打开拨号键盘后点击畅连通话
打开新流财经APP观看视频
打开更大的世界
打开车门
打得好打得大快人心
打得好打得大快人心评论
打捞
打捞凤凰号涉事船只
打捞工作
打捞户
打捞户目睹的场景
打斗事件
打断龙脉
打断龙脉评论
打架女孩
打架斗殴
打架斗殴事件
打架斗殴事件中一方人员
打架斗殴可能涉及的法律责任
打游戏
打火机
打火机点烟
打火机点烟行为
打火队出发场景
打火队员
打电话不用钱
打电话不花钱、上网不用流量的手机来了
打电话不要钱
打电话免费
打电话求助
打的号评论
打的好评论
打破恐惧
打砸
打砸事件
打砸夜宵档案件
打砸夜宵档疑犯落网 网友称大快人心
打砸破坏
打砸行为
打砸行为是对法律的公然挑战
打耳光给不戴口罩者
打药了悠着点
打针后的脓点
打麻将疫情处罚事件
打麻将的游街走起
扔出婴儿者
托普计算机职业学校
扣6分罚200元
扣6分罚款200元
扣分比扣钱重要
执业律师
执业律师罗胃榆
执勤交警
执勤交警与老人
执勤交警的评价
执勤车辆安全检查
执勤车辆安全状况
执勤队伍
执法为民、服务人民
执法人员
执法人员下跪
执法准确性
执法力度
执法力度是否足够
执法办案区
执法动作抱腿顶摔
执法合理性
执法安全性
执法安全问题
执法对象
执法检查
执法犯法
执法直播台
执法者应以身作则
执法行为
执法视频
执法警员
执法记录仪画面
执法证件
执法过程
执法过程中
执法过程中发生交通事故事件
执法过程中的人性化细节
执法部门
执法部门是否存在不作为现象
执法难度大
执行不力
执行了吗？
执行层面
执行紧急任务的救护车享有优先通行权
执行难度
扩大
扩大传播
扩大信号覆盖范围
扩大果菜茶有机肥替代化肥试点
扫射
扫描二维码
扫描二维码下载微兔gogo客户端
扫描关注@yah589661062yumir
扫码关注
扫码支付
扫音
扬子晚报
扬子鳄
扬子鳄上岸事件
扬子鳄出现
扬子鳄捕食小鸡
扬子鳄活动范围扩大
扬子鳄：你干嘛不跑我不要面子的嘛
扬州市天航绳网有限公司
扬州市广陵区人民法院
扬我中华不败之气概
扬我国威为你点赞
扭曲变形
扮相不合规范
扳手
扶志扶智
扶持人质
扶贫对象责任问题
扶贫工作
扶贫干部
扶贫干部与懒惰父子
扶贫干部怒怼懒惰父子47岁懒成这样幸福是干出来的
扶贫干部怒怼懒惰父子事件
扶贫干部怒怼懒惰父子牛被饿死、家成狗窝还想让咋操心
扶贫干部怒怼懒汉父子官方回应：正商议如何处理干部
扶贫干部自掏腰包上保险
扶贫干部言论
扶贫扶不了懒辽宁扶贫干部怒怼懒惰父子：还想让咋操心？
扶贫扶不以懒
扶贫扶智更要扶志的社会议题
扶贫更要扶智和扶志
扶贫牛
扶贫牛被饿死
扶贫领域伦理争议
批判养狗人群
批判养狗人群言论
批示
批评
批评一户人家父子
批评四川金山寺动机
批评声音
批评大爷观点
批评将战争当娱乐
批评彩礼陋习观点
批评态度
批评性评论
批评意见
批评懒惰现象
批评执法行为的声音
批评救助不及时
批评教育
批评施暴者过度的评论内容
批评未付费用评论
批评边境墙政策
批量进口马滴
扼腕痛惜事件
找到没
找回失窃车辆
找抖音卖胶带的来修
找抖音卖胶带的来修评论
承包商
承包商投资300多万的花生遭数百村民哄抢村长表示拿他们没办法
承包商收花生遭数百村民尾随捡拾连续三年村干部称人太多根本管不住
承包商收花生遭村民哄抢
承包土地种植事件
承包行为是否合法
承德观世界所在地
承德观世界所在地的承包商袁先生
承担赔偿责任
承接各类建筑劳务机械设备租赁专业让你更放心
承认私生子
承诺
技术保密的重要性
技术可能领先千年
技术外流
技术太发达了
技术完善阶段
技术性环保造假手段
技术性错误
技术描述
技术疑点
技术识别问题
抄底原油任务
抄底战略
抄底抢油
抄底抢油中国84艘巨轮拔锚起航全球最大船队直扑海湾
抄底行为
把人吓死
把人逼成这样也不容易
把剩下的钱帮我抬到隔壁工商银行去
把大师丢水里试试
把工作做好
把我下的一哆嗦
把我的签名拿到网上卖能值一万美元
把我鱼都吓跑了
把所有的井盖全部打开
把气放一点不就过去了
把涉事者收容进香看守所
把物资运回国
把球赛踢完
把自己交给了死神
把这大师扔水里堵口子去
抒情式无关意象
抒情性陈述
抒情或隐喻观点
抓了一个黑人FBI
抓到人贩子给他千刀万剐
抓到就好
抓到没有
抓呗
抓得好
抓捕一名黑人
抓捕事件
抓捕全过程
抓捕抢劫犯罪嫌疑人马某
抓捕画面曝光玉林 返乡杀妻烧车男子落网
抓捕行动
抓捕误会
抓捕过程中是否需对罪犯受伤负责
抓捕过程中的抱腿顶摔动作
抓握和站立
抓握和站立困难
抓新冠病毒
抓新冠病毒的方法
抓的cia几个捕头儿要抓西厂的人
抓的cia几个捕头儿要抓西厂的人类比
抓自己身上了
抓获
抓获嫌疑人
抓获犯罪嫌疑人
抓起西瓜刀挥舞自保
投喂口罩
投喂行为
投奔亲戚打工
投毒杀人事件
投稿
投稿/合作邮箱
投稿与删稿用途
投稿与删稿联系方式
投稿与合作
投稿与合作方式
投稿与商务合作信息
投稿及合作
投稿及合作信息
投稿及商业合作信息
投稿及商务合作
投稿及商务合作邮箱
投稿及商务联系信息提供者
投稿及商务联系方式
投稿及爆料方式
投稿合作
投稿合作邮箱2261571251@qq.com
投稿合作邮箱754644599@qq.com
投稿方式
投稿来源
投稿渠道
投稿私信
投稿联系方式
投稿联系方式qbbl198@163.com
投稿联系电话
投稿要求
投稿邮箱
投稿邮箱2200818@qq.com
投稿邮箱2720856053@qq.com
投稿邮箱dianshivideo@163.com
投稿邮箱gyrmt2020@126.com
投稿邮箱starxingshipin@163.com
投稿邮箱与新闻热线
投稿邮箱与电话
投稿邮箱信息
投稿邮箱及合作信息
投稿邮箱及合作方式
投稿邮箱及联系方式
投稿邮箱及要求
投稿邮箱：2720856053@qq.com
投稿邮箱：zjdaily111@163.com欢迎将生活中那些正能量的、暖心的、有趣的、泪目的瞬间与我们分享
投诉
投诉传真
投诉医院
投诉求助热线
投诉爆料、交通事故、正能量相关视频可私信或发fm93zjjtzs@163.com
投诉爆料热线
投诉爆料联系方式
投诉爆料邮箱
投诉理由
投诉电话
投诉行为
投诉途径
投诉邮箱
投资人眼光展开讨论
投资有风险入市需谨慎
投资纠纷
投资者
投资行为
投食救助
抖in邯郸
抖一抖就知北青有没有~
抖出3万余元人民币
抖出你的国际范儿
抖出美好生活
抖手梦回迁
抖来涨知识
抖起来
抖起来更有范儿
抖音
抖音 X 捍音 气
抖音/全媒体账号发布者
抖音@我们
抖音@或邮箱scrbgf@163.com
抖音、今日头条平台
抖音、头条、今日头条等平台
抖音、西瓜视频等平台
抖音不仅玩的是开心同时也体现出个人的教养修为和人品
抖音不要当真
抖音二维码
抖音作品投稿邮箱：jaqrmtzx@126.com
抖音作者
抖音信息不可全信
抖音内容
抖音内容分享
抖音内容发布者
抖音剪映号7507775412
抖音十
抖音南方plus客户端
抖音博主
抖音及西瓜视频内容
抖音发布者
抖音号
抖音号1883197279
抖音号2242046360
抖音号332486565
抖音号7925343278
抖音号903710806
抖音号:cjzhenglaosi
抖音号CZSjt01
抖音号QQ360667772
抖音号bxgz
抖音号dy354520707
抖音号legal daily net
抖音号wd88868886
抖音号weifangfm881
抖音号ycwbycp
抖音号ycwbycp发布内容
抖音号zhao15346040189
抖音号不接受报警举报
抖音号信息
抖音号关联信息
抖音号徽狼自驾
抖音官方账号1332395178
抖音小助手
抖音小助手 安全出行
抖音小店经营者
抖音工具
抖音平台
抖音平台上的有趣创作者
抖音平台传播
抖音平台内容
抖音平台实现明星梦
抖音平台或其他社交媒体
抖音平台或类似短视频平台
抖音平台或类似社交媒体
抖音平台文本
抖音平台用户
抖音平台虚构内容
抖音或其他短视频平台
抖音或其他社交媒体
抖音或其他社交媒体平台
抖音或其他网络平台
抖音或其他自媒体平台
抖音或类似短视频平台
抖音扫码
抖音投稿信息
抖音投稿引导信息
抖音投稿渠道
抖音推广信息
抖音搜索湘湘投稿库
抖音文本
抖音极速版领现金
抖音正文内容
抖音正能量
抖音汽车博主
抖音海外版
抖音湘湘投稿库
抖音火山版
抖音热门
抖音热门 我要上热门
抖音热门 正能量 华为推出北斗手机打电话不要钱全球上网不用流量为华为点赞
抖音爆料邮箱
抖音用户
抖音用户194823352
抖音用户964784928
抖音用户NBSWCZX
抖音用户Yyg141319
抖音用户一人一车一飞机带你环游江西
抖音用户历经千辛万苦才有了你
抖音用户发布的短视频信息
抖音用户我有完美走遍天下
抖音用户红姐
抖音直播
抖音相关账号标签
抖音社区及创作者关注
抖音私信
抖音私聊
抖音科音号
抖音等平台
抖音等短视频平台
抖音粉丝
抖音视频
抖音财经
抖音账号
抖音账号0716jrgz
抖音账号1020117918
抖音账号1047372988
抖音账号1083038842
抖音账号1143783817
抖音账号1169871758
抖音账号1193948392
抖音账号1197751113
抖音账号120996208
抖音账号1332395178
抖音账号1459891634
抖音账号1509731544
抖音账号1613983488
抖音账号1629192604
抖音账号18190376858
抖音账号18282736381zhou
抖音账号1830737999
抖音账号1893602830
抖音账号1947918986
抖音账号196918461
抖音账号1984652406
抖音账号2050503081
抖音账号2061700700
抖音账号2187904820
抖音账号2207580165
抖音账号2397580165
抖音账号335421653
抖音账号345652118
抖音账号392151278
抖音账号52202334091
抖音账号580000425
抖音账号599237627
抖音账号783301220
抖音账号792619786
抖音账号88888888love yi
抖音账号903710806
抖音账号928868589
抖音账号931zckl
抖音账号948091400
抖音账号964784928
抖音账号@新大庆
抖音账号@鞍山妖山玖火锅
抖音账号CF1787871
抖音账号KM187 W
抖音账号L6677889900 S
抖音账号LMH5201314
抖音账号LONGYANZB
抖音账号Luke9271078
抖音账号Luke9271078发布
抖音账号Morning HI影响湖南
抖音账号NBSWCZX
抖音账号Shang8619
抖音账号TBL333
抖音账号bqynet
抖音账号cishicike520
抖音账号d783301220
抖音账号dygn5c3wybor
抖音账号fishclip
抖音账号haha159818
抖音账号hbzs1046
抖音账号hfrxny
抖音账号hubei daily
抖音账号lcwb
抖音账号mrgcgf
抖音账号nnzf666
抖音账号nydt1042
抖音账号pengyou1237
抖音账号rcjysbxxb
抖音账号rmrbxmt
抖音账号rzshaonianyou
抖音账号scgcnews
抖音账号shb96005900
抖音账号xianhe1306888217
抖音账号ycwbycp
抖音账号youth007@126.com
抖音账号为中国航天员点赞号
抖音账号人间冷暖情
抖音账号作者简介
抖音账号发布
抖音账号发布者
抖音账号发布者个人陈述
抖音账号名称
抖音账号小强热线
抖音账号小鱼视面
抖音账号开心就好开心就好开心就好
抖音账号我们一起看世界…
抖音账号抖音记录美好时光🌞
抖音账号未解之谜夫哥
抖音账号正文
抖音账号泰皇岛日报
抖音账号湘湘投稿库
抖音账号科音号：903710806
抖音账号经济晚报 速新闻
抖音账号网红长沙 REDNETCS
抖音账号老普玩的转
抖音账号虹新闻
抖音账号触电上海
抖音账号邯郸事 天下事 事事关心
抖音账号都市爆料
抖音账号青蜂侠
抖音陪你环游世界
抖音青少年
抗争情绪
抗击新冠疫情国际分享
抗击新冠肺炎疫情
抗击疫情 四川一家9口湖北探亲滞留吃光亲家3头猪还有30多只鸭、几百斤米已住40多天
抗击疫情我们一起加油
抗击疫情江西在行动
抗击疫情的亚洲企业家获点赞
抗击疫情的关键时期
抗击疫魔燃放特殊烟花地点
抗日英雄海贝思
抗洪
抗洪一线18小时
抗洪事迹
抗洪子弟兵
抗洪官兵水中坚守气功大师发功退洪？？？
抗洪抢险
抗洪抢险任务
抗洪抢险行动
抗洪救援
抗洪救灾
抗洪精神
抗洪行动
抗灾情绪表达
抗灾自救 守护家园
抗疫一线
抗疫主题口号
抗疫另类爱
抗疫对比中的民族自豪表达
抗疫工作者
抗疫工作者喷洒消毒液事件
抗疫英雄
抗疫英雄当之无愧
抗疫表现
抗疫防控学习班第一期
抗癌原因与食用杏密切相关
抗美援朝 美军记者镜头下真实的冰雕连 致敬先烈
抗美援朝志愿军冰雕连战士牺牲时影像
抗美援朝时期
抗美援朝期间真实影像
抗美援朝长津湖之战九兵团冰雕连牺牲场景
抗议人群
抗议民众
抗议活动
抗议者
抗议警察暴力执法示威活动
抗震能力强
折叠刀
抚养权等家庭纠纷
抚顺主页君
抚顺发现疑似野生东北虎出没
抚顺市多地村民
抚顺市林草局
抚顺新媒体联盟
抠门可以保命
抢个沙发
抢修
抢劫
抢劫与故意毁坏财物
抢劫罪
抢劫金店犯罪行为
抢去的不值钱 镀金的
抢夺事件
抢夺儿童行为
抢夺全过程
抢夺案
抢夺案嫌疑人
抢夺罪
抢夺罪判决结果
抢夺行为
抢夺项链行为
抢夺黄金手链行为
抢救
抢救中
抢救伤者
抢救无效
抢救无效死亡
抢救无效身亡
抢救治疗
抢救设备无法使用
抢档
抢油行动
抢油行动描述
抢纸冲突事件
抢蒜
抢购一空
抢购口罩
抢购物资行为
抢走黄金手链
抢险
抢险人员
抢险任务
抢险工作
抢险搜救工作
抢险搜救工作仍在进行中
抢险救援
抢险救援任务
抢险救援力量
抢险救援工作
抢险救援支持
抢险救援进行中
抢险救灾
抢险救灾工作
护佑学生的师者担当
护坡下方
护士深受触动
护村队
护村队巡查
护栏
护栏阻碍通行
护照
护航高考2021
护送考生事件
报•新闻热点 道•社会百态
报名费用
报复行动
报平安
报应
报应来得快
报料、合作 邮箱:1106689900@qq.com
报料、合作邮箱：1106689900@qq.com
报料合作邮箱:1106689900@qq.com
报料渠道
报料热线
报料邮箱rmtzx0001@163.com
报料邮箱及微信号
报案
报案方式
报警
报警人
报警人女子
报警信息
报警内容
报警处理
报警并由电力系统断电救援
报警救援
报警求助
报警行为
报警资源
报警资源被占用
报这个专业只是为了名正言顺打游戏
报道
报道中声音来源
报道位置不准确
报道位置信息
报道内容
报道发布时间
报道整体
报道来源
报道氛围
报道目的
报道素材
报道配文
报道风格
披着袈裟的魔
披露UFO真相
抬人
抬桌子走10公里
抬桌子走10公里处罚
抬桌子走10公里惩罚
抬桌子走10公里惩罚的评论
抬桌走10公里
抬棺人员
抬棺人员与家属之间关系
抬着桌子走10公里
抬着麻将桌行走10公里
抬着麻将桌走10公里的处罚
抬麻将桌走10公里
抱团取暖
抱头躲避于课桌下的防护措施
抱抱
抱火下楼行动
抱腿顶摔
抱腿顶摔执法动作
抱走孩子
抵制情绪
抵御洪峰过境
抵杭后至离杭前10天行程
抵达杭州
抹多少润滑油能自己动
抹香油可防感冒
押款车
押解行动
抽搐
抽烟
担心制造光速飞船改变过去
担心化工污染影响
担心的事来了旋转大爷撞飞小姑娘…
担心被女友实时定位
担心被女友通过身份证绑定银行卡并实时定位
担忧
担忧与反对声音
担忧化工厂安全隐患评论
担忧态度
担忧情绪
担忧评论
担架摆放于现场
拆房过程中
拆旧屋发现十几斤黄金白银
拆迁
拆迁补偿标准
拆迁补偿标准过低
拆除旧屋时
拉下手刹
拉住失控车辆
拉入黑名单
拉基那亚特拉姆
拉屎
拉扯
拉杰格尔一处村落
拉架
拉横幅
拉横幅上访
拉瓜迪亚机场
拉瓜迪亚机场供电
拉瓜迪迪亚机场
拉石子的货车
拉石子的货车侧翻压人事件
拉绳断裂
拉网式排查
拉西·布朗宁
拉达克
拉达克中央直辖区
拉近全球华人距离
拍出来不行吗？还做手术
拍到不明动物视频
拍到不明动物视频热传
拍卖成交
拍卖闹剧
拍客
拍客投稿
拍客投稿与听众投诉
拍客投稿或听众投诉
拍客投稿渠道
拍客投稿邮箱
拍张照就把你的指纹偷走你信吗？
拍抖音
拍摄到真实火山爆发
拍摄到视频
拍摄剪辑
拍摄地形地貌图
拍摄地貌影像
拍摄方式是谁拍的
拍摄时间
拍摄者
拍摄者安全
拍摄者态度
拍摄者未及时施救仅在一旁录像
拍摄者行为
拍摄者身份质疑讨论
拍摄行为
拍摄视频
拍摄视频的居民
拍摄记录
拍摄记录不可信场景
拍摄都真勇敢
拍照时摆剪刀手和伸大拇指点赞可能会泄露你的指纹信息
拍照时比剪刀手可能导致指纹信息泄露
拍照比剪刀手
拍照比剪刀手会泄露指纹信息
拍照比剪刀手可能导致指纹被盗
拍照比剪刀手是否会泄露指纹
拍照比剪刀手泄露指纹信息事件
拍照泄露指纹相关内容
拍电影
拍电影吧评论
拍视频
拍视频炫耀行为
拍视频的手机像素低
拐卖儿童 这个孩子在山东汕头派出所
拐弯
拐弯动作
拒不配合
拒与戴口罩学生握手
拒检逃逸行为
拒绝下车
拒绝与戴口罩毕业生握手
拒绝与戴口罩毕业生握手事件
拒绝与戴口罩毕业生握手香港理工大学滕锦光校长有原则有气场
拒绝动物表演
拒绝婚姻
拒绝家暴人人有责
拒绝接受检查
拒绝握手
拒绝握手事件
拒绝撤离
拒绝支付无继承手续的存款
拒绝观看一切动物表演
拒绝观看动物表演
拒绝请求
拒绝隔离
拒绝马戏团表演
拓本鞋业
拓皇小学
拓鲜生农产品合作社负责人
拔刀相向
拔根头发做DNA也不行吗？
拖拉机
拖拉机尾部
拖拽
拖拽其妻
拖拽张某某行为
拖拽数十米
拖拽行为
拖移行为
拖行数十米
拖行数十米行为
拖车费用
拘役四个月、缓刑六个月
拘押原因疑似涉毒
拘留
拘留10天
拘留12小时
拘留15天
拘留15天惩罚
拘留15天或抬桌子走10公里
拘留24小时
拘留30天
拘留5天
拘留8天
拘留90天
拘留及罚款
拘留所全体人员进行新冠病毒检测
招工信息评论
招生广告用语
招通用全天购上1200到0003
拜仁球迷
拜占庭时期传说
拜拜咯
拜泉县
拜登
拜登执政前景
拜登需要好运来收拾这烂摊子
拟人化调侃灾情
拟封禁TikTok和微信
拟封禁对象包括
拥挤行为
拦截失败
拦截导弹场景
拦截巡航导弹
拦路
拦车
拨打110
拨打120
拨打122报警电话
拨打95060
拯救沈先生
拳击
拳头表情
拳打脚踢
拼凑、夸大与误传信息构成
拼凑、夸大甚至虚构信息
拼凑事实、夸大渲染的假新闻
拼凑信息、夸大事实
拼凑信息、虚构情节
拼凑信息、语句混乱
拼凑加工
拼凑嫁接
拼凑式虚假信息
拼凑情节痕迹
拼凑杜撰
拼凑渲染
拼凑渲染的假新闻
拼凑渲染的虚假信息
拼凑炒作
拼凑篡改真实政策信息
拼凑编造
拼凑虚构
拼凑虚构事件
拼凑虚构信息
拼凑虚构内容
拼凑虚构的假新闻
拼接、误传信息
拼接伪造
拼接或伪造构成
拼接或旧素材误用
拼接或虚构
拼接或误传
拼接或误导性使用
拼接或误植
拼接或误用
拼接虚构内容
拼搏的道路上永远都有阳光的陪伴
拽头发
拽头发行为
拾光映象工作室
拾荒为生
拾荒老人
拾荒老人发生肢体冲突
拾荒老人推倒在地
拾荒老人谅解
拾荒老人道歉
拾荒老人遭暴力执法
拾荒老人遭暴力推搡拖拽事件
拾荒老人遭物业暴力推搡拖拽事件
拾荒老人遭物业暴力推搡拖拽事件报道
拾荒老人遭物业暴力推搡拖拽天津回应：已经约谈物业负责人严肃处理该工作人员
拾金不昧精神
拿命在玩
拿快递起纠纷湖南一女子带儿子将女老板按倒在地扯头发殴打
拿生命去过这条路你输不起
拿相机拍摄的人员
拿起西瓜刀
拿起西瓜刀挥舞自卫
拿鸡毛当令箭
持一米多长镰刀对峙
持刀伤人事件
持刀伤人并劫持人质事件
持刀伤人案件
持刀伤人行为
持刀伤医案
持刀伤医警情通报来了
持刀刺伤防疫工作人员事件
持刀劫持人质
持刀对峙情节
持刀斧对峙事件
持刀男业主
持刀男子
持刀砍伤城管
持刀砍伤行为
持刀行为
持刀行凶
持刀行凶者
持匕首对抗警察事件
持匕首挑衅警察事件
持头盔击打赖先生头部
持店内西瓜刀挥舞自卫
持斧头砍伤奶奶
持有效中国居留许可的外国人
持有效中国签证、居留许可的外国人入境
持有效中国签证的外国人
持有效中国签证的外国人入境
持有效居留许可的外国人
持有效居留许可的外国人入境
持有效签证外国人入境
持有镰刀行为
持枪包围现场
持械伤人
持械伤人案件
持械伤人言论
持械打人行为
持械斗殴
持械斗殴行为
持械细节
持械行为
持砍刀伤人行为
持续62年
持续上升
持续五分钟且排队四小时
持续冷却降温
持续咳嗽
持续咳嗽症状
持续强降雨
持续强降雨导致环线道路受阻
持续强降雨引起
持续更新作品关注我和大家共享国学、民俗、人文、历史共同学习并肩进步
持续治疗中
持续直播
持续致力于精致天然美妆生产
持续观察动物活动
持续跟进
持续进行
持续进行中
持续违停超过24小时
持续骚乱
持美国籍者不符合免费治疗条件
持菜刀劫持出租车
持菜刀砍伤多人
持钓竿走动的习惯
持零容忍态度
挂上了超级专家号
挂上超级专家号9岁男孩飞机上突发过敏遇到钟南山
挂住的塑料袋
挂弹能力
挂满五星红旗的场面
挂火车现象减少
挂火车行为
挂票现象
挂面泡出胶
挂面泡出胶现象
指代俄罗斯人坚韧性格
指出信息系PS伪造
指向疫情责任问题
指定地点集结
指定是汽车没有油了
指定邮箱
指定银行
指定隔离酒店
指定集中隔离点
指导事故处置工作
指导事故调查处理工作
指导员杨建
指挥中心
指挥协调有序
指挥处置
指挥责任
指挥部
指检
指纹信息
指纹信息泄露
指纹信息泄露风险
指纹信息风险
指纹和面部特征
指纹提取可行性
指纹比对
指纹泄露
指纹泄露风险
指纹泄露风险主张
指纹细节
指纹膜
指纹解锁
指纹锁便利性优于安全性
指认事发地点
指责小偷该死
指责疫情起因
指责路面涂料无防滑功能
按下按钮紧急呼叫
按大米价出现在行情比再生塑料贵
按摩店员工
按这吃法是得掏钱了吧
挑战全网唯一结婚证
挑拨中非友好关系
挖出蜀王陵
挖到东西被掩盖猜测
挖掘新闻现场发现美好生活投稿：fujiannews1036@sina.com
挖掘机
挖掘机在开展清理作业
挖掘机将新冠患者遗体从家中运出埋葬
挖掘机挖斗
挖掘机运送被困人员
挖断南水北调
挖槽不是吧现在吃东西都不行了么
挖通暗河
挟持
挟持女性人质
挡风玻璃破裂
挥正义之剑保一方平安
挥砍等暴力行为
挪车
挺住啊
挺刺激
挺好的[玫瑰][赞]
挺害怕的
挺快啊
挺牛啊
挺聪明有的拿2个
挽救生命
挽留所需的爱😊
捂脸表情
捍卫中国功夫的英雄
捐款捐物
捐款捐物保障对象
捐献眼角膜
捐赠
捐赠30万元
捐赠30万元的传言
捐赠与中国无关
捐赠交接仪式
捐赠数额及去向
捐赠物资直达需求地
捐赠羊
捐赠羊批次
捐赠羊用途
捐赠行为
捐赠行动
捕捉瞬间细节
捕食能力强特性
捞子晚报
捞户对尸体打捞
捞鱼吃
捞鱼的在路上了
损人不利己
损失
损失千亿说法
损失情况
损失惨重
损失百亿
损失统计
损失风险
捡垃圾并进行分类
捡废品居民
捡废品抚养孙子
捡废品流浪生活
捡拾废品
捡拾蒜瓣
捡起来再说万一人家就是嫌钱多扔着玩的呢不捡白不捡
捡钱
捡钱讨论
换一种视觉看世间突发的、趣味的、感人的等短视频投稿可私信或致电0912—2403777采用有酬
换一种视角看新闻才更有趣
换一种角度看资讯
换个维度看水产世界
换位思考
捧着手机的手在瑟瑟发抖
据悉当气温低于零下52摄氏度时11岁以下的孩子们才会停课
据我所知岩浆都是缓慢流淌不会像海水拍打海岸
据称当气温低于零下52摄氏度时11岁以下儿童停课
据称来自安徽交警的短信通知
据称规定
据说后来康复地很好
据说是复旦大学毕业的网红流浪者
据说是复旦大学毕业的网红流浪者每天给路过的行人免费讲学
据说粗盐也能破车窗 实验结果告诉你
据说那个地方水资源严重缺乏
掉落
掉落晶莹固体
掉落游泳圈
掌上西宁
掌心看世界我的观点你来听欢迎大家添加掌心长兴微信号：zxcxxb1
掌心观天下
掌心长兴
掌掴
掌握技能立足社会
掌间视讯
掏鸟窝行为
掐人中急救措施
排外情绪
排外情绪煽动
排查密接人员
排水不畅与垃圾堵塞
排水不畅与垃圾堵塞有关
排水井
排水作业
排水困难
排水系统问题
排长队献血支援
排长队献血支援行为
排队一小时一分钟就结束了
排队四小时是否值得
排队四小时观看机器人舞蹈
排队困难
排队抢购N95口罩
排队民众
排除他杀
排除他杀可能
排除外人作案可能
排除店方责任
排除毒驾嫌疑
排除酒驾嫌疑
排险抢险任务
探亲人员
探亲人员无法离开
探孔不合格
探店
探望宋玉武
探秘历史
探索宇宙标签
接下来一周
接下来就是吃肉了
接二连三、没完没了的事件之一
接人
接住跳窗者
接受伤口处理
接受公众监督
接受必要的核酸检测
接受救治
接受检查
接受治疗
接受法律的制裁吧
接受社会监督
接受调查
接地线
接应孕妇
接应跳窗男子
接待了上访的猴子
接收新闻线索记者采访跟进过程真实记录抖音平台发布
接收死猪的摊贩
接收民众求助
接收非新冠肺炎患者
接着奏乐接着舞
接种狂犬疫苗
接触传播
接触外星文明
接触物体颜色控制
接诊
接诊区域
接轨站
接近崩溃状态
接近真人的皮肤触感
接近空军一号的小型物体
控制
控制劫持事件局势
控制嫌疑人
控制性工程
控制疫情扩散
控制疫情相关支持评论
控制相关人员
推倒行为
推出北斗手机
推出机器人妻子
推动人文交流
推动绿色农业发展
推动隐患排查整治
推土机拖运新冠死者遗体掩埋
推广信息
推广内容
推广农特产品
推广有机肥和生物肥料
推广杏产品之嫌
推广气改电以提升安全
推搡
推搡张某某行为
推测
推测依据来自知情人说法
推测性言论
推测性调侃
推荐内容
推荐好物期待与您同行
推荐算法是否监听
推行数米
推进农业绿色发展
推进农药化肥减量增效
推进新农村建设
推进生态治理
推送相关广告
掩面而泣
措手不及
措施执行效果
掰苞米零工
掺有纸巾的现象
描述中的损毁状态
描述内容
描述内容为真实新闻
描述内容属实
描述性文字
描述救援事件
描述的渔船冲突场景
描述真实新闻事件
描述险情中群众紧张情绪
提供
提供一切必要帮助
提供东方卫视最新影视综艺短视频内容
提供信息
提供劳务一方
提供就业机会
提供帮助
提供新鲜、有趣、有料、有力量的新闻视频
提供爆料电话0571-88909090
提供线索
提供线索协助侦破交通肇事逃逸案件
提供线索方式
提供线索者
提供视频爆料邮箱
提出上诉
提出放弃治疗60岁以上患者的医生
提出疑问
提出质疑
提前有序泄洪
提前疏散
提前疏散行动
提升传播性
提升农业废弃物资源化利用率
提升品德修养
提升品德修养与树立正确价值观
提升国家石油储备
提升服务水平
提升核酸检测能力
提升桥梁稳定性
提升法治意识
提升病毒基因测序比例
提升网速
提升防汛应急响应级别
提及@川农都江堰校区心理健康中心等账号
提及他人或互动行为
提及武汉市中医院李冬医生
提及电影桥段的评论
提取剪刀手手势中的指纹
提取指纹
提取的指纹信息
提示性观点
提示标识
提词器
提词器：你cue我干啥？
提醒公众雨天不要踩白色斑马线
提醒家长加强监管
提醒注意安全的声音
提醒注意安全类
提醒煮熟食物
提醒电话
提醒目的
提醒群众注意安全
提醒老人与儿童过斑马线时务必小心
提醒警惕
提醒逃生
提问
提问内容
提高交通安全知识宣传
提高公众防范意识
提高公共空间安全意识
提高安全防范意识
提高意识总是好的
提高犯罪成本
提高网速
提高警惕
提高雨天行走安全意识
插入男子后脑
插入男子后脑勺
插入男子头部
插管治疗
插线板短路产生的火花
插线板短路火花
插队
插队与暴力行为的关系
插队争议
握手致谢
握拳
揪心
揪心揪心伤医事件究竟何时能止？
揪心揪心揪心伤医事件究竟何时能止？
揭示家庭暴力问题
揭秘 手机 隐私保护
揭穿
援助
援助行动
援引在当地工作的以色列医生说法
援鄂医疗队员
援鄂医疗队员每人一辆汽车
援鄂医疗队员获得汽车奖励的说法
援鄂医疗队队员
搀扶老人
搅拌车
搅拌车勇救火车
搅拌车勇救火车顶住即将坍塌的桥梁
搅拌车司机
搅拌车司机顶住即将坍塌的涵洞保障火车通过
搏击俱乐部
搜寻和救援行动
搜寻行动
搜捕犯罪嫌疑人
搜捕行动
搜救
搜救中
搜救人员
搜救出人员
搜救出人数
搜救出的144人
搜救工作
搜救工作结束
搜救犬
搜救犬小虎
搜救犬小虎因连续多日参与搜救、劳累过度而牺牲
搜救犬小虎在泉州酒店坍塌事故中牺牲
搜救犬小虎牺牲通报
搜救犬战神
搜救犬是奋战在最险恶环境中的小英雄
搜救犬的口鼻
搜救犬的眼睛
搜救犬脚掌
搜救犬英勇参与救援的真实情况
搜救犬贝贝
搜救犬贝贝为救人磨烂爪子 正在康复
搜救犬贝贝从前线暂退处理伤口消防员难受落泪
搜救犬贝贝的训导员
搜救结果
搜救行动
搜救进展与伤亡情况
搜救队
搜狐
搜狐充过会员
搜狐千里眼
搜狐千里眼发布
搜狐视频
搜索内容
搜索日产纳瓦拉了解详情
搜索自杀方法
搞个千万别过头
搞笑
搞笑 今天给大家带来一个开心的瞬间一男子正在拉屎的时候房子塌了屁股都没开就跑出来了
搞笑内容
搞笑私房钱等话题
搞笑类视频
搞笑视频搞笑明星这里都有每天更新希望能带给你亿点欢乐～
搬迁安置问题
搬运内容
搭建金融业与市民之间的桥梁
搭载AI人工智能的高仿真美女机器人
携带E484Q和L452R双重突变的新冠病毒变异株
携带艾滋病毒的美容针
摄像人员
摄影
摄影师
摄影师耗时62天拍摄
摄影我一直在路上
摄影者本人
摄影记录证实
摆pose动作
摆动
摆拍卖弄
摆拍卖弄噱头
摆拍卖惨
摆拍或剧本演绎
摆拍或虚构情境
摆拍或误导性剪辑
摆拍炒作
摆脱赌瘾
摊上事了 刚辟谣了
摊贩
摔倒在地
摔倒大妈
摔倒老人
摔的好在家好好的吧
摔跤
摘一个罚款500
摘掉口罩做堂堂正正中国人
摘橘子会罚款吗？
摘橘子需付费或受限制
摘除危险
摩托车
摩托车上两人
摩托车上两名男子
摩托车上两名男子被撞飞
摩托车主
摩托车主死亡
摩托车小哥拦停质问违规开车交警 警方通报：警车驾驶人违法属实并处罚
摩托车撞上出租车
摩托车撞上出租车、后座乘客飞出10米死亡
摩托车自信过河连人带车被冲走幸无大碍
摩托车被冲倒
摩托车被盗
摩托车队
摩托车飞速撞上正在掉头出租车后座机车男震飞在10多米外
摩托车驾驶人
摩托车驾驶人抢救无效死亡
摩托车驾驶速度过快
摩托车骑手
摩托车骑手为正能量
摩托车骑手监督行为
摩托车骑手经抢救无效死亡
摩托车骑手被撞身亡
摩托车高速行驶途中撞上出租车后座乘客飞出十多米
撑起布毯救人行为
撒下的现金
撒漏
撒点孜然哥
撒钱
撒钱3000万事件
撒钱原因
撒钱行为
撕咬
撕咬事件
撕心裂肺
撕打
撕打过程中
撕扯、拽头发行为
撕扯拽头发事件
撕扯行为
撞上前方5辆车
撞倒一名跑近的女孩
撞入宵夜摊档
撞击主体
撞击人群
撞击瞬间
撞击瞬间细节
撞击身亡
撞向人群
撞毁大型客机
撞车
撞车事件
撞车事故后
撞飞小女孩
撤离
撤离工作
撤离行动
撤离过程
撤离过程中
撤离队伍
撤销文凭
播安全常识、传安全理念、展安全产品、成多维安全
播报内容
播放量
擂起项圈继续训练
操作不当
操作失衡
操作失误
操场
操场围栏
操场围栏受损
操场围栏损毁
操控公众思想的手段
擒拿
擦肩而过未击中头部
攀爬电线杆事故
攀爬电线杆行为
攀登珠穆朗玛峰
支付宝
支付宝、微信支付在列
支付宝倒闭可能性
支付宝市民中心
支付宝等8款中国应用软件进行交易
支持
支持[赞][赞][赞]
支持与敬意
支持与负面评论并存的讨论
支持与鼓励
支持严惩的点个赞
支持严惩高空抛物行为
支持你
支持你评论
支持依法判决
支持公正处理
支持其因果关系
支持其真实性
支持其结论
支持军人
支持医疗系统
支持华为干倒三大运营商
支持可怜的孩子
支持司机的评论内容
支持国家决定
支持国家立场
支持地铁工作人员处置
支持垃圾分类的声音
支持声浪
支持声音
支持奥利给
支持强制措施
支持快手传播爱国正能量
支持快手传递正能量
支持性回应
支持性态度
支持性情感
支持性留言
支持性观点
支持性言论
支持性评论
支持感谢所有好心的人
支持执法观点
支持捡钱
支持暴力冲突的言论
支持标题主张
支持校长
支持校长的声音
支持正义
支持正当防卫
支持正当防卫留言
支持正当防卫认定
支持正当防卫评论
支持正能量
支持汪文斌外长
支持漂亮
支持真实性
支持祖国决定
支持美国黑人群体争取正义
支持者
支持者认为
支持虚假事件的视觉呈现
支持西安铁腕治狗以人为本.
支持观点
支持观点用户
支持言论
支持警察
支持这一决定
支持送给前线上的人民子弟兵
支持驱逐限期离境
支持黑色轿车装死除害
支援归支援鸭蛋记得拿回来
支援抗疫
支撑不住
支起烤架等鸭子凯旋
收入与风险平衡
收入证明
收入较低
收养意愿
收养被遗弃女婴
收到紧急通告
收割时节
收割期间
收割花生时
收取救援费或予以处罚
收手吧老天爷
收押韩国前总统朴槿惠的首尔拘留所发生新冠肺炎疫情
收藏转发
收购和出售娃娃菜
收购和出售娃娃菜电话15912086943
收费时积极出事不认账
收费治疗
收费混乱
收费站
收费站监控画面
收费站监控视频画面
收费考照不合理
收银员服务态度差
改乘船返回家乡
改变行为
改变行程原因
改善
改善交通设施设计
改善待遇
改善现状生活一起加油
改善网络性能
改善角落网速
改善路由器性能
改成绿色的能防卫星抓拍
改籍者不应默认享受公民福利
改色
改进道路设计
改锥刺伤路人
改锥刺伤路人说法
攻击奶奶, 被传
攻击奶奶行为
攻击归国人员的理由
放下面子赚钱
放假了大家一定要看好孩子啊🙏🙏🙏🙏🙏🙏
放床头柜上是否安全
放弃60岁以上患者治疗的说法
放弃治疗
放弃治疗后
放弃高龄患者
放心2
放水后裸露的河床
放水追女神语文考零分
放浪不羁
放烟花爆竹可去邪杀菌
放焰火
放牛沟水源地
放牛沟水源地起车起泵
放绳
放置无偿捐赠的救援物资
放风筝
放风筝的安全隐患
政事儿
政事儿账号
政务与商务服务
政务商务服务
政府
政府决定把整个柘皋镇淹了
政府发放馒头
政府发放馒头安抚猴子
政府奖励公开记录
政府实施
政府所有男职工
政府接待了上访的猴子发放了馒头作为安抚
政府援助方案
政府正视系统性种族歧视
政府正视警察对黑人和少数族裔的暴力执法问题
政府满足猴子合理诉求
政府相关部门
政府筹集的保障性住房
政府补贴移民
政府部门
政府部门通知
政治人物评价
政法好声音
政策引导
政策文件信息
政策真实性
政策真实性质疑
政策误读问题
政策适用范围疑问
政经第一刊——冷静的力量同样让人热血沸腾
故事会
故宫
故宫 品茶聊历史 感谢快手科普 故宫房顶为何不落鸟？
故宫一棵树都没有才是主因
故宫少鸟主因是树木稀少
故宫少鸟因瓦片设计
故宫屋顶
故宫屋顶不落鸟、无鸟屎
故宫屋顶不落鸟现象
故宫屋顶不落鸟说法
故宫屋顶为啥没有小鸟停留学浪计划守护青少年 建筑@抖音小助手
故宫屋顶可以落鸟 亲眼所见
故宫屋顶可以落鸟 亲眼所见评论
故宫屋顶因古人智慧设计而不落鸟、无鸟屎
故宫屋顶因特殊设计导致鸟不落
故宫屋顶因特殊设计而无鸟停留
故宫屋顶形制
故宫屋顶无鸟落现象
故宫屋顶有鸟类活动
故宫屋顶有鸟粪存在
故宫屋顶瓦片
故宫屋顶瓦片宽度
故宫屋顶瓦片经过古人精心设计鸟不能停留
故宫屋顶看不到鸟类
故宫屋顶设计能防鸟
故宫建筑用料
故宫很多鸟屎的只是没人爬上去看而已
故宫每道墙顶
故宫灯会临时取消
故宫灯会取消3000中的一个又如何😂
故宫金顶
故宫金顶从无鸟儿停留
故宫门钉为何横9竖9
故宫顶上鸟多的是你当我没去过故宫？
故意伤害
故意伤害案
故意伤害案件
故意伤害罪
故意伤害罪论处
故意伤害罪重判
故意别停货车
故意多次变道逼停货车
故意投喂行为
故意杀人案
故意杀人罪
故意杀人罪论处
故意杀人罪重判
故意杀人行为
故意纵火
故意高空抛物行为
故障事件
故障列车
效果存疑
效率高
救上来没？
救下全村人
救下男子
救人
救人一命胜造七级浮屠
救人事迹
救人反被拘事件
救人救人
救人行为
救人被砸事件
救人被砸如今生活不能自理~当被问到后悔吗他说不后悔
救出多人
救出被困老人
救助局
救助鲍师傅
救命设备需进行选择性分配
救回印度新冠患者
救小孩
救我呼救声
救护人员
救护人员赶赴现场
救护车
救护车被堵路口无人让行患者抢救无效死亡
救护车被堵路口无人让行患者抢救无效死亡 网友：让与不让是两难选择
救护车转运病人
救护车辆
救援
救援不力
救援与调查
救援中
救援主体
救援事件
救援人员
救援人员也请注意安全
救援人员安全
救援人员已到现场 🙏🏻🙏🏻高速行车一定谨慎慢行安全第一
救援人员平安
救援人员平安归来
救援人员施救过程
救援人员注意安全
救援人员的安全提醒
救援人员迅速赶到并将人救出
救援前状态
救援力量
救援力量来源
救援力量赶赴现场
救援动物
救援及善后处置工作
救援后
救援处置
救援处置工作
救援官兵
救援工作
救援工作仍在紧张进行
救援延误
救援开始后36分钟
救援情节
救援战士
救援提示信息
救援方式
救援民警表示敬佩
救援物资
救援物资放置在座位上
救援现场
救援现场情况
救援细节
救援结束后
救援结果
救援绳索
救援缺失
救援耗时约
救援船
救援船和直升机
救援落水儿童
救援行动
救援行动描述
救援行动过晚
救援负担
救援转移工作
救援过程
救援过程中
救援过程中使用交通工具
救援过程及人员行为细节
救援还在进行中
救援进展
救援迟缓
救援通道
救援队
救援队伍
救援难度增加
救救可怜的孩子
救救她们吧不然子孙只能见到化石了
救救孩子
救治
救治中
救治对象的艰难选择
救火任务
救火过程中
救灾视频
救生圈
救生艇
救生艇逃生
救生衣位置
救生衣使用方法
救生衣有效性问题
救起7岁男孩
敖汉旗公安局发布
敖汉旗公安局通报
敖汉路过
教会徒弟饿死师傅的保密观念
教吃二0二
教唱二0二0年十一月
教学楼五楼
教学楼后墙
教学楼后墙被冲毁
教学楼进水
教学设施损毁
教室
教室门窗
教室门窗及操场围栏受损
教室门窗受损
教室门窗损毁
教师
教师们
教师冷静指挥
教师喘息声
教师奔跑身影
教师对学生进行心理安抚
教师急促喘息声
教师恩笃行
教师恩笃行参与救援学生
教师指挥冷静
教师点赞
教师电脑
教师的敬意
教师的职业精神
教师的职业精神与责任感
教师监督委员会
教师组织避险全过程
教师群体
教师群体在灾难面前的专业素养
教师群体的大爱担当
教师职业行为
教师英勇护生的真实事件
教师行为
教师行为合理性
教师言行成为情绪崩溃催化剂的案例
教条管理
教科书式回答
教科书式的撤离让学生先跑的教师怎么能不让人敬佩
教科书式自救
教科书式自救 四川资中发生5.2级地震师生3秒内躲到课桌下避难
教科书式避险
教科书级别示范
教职工3名
教育
教育和职业背景与现状对比
教育学门类下的电子竞技运动与管理
教育孩子不应过激
教育快讯
教育意义
教育政策
教育机构
教育答疑
教育结构问题
教育规定
教育费用
教育资讯
教育部门
教育问题
教训霸座男
教训霸座男被判拘役4个月赔偿6万
教训霸座男被判拘役4个月赔偿6万你怎么看？
散布疫情虚假信息违法行为
散打
散打一级教练员
散落蒜瓣
散落钞票
敦促嫌疑人自首
敦化市公安局
敬佩
敬具开
敬意
敬意与关切
敬意与感动
敬意与感慨
敬意与祈愿
敬意表达
敬畏和平敬畏生命
敬畏生命
敬畏生命、尊重村民、反对任性行为
敬畏自然
敬礼
数万名观众
数件珠宝
数公里滨江路
数十万亩农田
数十万亩农田被淹
数十万亩农田被淹没
数十万户断电
数十个家庭伤亡
数十个家庭破碎
数十具遗体
数十名受害人
数十名受害者
数十吨重的横梁、楼板和墙体整体坍塌
数十头奶牛
数十条猎犬
数十条猎犬围捕脱逃猎豹
数十米
数十米高
数十辆军用冷藏卡车
数十辆军车
数十辆军车运输尸体
数十辆军车运输遗体
数十辆车在漂河新桥因大雾发生连环相撞
数十辆车连环相撞交通事故
数千人
数千人请愿将考拉迁居新西兰
数千人请愿迁居新西兰
数千斤
数千斤病死猪肉
数千甚至上万人
数名青年
数声巨响
数字媒体技术
数小时
数年时间
数据100、120、160、180、200、220、240等
数据不准确信息
数据佐证
数据前后矛盾
数据异常
数据支持论点
数据无事实依据
数据真实性
数据矛盾
数据误用问题
数次呼吸骤停
数段UFO视频
数百人下落不明
数百人失踪
数百名村民
数百名村民哄抢
数百名示威者
数百斤大米
数百斤大米被吃完的说法
数百斤米
数百驯鹿转圈跳舞保护弱小
数百驯鹿集体转圈
数百驯鹿集体转圈画面
数米
数米长
数米高
数辆汽车
数辆汽车泡水
数辆车辆被洪水淹没
数辆轿车
数量表述不准确
敲诈勒索罪论处
整个人都散了
整个办公室
整个拍下要4分多钟最后快放了
整个村庄全部毁灭
整个陨石坑
整体事件性质
整体内容
整体城市内涝
整体舆论
整合资源相互探讨国内外矿源诚心诚意合作共赢本主人真心做人认真做事不喜欢忽悠不要浪费大家的时间和精神
整容
整座山
整座山体移动垮塌
整改后
整栋楼
整治市容
整治超载乱象
整治超速乱象
整蛊？评论
整骨与整蛊的界限
整骨还是整蛊？头部按摩
文中
文中信息
文中关于北京地铁因防疫卸除座椅以增容的说法
文中关于考拉功能性灭绝的描述
文中关联信息
文中关键词
文中内容
文中出现名称
文中医学说法
文中另附号码
文中呼吁
文中地点
文中声称
文中多次强调
文中夹杂信息
文中实际医院
文中实际地点
文中引导用户
文中强调
文中强调行为
文中强调观点
文中所称今天
文中所称火神山医疗队入驻鹤洞
文中所述
文中所述84艘巨轮抄底原油
文中所述事件
文中所述事件地点
文中所述事故经过
文中所述交通事故
文中所述伤亡情况
文中所述内容
文中所述刘海燕以698分考入哈佛并夺冠
文中所述劫持人质情节
文中所述医学现象
文中所述多起事故
文中所述影响
文中所述徐州化工厂爆炸相关信息
文中所述情景
文中所述情节
文中所述意大利警方因防疫当街抓捕老年人
文中所述手机爆炸引发火灾致两孩死亡
文中所述捐赠行为
文中所述村委会与乡政府援助细节
文中所述毕业典礼事件细节
文中所述沈魏经历
文中所述爆炸事件
文中所述特警行动情节
文中所述现象
文中所述现象如威尼斯河道清澈、海豚现身等
文中所述男童失踪事件
文中所述病例及情节
文中所述症状与预防方式
文中所述突发事件
文中所述老人碰瓷并获赔3000元
文中所述药品使用与航空作业情况
文中所述袭击事件
文中所述邱县飞机施药事件
文中所述韩国医护人员辞职事件
文中描述
文中描述事件
文中描述内容
文中描述的一家9口消耗亲家大量食物等内容
文中描述的北大桥交通事故
文中描述的龙卷风事件
文中提出
文中提到
文中提及信息
文中提及关键词
文中提及司机姓名
文中提示
文中未提及
文中未提及父亲是局长相关信息
文中未提死亡
文中标签
文中称被打者为保时捷男
文中穿插虚构信息
文中细节
文中虚构的身份信息、出生日期、签发日期等内容
文中表述
文中观点
文中语气
文中配图
文中配图网络化表达
文中陈述原因
文化中国
文化和旅游部
文化和旅游部官方移动客户端
文化层次
文化象征解读
文字版内容
文字错乱
文字错误问题
文旅单位
文明养犬理念
文明养狗从我做起做文明养狗人
文明养狗者的困扰
文明执法
文明旅游 注意安全
文明有爱
文明毁灭
文明西路
文明驾驶
文星路与燕泉路口至文星路与民生路口
文末
文末信息
文末内容
文末祝福
文末评价
文末邮箱地址
文本
文本中
文本中关于奈良鹿、威尼斯生态改善等内容
文本中出现
文本中声称的事实
文本中字样
文本中对麻山水库的描述
文本中的呼吁
文本中的引用表述
文本中的感慨内容
文本中的推测信息
文本中的描述内容
文本中的观点性言论
文本中的错别字
文本中联系方式
文本主体内容
文本主题
文本主题标签
文本作者
文本作者信息
文本作者简介
文本作者账号
文本信息
文本信息状态
文本信息真实性
文本元数据
文本关键词
文本关键词乘客欲逃离被警察开枪射击
文本关键词有乘客受肺炎感染
文本内容
文本内容标识
文本内容武汉一名因感染被隔离的九个月大婴儿见到医护人员时伸手求抱抱
文本发布平台
文本发布时刻
文本发布时间
文本发布时间1586947449000
文本发布者
文本发布者身份说明
文本发表时间
文本呼吁
文本地段地段还是地段😁
文本声称
文本声称事件
文本声称内容
文本声称后果
文本声称美籍华人一家三口
文本存在信息混淆
文本宣称后果
文本引发的情感反应
文本情感表达
文本感叹内容
文本感叹语句
文本所描述内容
文本所描述的外交部回应
文本所描述的结婚证信息
文本所述事件
文本所述信息
文本所述内容
文本所述医疗事件
文本所述情节
文本所述政策内容
文本所述普华永道全面实施在家办公政策
文本所述秦岭候鸟迁徙盛况
文本描述
文本描述中
文本描述但未证实
文本描述内容
文本提及历史事件
文本整体
文本整体信息
文本整体内容
文本未提及管理人员监守自盗
文本未提及该事件
文本末尾
文本来源
文本标注
文本标注信息
文本标识
文本标识信息
文本标题
文本标题5月25日下午3时27分浙江宁波市上空出现中国地图形状的云彩景象震撼
文本标题与关键词
文本标题中
文本标题中的呼吁内容
文本标题为枣庄村民捐献10万斤蔬菜给防疫一线这就是山东人 的内容
文本标题为空
文本标题关键词
文本标题内容
文本标题多管闲事？女子举报渣土车乱倒垃圾一家四口被邻居报复砍伤
文本标题描述
文本标题柘皋古镇淹了 现在寸步难行啊😭😭😭
文本标题核心主张
文本标题母亲大意 幼童被卡游乐设施
文本标题江苏连云港化工厂突发爆炸 当地消防：正在处置 赣榆巨响
文本标题流浪狗如果在小区咬了人物业也要承担相应的责任
文本标题称50名犯罪嫌疑人已落网
文本标题称第三只豹子被猎狗咬得半死
文本标题邱县开展飞机施药防治美国白蛾保障林木资源和生态安全
文本标题首尔乐天世界跳楼机很想尝试下
文本核心
文本正文
文本正文中
文本正文描述事件
文本正文表述中
文本真实情况
文本碎片信息中
文本笔误
文本结构
文本结构信息
文本署名作者
文本虚假信息
文本观点
文本解答问题
文本评论内容
文本识别混乱或内容混杂现象
文本逻辑
文本部分内容
文本配图中
文本配文内容
文本附带标签
文本附注信息
文物
文理教育均衡
文章
文章作者简介
文章关键词
文章发布时间
文章发表时间
文章发表时间戳
文章呼吁内容
文章建议
文章来源
文章标题
文章正文
文章正文描述内容
文章配文
斐济
斐济85万人口中无人患癌
斐济85万人口中至今无人患癌
斐济无一人患癌
斑岩型
斑岩型金矿
斑马线
斑马线上行驶的摩托车
斑马线减速义务
斑马线安全改进建议
斑马线材质太滑了也没人管
斑马线材质安全性讨论
斑马线油漆雨天湿滑存在安全隐患
斑马线滑倒事件
斑马线白漆面
斑马线白漆面雨天极滑可致死
斑马线的白漆面
斑马线阻碍通行
斗气行为
斗研究院
斗门区也没有
斗门区无内涝情况
料酒同煮
断崖式下降趋势
断桥我现奉稳拉着你过来
断章取义情况
断章取义或夸张呈现之嫌
断落电线
断裂的污水管被封堵
断道情况下行驶
断食断水、鞭打折磨
斯利那加
斯崔克装甲车
斯蒂芬·威廉·霍金
斯蒂芬·威廉·霍金实际生平
斯里卡库拉姆地区
新
新一轮执法程序
新不止 闻天下
新中国成立以来
新乡东站
新京报
新京报 小学生戴上 金箍
新京报我们视频
新京报时政新闻部知道视频
新兴大桥
新兴大桥1号桥板
新兴大桥2、3号桥墩
新兴大桥事故
新兴领域
新农人计划
新农村
新农村建设
新冠
新冠患者
新冠患者因缺氧倒地死亡
新冠患者治疗费用
新冠患者跳海自杀
新冠患者遗体
新冠患者遗体被抛入河中
新冠患者遗体被随意丢入土坑事件
新冠感染病例上升趋势
新冠是个什么玩意儿
新冠检测
新冠死者
新冠死者遗体
新冠死者遗体处理指南
新冠疫情
新冠疫情初期社会反应
新冠疫情可能导致超过30万非洲人丧生
新冠疫情扩散风险
新冠疫情持续蔓延
新冠疫情期间
新冠疫情期间救助困境
新冠疫情期间检测需求
新冠疫情重灾区
新冠疫情防控恶化
新冠疫情集会禁令
新冠疫苗
新冠疫苗接种服务
新冠疫苗接种预约
新冠病人尸体处理事件
新冠病毒
新冠病毒在高温潮湿环境下难以存活
新冠病毒感染
新冠病毒感染与施法相关
新冠病毒核酸检测阳性事件
新冠病毒检测
新冠病毒治疗方法
新冠病毒突变位点
新冠确诊患者在飞行途中死亡
新冠肺炎
新冠肺炎 意大利 意大利新冠死亡数暴增军方出动军车运尸体
新冠肺炎患者免费治疗政策
新冠肺炎患者治疗费用问题
新冠肺炎感染者
新冠肺炎疫情
新冠肺炎疫情加剧
新冠肺炎疫情可能导致超过30万非洲人死亡
新冠肺炎疫情在非洲蔓延
新冠肺炎疫情在非洲蔓延可能导致超过30万人死亡
新冠肺炎疫情期间
新冠肺炎疫情背景下
新冠肺炎疫情防控一线
新冠肺炎疫情防控过程
新冠肺炎疫情隔离观察点
新冠肺炎病人
新冠肺炎确诊
新冠肺炎确诊病例的密切接触者
新冠肺炎美国
新冠阳性
新冠高危人群
新前群众
新加坡
新加坡水獭
新加坡水獭上岸
新加坡鱼尾狮公园
新加坡鱼尾狮公园水獭回家现象
新化县医院抢救
新北京
新华社
新华社客户端
新华社报道
新华社记者董干齐
新华网官方帐号
新华通讯社
新华通讯社官方账号
新南威尔士州生态学家
新周刊
新商业观察者新知榜联合创始人
新型冠状病毒
新型冠状病毒感染的肺炎
新型冠状病毒感染肺炎疫情的防控工作
新型冠状病毒灭活疫苗Vero细胞
新型冠状病毒肺炎
新型病毒
新型破窗盗窃
新型破窗盗窃手段
新奇特类视频
新娘
新娘加价十万
新婚仅剩三天新娘加价十万
新安小学
新安小学受灾
新安小学受灾事件
新安小学学生
新安小学师生
新安小学操场围栏
新安小学教学楼后墙
新安小学教室门窗
新安小学灾情中
新安小学设施
新安晚报官方账号
新安村山洪引发学校受灾
新安江9孔泄洪下游桐庐江北二桥头已淹没
新安江9孔泄洪致桐庐大桥淹没
新安江大坝已经把泄洪孔都关闭了
新安江是新安江千岛湖是千岛湖两个地方
新安江水库
新安江水库建成61年来首次9孔全开泄洪
新安江水库建成时间
新安江水库泄洪
新安江水库泄洪事件
新宾县林草局
新宾县永陵镇崔副镇长
新宾县永陵镇羊祭台村四道沟组区域
新宾县永陵镇羊祭台村四道沟组村民张某
新宾发现疑似老虎？权威部门及时回应
新干线停运
新干线列车遭洪水浸泡
新干线返程
新年快乐
新店地址
新建或其他方式
新建汉巴南铁路南充至巴中段项目
新房二手房业务
新政府就职典礼前夕
新民晚报
新民晚报全媒体
新民晚报全媒体记者孔明哲
新民晚报全媒体记者张剑
新民晚报全媒体记者方翔
新民晚报全媒体记者王凯
新民晚报官方账号
新民晚报新闻报道
新民晚报社
新民晚报联合新民视频、上海时刻
新民晚报融媒体
新民晚报融媒体报道
新民晚报账号
新民视频
新污应急 守夜人 时刻准备着
新泰市昌盛石料厂
新泰市昌盛石料厂刷漆应付检查
新泰市环境监察大队工作人员
新泰市行政审批局生态环境窗口人员
新泰这座矿山被刷上绿漆竟为应付环保检查、蒙蔽卫星监测
新泽西州
新浪山西
新浪微博官方
新浪微博汾视频
新浪认证旅游达人
新浪财经
新湖南邀你一起来happy
新焦作、新生活
新版人民币视频
新版人民币视频病毒
新版已全面上线
新生儿被遗弃事件
新疆
新疆30万只老鼠集体跳崖事件
新疆30万只老鼠集体跳崖自杀
新疆30万老鼠跳崖自杀
新疆30万老鼠集体自杀
新疆30万老鼠集体跳崖自杀
新疆30万考鼠全部跳崖自 条
新疆五家渠
新疆五家渠一吉普车
新疆五家渠吉普车
新疆五家渠吉普车事故
新疆五家渠吉普车坠江
新疆五家渠吉普车坠江事件
新疆五家渠吉普车坠江事件描述
新疆五家渠市
新疆某水库
新疆某水库30万只老鼠集体跳崖自杀
新疆某水库30万只老鼠集体跳崖自杀事件
新疆蝗灾
新疆部分地区已变成沙漠
新疆部分民众和实体相关信息
新福建新媒体
新科技
新科技真惊人
新科技真繁人
新经济 新生活
新罕布什尔州举行竞选集会
新罕布什尔州利文斯顿
新罕布什尔州利文斯顿举行竞选集会
新老水厂
新西兰
新视角·观天下栏目
新重庆客户端
新钻出来的洞
新锐主流
新锐主流 人文关怀 全国都市报30强、安徽第一早报
新锐主流、人文关怀
新锐主流、人文关怀的全国都市报30强
新闻
新闻 安全 手术
新闻 文化 正能量
新闻P衣报
新闻、正能量、精彩短视频
新闻专业性
新闻中
新闻中心官方信息平台
新闻中部分内容
新闻为人民服务
新闻事件
新闻事件主体
新闻事件发布时间
新闻事件报道文本
新闻事件相关信息
新闻事实
新闻传播者
新闻传播者或信息发布者
新闻佐证
新闻全天候 河北第一声
新闻关键词
新闻内容
新闻内容事实
新闻出处
新闻发布主体
新闻发布会
新闻发布平台
新闻发布时间
新闻发布时间1601207595000
新闻发布者
新闻发布者身份说明
新闻团队
新闻夜航
新闻大家评：小学生戴头环监控走神您怎么看？
新闻大连
新闻家报
新闻投稿及商务合作邮箱
新闻报道
新闻报道形式
新闻文本
新闻文本描述内容
新闻新鲜事儿
新闻新鲜事儿一边儿看青岛一边儿评天下
新闻时效性
新闻晚高峰栏目
新闻晚高峰栏目报道
新闻来源
新闻标题
新闻标题中
新闻标题福州一小区垃圾屋发现弃婴目前仍未完全脱离危险
新闻栏目
新闻正文
新闻深呼吸–舒口水
新闻热点
新闻热线
新闻热线9600195
新闻热线及邮箱
新闻热线和爆料邮箱信息
新闻热线：0851-85378194
新闻爆料、暖心故事、创意视频可私信
新闻爆料与投稿
新闻爆料与消费维权热线0312-5953861
新闻爆料可私信
新闻爆料渠道
新闻爆料私信
新闻爆料私信联系方式
新闻爆料联系小场 看龙江现场 知东北大事
新闻爆料联系小场看龙江现场 知东北大事
新闻爆料请发私信注明时间、地点、事件简单描述
新闻爆料请私信
新闻真实性
新闻类内容
新闻类文本
新闻线索
新闻线索合作
新闻线索投稿邮箱
新闻线索热线0871-65333333
新闻线索邮箱
新闻综合频道18:30
新闻联播
新闻视频作者联系方式
新闻评论
新闻资讯
新闻资讯、社会热点、全媒发布、悦知天下——用唐山之眼看世界
新闻资讯与互动服务
新闻通气会
新高考师资培训师
新鲜、快速、高效给您带来有态度的新闻资讯
新鲜、热点、有趣
新鲜猪肉销售
新鲜的有趣的尽在这里
方丈师父说：走完该走的路才能走想走的路……
方九菜
方向盘上
方向盘也失灵了？
方圆5公里区域
方才离开
方某洋
方某洋两位表哥以人格担保其无精神病
方某洋因不孕被虐致死
方某洋婚礼
方某洋无精神病
方某洋精神正常
方某洋表哥谢树山
方某洋读书时性格活泼
方正县
方正县新兴大桥2号桥墩
方正县新兴大桥3号桥墩
方正县新兴大桥一号桥板
方法正确
方舱医院
方舱医院 物资压力缓解马昕：病患将有娱乐活动防控疫情我们在一起
方舱医院内协作单位
方舱实验室
方言讨论
方言词汇
於彬
於某某
於某某被判刑
施坦威爱迪生公司
施工事故相关
施工人员
施工人员长期如此操作
施工坍塌事故
施工塌陷事故
施工安全事故
施工安全监管
施工影响生活
施工方
施工方疑问
施工点作业时
施工现场
施工现场安全管理
施工监管
施工设备倾覆
施工过程中操作不当问题
施工通知信息
施工队
施救
施救中
施救过程
施暴原因
施暴女子
施暴者
施暴者持刀情形
施暴者有恃无恐
施暴者目无法纪
施暴行为
施暴过程中
施法
施法抓病毒
施法抓病毒事件
施舍
旁观局势
旁观者冷漠
旁观者应制止
旁边小哥上辈子肯定积德了愿都平安吧严惩肇事者
旁边的高塔
旁遮普省奥卡拉地区
旁遮普省奥卡拉地区蝗灾
旁遮普省奥卡拉地区蝗灾严重
旅客回国
旅客流量激增
旅游
旅游 在快手看世界
旅游业
旅游业暂停在家休息记录我的乡村生活感谢关注感谢点赞有你们真好
旅游旅游
旅游景点
旅游活动
旅游活动频繁而浑浊
旅社5楼17号房客
旅社老板候某
旅行
旅行大玩家
旅途中的美景、建筑、美食及趣闻
旋涡视频
旋转体验
旋转大爷撞飞小姑娘
旋转提示
旋转木马
旋转甩出
旋转秋千
旋转飞椅
旋转飞椅体验
无
无一生还
无专业救生设备时
无专车保镖质疑评论
无业
无严格对口从业电竞
无中国籍乘客
无中生有
无中生有、暗度陈仓、凭空捏造
无为县公安局交通管理大队
无事实依据
无事实依据事件
无事实依据于常州发生该事件
无事实依据信息
无事实依据的信息
无事实依据的假新闻
无事实依据的内容
无事实依据的叙述
无事实依据的情节
无事实依据的推测
无事实依据的联想
无事实依据的虚假信息
无事实依据的解读
无事实依据的讨论
无事实依据的说法
无事实依据的调侃
无事实关联
无事实支撑
无事生非
无人伤亡
无人受伤
无人员伤亡
无人员伤亡报告
无人员伤亡说法
无人员受伤
无人员因食用小龙虾中毒死亡
无人员死亡
无人员被困
无人因食用小龙虾中毒死亡
无人希望情况恶化
无人机和卫星地图考核
无人机巡查
无人机执照培训
无人机技术交流
无人机搜寻
无人机新机曝光
无人机直升机
无人机红外监测
无人机级火被逮捕
无人机给你打下来
无人机评测
无人机该上场了
无人机辅助灭火
无人机造成的损害
无人机验收
无人机黑飞
无人生还
无人直升机
无人直升机撞击
无人直升机撞击引发
无人造反重力飞行器参与
无他相机 小燕养垫 从身养血
无任何事实依据
无任何权威媒体证实
无伤亡
无余震
无作者信息
无保障的杂牌食品
无信息
无偿献血者是否应享受同等待遇
无儿无女
无充分科学依据
无公害生物药剂
无关
无关且混乱表述
无关人员勿前往现场
无关人员进入泄洪区域
无关信息
无关信息片段
无关地域教育问题提问
无关地理信息
无关天气信息
无关字符
无关字符与代码
无关字符和重复语句
无关字符或无意义文本
无关广告信息
无关或情绪化留言
无关或衍生信息
无关或误写内容
无关或误导性关键词
无关或重复标签/系统错误内容
无关推广信息
无关提问
无关救助信息
无关片段
无关言论
无关话题延伸
无关语句
无关资讯
无具体时间、地点、当事人
无内容
无创神经调节救治能力
无力掌控局势
无南方航空涂装
无危物种
无受伤
无可靠信源佐证
无可靠信源支持
无可靠证据的内容
无后续可用
无吸毒事实
无图像特征...
无地理关联
无大碍
无奈与心酸情绪
无奈之举情绪化留言
无奈情绪
无学生遗漏
无官方事实依据
无官方依据的信息
无官方政策支持该说法
无官方确认
无官方记录
无官方证实的说法
无实际证据支持
无害化处理车间
无异常
无异议
无悔我是中国人
无情无语无奈……同样的问题扣了6分了以后晚上开车都不出去吃饭了太贵了
无意义字符
无意义字符 R UUSl A 35 Du Dl…
无意义字符Y 7 2 1 7 专 1
无意义字符与干扰信息
无意义字符与碎片化信息
无意义字符串
无意义字符和断续语句
无意义或识别错误的文本片段
无意义或错乱文字
无意义符号
无意义符号重复
无意义词语
无意义重复内容
无意打扰
无房可订
无房证明
无才艺但真诚
无持续证据支持
无授权泄露
无故自行移动
无效
无效死亡
无效身亡
无敌的中国外卖小哥
无旅客返华
无明确结论
无明确责任认定
无有效作者信息
无有效信息
无有效评论
无权威信息来源
无权威信源佐证
无权威媒体证实
无果
无标题
无此情况
无此政策
无死角信号
无污染
无法享受应急救治保障
无法从正门进入小区
无法出门
无法击破车窗玻璃
无法制止哄抢
无法单手将水杯送至嘴边
无法取出存款
无法在屋顶排泄
无法律依据的虚构处罚
无法无天了
无法有效繁殖的临界值以下
无法杀猪原因
无法查明狗主人
无法查证
无法正常使用健康码
无法确认源头
无法确认该物体是否为无人机
无法站立
无法解释的神奇画面
无法识别
无法辨认
无法辨识
无法通行
无法饮食休息
无游客和渡轮干扰的威尼斯水域
无游客投喂猴儿们下山堵路？政府发放馒头作为安抚
无游客投喂野猴堵路
无游客投食
无游客投食野猴堵路
无漏网
无演出收入难以维持动物饲养
无火情
无牌兰博基尼
无牌兰博基尼逃逸
无牌兰博基尼驾驶员
无牌照
无牌照上路
无牌照兰博基尼应急道超速行驶
无牌照兰博基尼应急道飙车拒检仅扣6分罚200
无牌照兰博基尼跑车成都高速路飙车交警多次喊话靠边停车仍超速狂奔
无牌红色兰博基尼超跑
无牌红色兰博基尼超跑事件
无牌驾驶扣12分+占用应急车道扣6分处理
无犯罪事实
无现金时代
无生命体征
无生命危险
无用户互动
无用户互动记录
无用户反馈
无用户评论
无用户评论内容
无留言
无癌之国85万人无一人患癌值得学习健康才是幸福
无百人以上伤亡
无直接关联
无直接关联该事故
无相关评论
无真实事件基础
无真实事故支撑
无真实历史记录
无真实新闻记录对应
无真实案件对应
无真实评论互动
无确切事实依据
无确切数据
无票强占座位
无票旅客
无私奉献
无科学依据
无科学依据事件
无科学依据的观点
无科学依据的说法
无科学或官方证实依据
无科学或考古依据的内容
无线信号传回地面
无线充电
无线电信号数据
无线石家庄
无结论
无继承人存款的归属问题
无耻到极点
无虚假信息成分
无虚假成分
无规矩不成方圆支持校长
无视疫情集会禁令 1.5万民众巴黎街头抗议警暴
无论多久他都会在原地等你
无证件兰博基尼高速狂飙170、180交警追逐40分钟逼停
无证据支持
无证驾驶
无证驾驶所致
无评论
无评论信息
无评论内容
无评论记录
无责任方
无辜
无辜受害情绪
无过错
无迹象表明是袭击事件
无遗嘱且继承人不符
无销售数据支持
无锡
无锡312国道上海方向锡港路高架桥
无锡312国道锡港路高架桥垮塌事故
无锡加油站爆炸了
无锡市区惠山金桥商贸城附近
无锡惠山金桥商贸城附近
无锡成功运输有限公司
无锡挺住
无锡梁溪区一块空地
无锡梁溪区一空地废弃油桶
无锡江南晚报社官方抖音号
无锡疑似爆炸事件
无锡这一年里发生了太多的事故
无需流量通话功能
无食物来源
既惊讶又戏谑
既然生了为何狠心抛弃
日久见人心 走的慢一点 时间会教会你看清每一张脸
日产纳瓦拉
日产车
日产轿车
日产轿车发生碰撞
日产轿车车主
日光荏苒岁月如歌
日出云海 泰山
日出后开启门窗
日出江花红胜火春来江水绿如篮
日常娱乐
日常应急演练的成效
日常新闻播报
日常生态现象被情感化叙述
日常问候
日新东路一塔吊掉落交通中断 昆明
日新东路辅道
日月如梭 从未改变
日月洗铅华烈火镀金身努力才是人生的态度
日本
日本三重县伊势市
日本上市
日本上市wife_5并售罄
日本东部
日本伊豆半岛
日本关东南部
日本列岛
日本发明妻子机器人
日本发明妻子机器人除了生娃什么需求都能满足
日本发明机器人妻子上线一小时就直接售空
日本各地
日本多地
日本多地天空
日本多地超市
日本奈良
日本奈良县立医科大学研究团队
日本奈良小鹿
日本奈良小鹿饥饿情况
日本奈良的小鹿
日本奈良的鹿
日本奥运会烟花燃放
日本妻子机器人正式上市
日本媒体实验演示
日本富士山下
日本富士电视台
日本推出高仿真智能机器人
日本政府
日本最新推出女机器人具有女朋友的一切功能上市一小时就抢空
日本气象厅
日本海上自卫队阅舰式
日本灾情
日本疫情情况
日本确有相关体外实验报道
日本等机器人制造大国
日本网友
日本网友广泛感动
日本网友评论
日本说豆能降、韩国说泡菜能降、印度说咖喱能降、中国说喝茶能降
日本遭遇超强台风
日本遭遇超强台风现场宛如世界末日
日本高仿真美女机器人上市1小时就被抢完
日行一善善行天下爱家人爱生活把爱传出去
日语吗？
旧图或合成图像拼接传播
旧屋
旧影像或误导性剪辑
旧影像资料拼接或误传
旧村改造
旧村改造拆房
旧村改造过程中
旧水坑网友
旧素材或虚假拼接构成
旧视频
旧视频或合成影像
旧视频或摆拍画面拼接
旧视频或网络误传素材
旧视频重新传播
旧视频重新炒作
旧闻或虚构场景
旧闻翻炒
旧闻误植
早一点拉住她该有多好
早上8点用水高峰期
早上9:30
早上五点走丽岙过的真的好大的水
早上好看看外国的疫情到了这种情况还有活路吗
早上好美女
早上好美女唱的真好
早上好评论
早不回晚不回现在才回
早大果、红力、燕子、福晨、黄早
早就应该这样了
早就该回
早就说了这是谣言
早就辟谣了
早日回家
早日康复
早日抓获肇事者
早晨起来听说晚上巨响
早期诊断效率
早稻平均亩产
早稻平均亩产测量
早该如此
早该这样了
早逝
早都被盗墓的光顾了就剩下搬不动的石头
早高峰
旱时有水、涝时能存
时事热点
时事热点教育指南立足山东服务全国
时代不同了秦腔改革了
时代在进步啊
时代弄潮儿看科技就找爱奇艺
时代政能量
时代结束与人物离世关联
时任美国总统特朗普
时光变成了盗贼
时光机
时光机器的应用推测
时刻关注
时刻关注 期待与您同行
时政之道我们知道
时效性
时有发生
时速一百多
时间
时间+地点+事件+联系电话
时间、地点、人物、事件、联系方式及影像资料
时间、地点、人物、事件等详细信息
时间、地点、人物组合正确
时间与关键词不符
时间为1584119619000
时间为2019年11月
时间为2019年8月10日20至21时
时间为2020年
时间为2020年8月4日
时间为2021年6月14日17时30分许
时间为2023年6月14日17时30分许
时间为当天傍晚
时间和细节歪曲
时间惊愕
时间或编码
时间戳
时间戳01-一站
时间戳1537053771000
时间戳1547590077000对应日期
时间戳1548365226000
时间戳1555492232000
时间戳1577638732000
时间戳1579003981000
时间戳1582839416000
时间戳1583191596000
时间戳1584112547000
时间戳1585585860000
时间戳1586782647000
时间戳1593702473000
时间戳1616350013000
时间推移中
时间片段记录
时间疑问
时间矛盾
时间逻辑混乱
时间错乱现象
时间错乱问题
时间错误
时间错配情况
时间间隔14小时
时间预测
时隔136天普吉凤凰号沉船打捞出水 事故致47名中国游客遇难
时隔22年又一次洪灾
旷哥今天大丰收咯
旷哥今天大丰收咯评论
旺仔牛奶饮品
旺座曲江上班族
旺座曲江工作人员
昂贵
昆山电子厂火灾
昆山电子厂火灾, 内容不一致
昆山鼎鑫电子有限公司
昆山鼎鑫电子有限公司地址信息
昆山龙哥
昆山龙哥网络梗
昆明
昆明与深圳混杂
昆明东州区
昆明交警提供
昆明市
昆明市五华区华山街道办事处辖区建设路师大实验中学门口
昆明市公安局110指挥中心
昆明市日新东路与希望路交叉口辅道处
昆明市景泰街附近
昆明康辉旅行社
昆明日报掌上春城
昆虫
昌盛石料厂
昌盛石料厂尚未取得环评手续
昌盛石料厂环评审批情况
昌盛石料有限公司
昌盛石材有限公司
昌都市110
明人不说暗话这普通话我喜欢😂暖心瞬间
明代蜀王府旧址
明代蜀王府遗址
明代蜀王府遗址发现
明国百自部
明天开始全市变电器检查安全
明天还有摘没
明媚阳光
明媚阳光发布的文本
明尼苏达州
明尼苏达州警方
明尼苏达州警方暴力执法事件
明崇祯年间
明年去他家吃
明抢
明报专访
明报独家专访
明明就是长丰的
明明是电动车
明明水很浅可以直接出来
明星周边商品交易现象
明星网红探班内容
明星资讯
明星资讯、娱乐花边、音乐推荐、武汉探店
明显
明显不符
明显事实错误
明显伪造痕迹
明显信息混乱
明显偏差
明显偏差或误传
明显偏轻
明显冲击波
明显地点错误
明显地理错误
明显夸大与不实成分
明显夸大与信息混乱
明显夸张与逻辑矛盾
明显好转
明显安全隐患
明显拟人化表述
明显拼凑痕迹
明显无意义内容
明显是密集子弹
明显段子
明显火势
明显疑点
明显虚假信息
明显虚构痕迹
明显表演痕迹
明显语病与表述混乱
明显误导性
明显质疑
明显错乱或谐音误导文字
明显错乱表述
明显错误
明显错误与拼凑痕迹
明显错误或模糊
明显错误表述
明显闯红灯行为
明晚8点
明月何时照君还归途遥望已无期
明月岛停车场
明月岛居民
明月岛车辆
明火
明火于傍晚6点被扑灭
明火已全部扑灭
明火已拆灭
明火扑灭时间
明火施工
明火被扑灭时间
明知一去不返却还是义无反顾这就是英雄消防员的24小时 @抖音小助手
明知出租老虎行为违法
明知道会牺牲却义无反顾
明确地点
明确时间
明确禁止投喂
明确诊断
明蜀王宫旧址
明阳际通正工开场村
昏倒
昏倒地点
昏迷
昏迷后被拖拽数十米
昏迷女子
昏迷女子实施急救
昏迷状态
昏迷的孩子
昏迷的驾驶员
昏迷老人
易引发滑坡
易拉罐
易文斌
易文斌默契十足
易燃性
易燃易爆
易燃易爆企业
易视频
昔日可爱的考拉与当前惨状
星之所向皆有光芒
星任务平台助手
星星之火可以燎原
星月不負趕路人江河眷顧奮楫者一一一一巨蟹大叔、鋼筋直男、暖暖的、默默的宅男
星期二14:13:54
星期日01:56:49
星爷的电影都不敢这么拍
星知传媒
星视频
星视频作者账号信息
星视频发布
星视频发布的视频
星视频合作微信
星视频投稿邮箱
星视频编辑发布
春供电调控中心
春季冻融
春暖花开大雁南飞
春暖花开时大雁应南飞
春秋战国
昨夜今晨
昨夜今晨一架客机在黑龙江伊春失事42人遇难
昨夜有余震
昨天10点19分
昨天10点19分内蒙古锡盟东乌旗发生地壳推移
昨天下午六点半发生的
昨天俄罗斯航空展意大利飞行表演队发生意外飞机在空中相撞总共损毁了十架飞机
昨天刚看到
昨天喝多了还没起床
昨天广州机场飞机停飞为南飞的大雁让路
昨天抓住了
昨天晚上别人发的视频
昨天晚上这是发生了什么？是不是我手机中病毒了👽👽👽
昨天的吧
昨天试飞了
昨天试飞情况
昨天还去了呢
昨日
昨日下午惊闻两孩童意外溺水
昨晚
昨晚2020东京奥运会开幕式烟花默默在日本富士山下燃放
昨晚入住喜来登酒店
昨晚商丘火神台金桥路发生车祸
昨晚武汉长江大桥放焰火在疫情期间前所未有由浏阳花炮赞助这是新中国成立以来第一次用传统习俗驱除病魔
昨晚武汉长江大桥放焰火驱瘟疫前所未有浏阳烟花厂赞助
昨晚没吃饭
昨晚长江大桥放焰火驱瘟疫
昨晚长江大桥放焰火驱瘟疫前所未有
昨晚长江大桥放焰火驱癌疫
昨看了这视频真揪心
是
是, 事件地理坐标
是, 示威活动中的标语
是, 配图标语
是20万而且现在没货
是一个个温暖的家庭
是一场可怕的袭击
是不是七星公园
是不是不认识中国汉字？
是不是叫于洁的女孩？不知道呀
是不是喝酒了开的车嘛？
是不是回国避难来了？
是不是权威发布
是不是毛爷爷诞辰所以免费
是不是真的 有统计的
是不是真的哟
是不是真的啊
是不是真的啊完蛋了
是不符合医学常识的
是个有故事的人
是个狠人
是事件一部分
是事件中描述的物资消耗
是事件发生位置, GPS坐标
是事实
是事实描述
是亲家一辈子的亲戚平安就好
是人为造成
是什么导致的爆炸
是什么让我4点钟就起床努力地收小龙虾是因为亲情吗是因为爱情吗？错是因为穷
是作者简介, 发布者
是你们那里
是供应商问题
是假新闻
是做好自己岗位职责
是光线反射造成
是动物主动从车内叼走口罩
是动物主动抢夺口罩
是劳累过度引起的
是原因
是否中俄唱双簧帮中国
是否为山体滑坡事发地
是否为玄幻现象解读
是否为误判
是否为货运试飞
是否亲民或作秀
是否会出土国宝级文物
是否具备通航条件
是否冤枉车主
是否发生事故
是否可投诉
是否可用粗盐或火花塞击碎车窗玻璃实现紧急逃生
是否可申请爱心筹款
是否因抖音曝光才导致嫌疑人投案
是否存在保护伞或指使行为
是否存在假和尚
是否存在处理过轻或不了了之的情况
是否存在安全责任缺失
是否存在正当防卫情形
是否存在环保问题
是否存在雇佣或帮忙情形
是否属于地方风俗
是否属于敬业行为
是否属于真爱
是否属于碰瓷行为
是否属于虐待
是否属实
是否已被辟谣
是否应双倍赔偿
是否应还手
是否影响开发
是否愿意做出牺牲
是否愿意娶回家
是否有中国乘客
是否有关人类尚无影响
是否有心仪房源
是否有效
是否构成交通挑衅
是否构成抢劫罪
是否构成欺骗
是否构成过失致人死亡
是否构成重复处罚
是否涉及无证驾驶
是否涉及酒驾
是否看见国人被外国人打
是否真实发生
是否真实可信
是否真实燃放烟花
是否禁航
是否紧邻居民区
是否联系外星人与被侵犯无关
是否能治疗狂犬病
是否被人为纵火
是否该付伙食费话题
是否还扣分
是否还有更多在逃豹子
是否追责供电部门
是否遭受不公平对待
是否闹鬼的讨论
是哪家的孩子
是哪里？
是商场的责任还是监护人的责任？父母一定要把孩子看好@抖音小助手
是因从围墙上丢下所致
是因入室抢劫
是因决堤所致
是因考古发现
是夸大技术可行性
是夸大表述
是对临时入境限制的误读或夸大
是履带吊不叫塔吊
是履带吊不叫塔吊评论
是得注意
是我们辜负了学历还是学历辜负了我们
是我在渡劫
是所有都这样了么
是救援结果
是文本核心议题
是普遍态度
是机器人
是核查结论
是案件状态
是永动机？
是游客故意投喂
是滴
是演习或电影
是爱是痛还是错
是电影片段吧？
是真实新闻
是真某
是真的
是真的吗
是真的吗作？？？？确定这是真爱
是真相
是福不是祸是祸躲不过
是结果
是结论
是老公私房钱
是自然现象还是外星文明干预
是虚假信息
是虚构内容
是虚构情节
是虚构的
是蜀王宫吧
是视频连线有没有搞错评论
是警方通报内容
是评论内容, 四川绵竹九龙山的灵官塔
是该文本所述内容
是谁制造了这场疫情
是谁拍的
是调色效果
是谣言
是车不行还是速度太快愿大家珍惜生命安全行车
是近防炮拦截不是激光
是通报内容
是钱的问题
是飞机不敢飞
是鬼魂所为
昼夜奋战
显示女子看手机跌落站台事件
显示边境墙被刮倒的视频
显著
显著增长
显著康复
显著提升
显著提升网速
显著放大
显著效果
晏彭舒
晒被子抖落3万元现金事件
晒被子时
晒被子时抖出大量现金
晕倒
晕倒事件
晕倒情况
晕厥事件
晕厥男子
晕厥男子是其同事
晚一点死
晚上
晚上6点前撤离
晚上全国烤羊肉串
晚上好
晚上好妹妹
晚上超过凌晨2:00的满背纹身
晚上路过不得吓坏了附赠童年阴影BGM
晚安 好滴呀安咯
晚期患者
晚点死
晚点死亡
晚间不定期开播
晨光文具
晨報 江西
晨报·江西报道
普华永道
普华永道亚太及大中华区主席赵柏基表示
普华永道全员在家办公
普华永道阶段性试点灵活办公措施的夸大与误读
普及安全用气
普及安全知识弘扬安全文化更多安全视频下载请关注今日头条吕哥聊安全
普及法律知识
普吉
普吉岛
普吉岛还是不错滴
普吉岛附近海域
普吉府尹
普吉海事局和水警局
普吉游船倾覆事故
普吉游船倾覆事故展开调查
普吉游船倾覆事故已致42人遇难 搜救范围扩大
普吉翻船事故
普吉翻船事故中国游客已有16人死亡 超30人失联
普快手
普普通通
普法解读
普洱古树茶
普通交谈
普通交通违法论处
普通人
普通人之间的情感
普通桌子还可以机麻抬起够呛
普通桌子还可以机麻抬起够呛讨论
普通病房
普遍不满
普遍不高
普遍共识
普遍关切
普遍怀疑
普遍点赞
普遍超越人类
普遍远程办公
普陀东港某小区地下车库受淹
普陀区梅川路
普降暴雨
普降暴雨引发
普降暴雨至大暴雨引发
景区
景区临时闭园通告
景区回应称
景区安全意识薄弱
景区应承担全责
景区推广宣传
景区环线交通受阻
景区秩序混乱
景区管理疏忽
景区自8月18日起临时闭园
景区通行
景象太魔幻
晴天后扬尘形成雾霾
晴转多云
晶体
晶杆体
晶杆体误解事件
晶针
智媒云
智慧海都APP
智能恒温装置
智能恒温装置使机器人有体温
智能手机
智能手机普及
晾晒的衣服上
暂不明
暂停入境措施影响
暂停外国人入境决定
暂停外国人入境政策
暂停外国人持有效居留许可入境
暂停外国人持有效来华签证入境
暂停外国人持目前有效来华签证和居留许可入境
暂停对朴槿惠的监禁执行
暂停执行监禁
暂停持有效中国签证、居留许可的外国人入境
暂停持有效中国签证和居留许可的外国人入境
暂停持有效来华签证、居留许可及APEC商务旅行卡的外国人入境
暂停措施
暂停油炸辛辣食物
暂无人员伤亡
暂无人员伤亡事实
暂无内容
暂无生命危险
暂无留言
暂时中断状态
暂时关闭
暂时关闭珠峰北坡登山通道
暂未发现人员伤亡
暂未接到云南游客在日受伤消息
暂未明确
暑期溺水悲剧再发两死一失踪
暑期远离危险水域预防溺水珍爱生命
暖心
暖心、感动
暖心场面
暖心山洪爆发致45车153人被困民警套绳人肉拉车网友怒赞
暖心故事私信
暖心短视频
暖心背公主抱
暖心背公主抱致敬洪水中的逆行者@鹤城公安 抖in齐齐哈尔
暖新闻投稿
暗度陈仓
暗杀事件
暗杀事件描述
暗杀事件责任方
暗杀细节
暗河
暗河施工事件
暗示不公
暗示公交车在积水中行驶
暗示呼吁或感谢投喂者
暗示老人实施碰瓷
暨一人骑摩托车过河被冲走
暴乱
暴乱无关
暴力
暴力不可取
暴力伤医
暴力伤医事件
暴力伤医事件处理结果
暴力伤医惩处过轻
暴力伤医相关文本
暴力情节
暴力打砸
暴力执法
暴力推搡
暴力推搡拖拽行为
暴力行为
暴力袭击正在依法执行职务的人民警察处三年以下有期徒刑、拘役或者管制
暴力解决问题
暴力解决问题是否可取
暴打事件
暴涨
暴瘦
暴雨
暴雨 最新通报来了大家不要相信谣言
暴雨、大风、雷电黄色预警
暴雨中工作状况
暴雨事件
暴雨侵袭
暴雨和洪涝灾害
暴雨天气
暴雨导致山洪暴发
暴雨导致河水上涨
暴雨引发
暴雨引发严重内涝
暴雨引发山洪
暴雨引发山洪导致
暴雨引发山洪泥石流
暴雨引发泥石流
暴雨引发的洪灾
暴雨引发的灾害事件
暴雨来袭不足惧街道成河上海公交车当船也要开井盖也不忍气吞声
暴雨灾害
暴雨红色预警
暴雨红色预警信号
暴雨至大暴雨
暴雨街道被淹如同海上公交车在积水中乘风破浪
暴雨袭击石柱车辆被直接冲走 中学教学楼被泡
暴雨黄色预警
暴露了职业
暴露人类位置
暴露人类文明
暴风雨来临
暴风雪
暴风雪天气
暴风骤雨
曝光
曝光 绿漆刷山、盆栽式复绿、防航拍挂网……环保造假他们也是拼了
曝光当事人
曝光涉事游客
曝光车牌
曝光这位老人
曝当年分手真相
曝林青霞秦汉结婚
曝林青霞秦汉结婚 世纪大新闻？？这也太低调了吧
曲一响布一盖全村老小等上菜
更专注 更专业
更严重后果的发生
更便捷参与举报
更可怕
更合镇政府
更多人关注农村塌方
更多信息
更多受害者
更多幕后故事
更多新闻请下载海客新闻APP
更多正能量内容
更多现场新闻
更多研究加以探讨
更多评论
更多资讯
更安全
更强信号
更快打击目标
更科学
更紧
更远处可见沙丘
曹德华
曼哈顿
曾乘坐该线路车辆的网民表述
曾亲历类似现场经历
曾亲眼看见乌鸦落在故宫屋顶
曾亲身参与类似活动
曾先生
曾先生家晾晒的被子
曾先生家晾晒的被子着火
曾先生家被子
曾先生的妻子
曾公旅游产品推荐者
曾几何时挤破脑袋想出去
曾几何时挤破脑袋想出去留言
曾国藩
曾国藩文化传播者
曾某
曾柳霞
曾繁沂
曾经梦想中的无瑕净土
曾经的农村小孩子生活在小城市……一切都是小的独独不是小人
曾经的玉林三件大事高铁、机场、码头
曾误以为变质而丢弃
曾贝希负责
替人讨债、复仇
替哭者谢谢站长
替身
最严重的技术泄露外国商人在中国偷走几只小虫令中国损失千亿
最危险的地方就是最安全的地方
最可恶的莫过于小偷我曾经在半年内丢过三个电动车电瓶最后没办法只能换了台新的结果…
最可爱的逆行者
最后10秒钟
最后10秒钟音频
最后一单终点
最后一单起点
最后一辆货车
最后一辆车福大命大
最后一面
最后两名被困人员
最后出征画面
最后影像
最后时刻音频
最后画面
最后的视频是山东大雨的时候
最后背影
最后该巫师已被确诊并隔离治疗
最大的遗憾是没有陪你一起变老
最大的黑客帝国
最大限度减少伤亡
最大风力12级
最好不要吃
最好是用大师…
最好的活动
最好的陪伴不是简单的口头承诺而是不管多痛多难都不离不弃的陪在你左右的人……
最小死者
最少吃饭准时睡觉准时起床准时
最强台风直击日本 超市商品抢购空中国网友评论亮了台风
最强台风达17级宁波绍兴已拉响红色警报
最强风力17级台风利奇马向浙江沿海逼近多地连发红色预警
最强风暴—山竹
最怕火灾消防又辛苦了
最惨主人
最惨官方
最担心的事还是发生了
最新时讯互动传播平台
最新最快
最新最快的时讯互动传播平台
最新消息 新闻
最新消息 狗咬死小孩事件
最新进展少年扶倒地老人老人家属退钱了众网友点赞好少年……
最新进展警方通报：北京朝阳医院 伤医嫌疑人被刑拘
最新通报
最新通报确认仓库起火
最权威的信息发布 最真实的现场记录
最毒用词不当
最毒结婚证南阳 武汉 南阳疫情
最深度、最有用、最娱乐、最现场、最有趣尽在大参考
最深水位
最牛亲家
最真实UFO视频之一
最真实的民生现场 求助热线：079188316800
最硬核的碰瓷 这位老人你的这个行为实在太……
最终他也被感染了
最终告破
最终拨打119求救
最美的风景线
最美舞者 祖孙组合太美啦嗨翻全场 刷到的朋友开心快乐每一天美好时光留住美好的回忆
最羡诗酒剑仙豪饮千杯诗百篇一剑遨游九天
最贵的自拍
最起码的尊重都没有素质和学历真的毫无关系
最远的中欧班列
最难的一年
最高1000元
最高1000元奖励
最高人民法院
最高奖励10000元举报交通违法行为有奖3月10日起施行
最高奖励300元石家庄开展随手拍有奖举报违法停车行为
最高奖励金额
最高级别的防汛应急响应
月大院21个人只回来了3个西昌山火特警队员最后出征画面曝光
月球图像中
月球存在外星人城市和秘密武器工厂
月球背面并无此类构造
月薪2600元花0.85元买颗葱
有80多岁迷路老奶奶在寒风中发抖
有8名大人和1名小孩前往湖北探亲
有[666]
有[赞]
有一女子欲投河自尽
有一种厉害叫中国
有一种爱情叫我只为你而存在
有不同评论
有两个孩子
有个性但不任性
有个猴拿了两个馒头
有个猴拿了俩
有乘客
有乘客受肺炎感染
有乘客拨打急救电话且多人施以援手
有乱食习惯的犬只
有事喊小荣感谢关注 喜欢您来欢迎投稿 分享精彩
有事您说话热心生活帮✊
有事您说话热心生活帮✊ 24小时新闻热线（0531）96005900 新闻爆料箱 shenghuobang@163.com
有事您说话热心生活帮👍👍👍 热线电话：0531——96005900
有些事宁可悔未做勿可做了悔不然一错将是一生
有些事情想通了反而简单了
有些事说出来太矫情 不说太委屈 哭太没用 不哭太苦
有些危险来得猝不及防……所以平常请多锻炼关键时刻跑得快很重要
有些感动和敬佩无私奉献的老师
有些没医德医风该整治
有些没医德医风该整治评论
有人
有人为你卖儿卖女呀
有人使用
有人去体验过吗
有人受伤
有人因踩上斑马线白色部分导致事故身亡
有人因闲逛被罚背诵防疫手册
有人在棺材底部
有人推测
有人提出
有人提及
有人携带爆燃物品闯入何享健住宅
有人淡定安宁
有人睡在卫生间
有人跳窗逃生
有人鱼尾那种东西卖的
有什么大惊小怪的
有什么岁月静好是有他们为我们负重前行
有仇？
有价值的信息
有你们在我们很安心
有你们在我们放心
有偿征集突发新闻、监控视频、新闻线索等请后台私信我们
有偿爆料人
有偿爆料邮箱2861119646@qq.com
有先见之明所以早就修好了五粮液机场
有关各方
有关地区在中国实际控制下
有关地区在中国实际控制下的事实
有关必回👨‍❤️‍👨出售中国古代经典书画碑刻拓片复制品
有关猪肉腐坏变质的画面
有关部门
有关部门了解
有关部门调查
有其母必有其女
有前途
有力声援
有力有用有趣
有助于安全接人
有医德、重疗效的医生
有去对了
有史以来最严重洪灾
有品、有料好听、好看
有品质更轻松关注我让频频离你再近一点投稿邮箱：ysptougao@yangshipin.cn
有啥事咱起来说
有困难找大哥
有困难找小莉小莉帮忙一帮到底
有国才有家
有声音
有多少给我邮过来我不怕
有奖稿酬
有学历没教养
有学生戴口罩参加香港理工大学博士毕业典礼校长拒绝握手并要其下台
有安全距离
有密码的记忆片段
有居民集体悬挂国旗活动
有市场就要有文凭
有序
有序开展
有序撤离
有序状态
有序进行
有建议
有引发山洪灾害
有影响力
有影响力的主流媒体影响有影响力的人新闻热线：9600195帮助有需要的人
有必要提醒所有兄弟姐妹为避免悲剧重演请看完并转发视频
有态度 有温度
有态度 留温度 讲观点 说人话
有态度有温度的媒体
有情有义有乐趣
有惊无险
有惊无险中国第六大富豪、美的创始人何享健在家遭挟持50名犯罪嫌疑人已落网
有房谁不愿住
有才无德
有才有趣的短视频
有效举报数量第1-3名
有效举报数量第4-7名
有效举报数量第8-10名
有效作者简介
有效信息
有效信息佐证事件真实性
有效描述
有效证据支持
有效证据证明APP通过麦克风窃听通话内容
有效评论信息
有料、有情、有趣
有料、有趣、有担当986路上好朋友
有料有趣发现湖南
有时间到那拍摄就不能主动去帮忙
有有困难找大哥
有期徒刑10年
有期徒刑15年
有期徒刑6个月
有期徒刑一年六个月
有期徒刑三年
有期徒刑与罚金
有期徒刑两年
有期徒刑二年八个月
有期徒刑八年六个月
有期徒刑六个月
有期徒刑六年
有期徒刑六年六个月
有期徒刑十四年
有期徒刑十年六个月
有期徒刑四年六个月
有机农业市场需求
有机农业相关研究探索
有机农业转型
有机农业转型发展
有机硅
有机肥
有机肥全套设备
有机肥和生物肥料
有机肥才是未来农药化肥的用量都将逐渐降低
有机肥推广
有机肥替代化肥
有机肥替代化肥行动
有机肥替代率100%
有机肥设备厂家
有村民
有村民反映目击疑似老虎动物
有村民目击大型野生动物
有毒有害物质
有毒气体释放
有毒烟雾
有毒烟雾积聚
有毒香肠
有气场❤️
有水文纪录以来的历史极值
有没有家属
有没有拍到？效果怎么样？
有温度 有态度
有温度 有情怀 有内涵
有温度 正能量
有温度、有力量、有价值的声音 🎤
有温度、有态度、有力度的警事
有温度、有情怀、有内涵
有游客
有点害怕
有点慌
有点慌评论
有点瘆人 印度公园一健身器材深夜自己运动 @抖音小助手
有点说真有点假？
有爱 有趣 有故事
有特色[赞]
有生育能力木有
有用户
有用户提及
有的人吃着喝着就没啦
有的写的是700哪个是真的？
有纹身的看过来😃😃😃也不知道是真的假的
有缘
有缘相遇承蒙厚爱感恩支持谢谢关注
有网友说这是假新闻这个很有可能哦毕竟从美国传出来的新闻难辨真假呀
有舟出舟
有色人种社区
有观点
有观点指出
有观点认为
有角度更有力度
有角度更有力度投稿、合作、实习联系邮箱：3026401447@qq.com联系电话：027-88569628027-88567809
有讨论
有评论
有评论指出
有评论提及
有评论表示
有评论调侃
有说法称
有谁买过这样的猪肉上面白黄白黄一粒粒的
有谁敢惹我
有谁理解过医务工作者？
有谁跟我一样半夜睡不着还在刷抖音的
有责任心的英雄大夫
有赛事路边就不能停车
有趣 有料 有态度
有趣有到焦国际际极速传递
有趣有才有颜值～
有趣有料有温度
有趣有料有用好料劲料欢迎大家爆料
有趣有聊有料
有蹄类野生动物
有这样的邻居是一种幸运为他们见义勇为的精神点赞@抖音小助手
有速度、有高度、有态度、有温度的新闻聚焦大小新鲜事关注我们就够了
有速度有深度有温度新闻发布
有部分事实基础但脱离背景
有部分事实基础但被夸大
有钱不能任性任性真要命洪水
有钱人住着保障房
有钱人啊
有钱人就是厉害封我们嘞路
有钱任性
有钱的疯子太固执
有钱的疯子太固热
有限
有需要修的衣服拿店里面来本人为你服务
有骨气
有骨气香港理工大学校长拒绝与戴口罩毕业生握手获网友怒赞
有黄金？？
朋友
朋友关系
朋友圈
朋友圈传播
朋友圈刷屏现象
朋友圈广泛传播
朋友学外贸商务出身
朋友的安全提醒
朋友能刷到是一种缘分……你的赞就是给我最大的鼓励
服不服
服从现场交警指挥
服农药自杀事件
服刑
服务 鲜活 负责任
服务于独立思考的人群
服务区单挑
服务员
服务开小差请稍后再试
服务群众的正面形象
服务鲜活负责任
服毒自杀
服毒行为
服毒身亡
服用维生素B2后
服福
服药前
服药自杀
服药自杀事件
服装店店主
服装店损失
服装店被淹
服装店被淹事件
服装店被淹老板痛哭
服装店被淹老板痛哭事件
服装批发厂家
望众生皆健康
望平安
望江县公安局
望江县城吉水桥边
望江县相关部门
望江警方通报女孩跳河身亡：涉事民辅警停职调查
朝天门大桥附近
朝闻天下
朝闻江城琐事 夕拾武汉记忆
朝阳公安分局
朝阳公安分局依法刑事拘留
朝阳分局民警
朝阳区
朝阳区居民
朝阳天气信息
朝阳随运出口平号
朝鲜问题
期待下一代装备的观点
期待与您同行
期待后续
期待您平安归来让我们共同为钟考新铸
期待情绪
期待机场建成
木塔
木头中
木头中有大量金银
木头中藏有金银财宝
木头房子不塌水泥钢筋桥却塌了
木奇镇
木屑燃烧颗粒的生产原料
木有今年疫情我看够回来的
木耳安全性
木航e从.身美血
木里能不能别再烧了又让我想起那三十一名英雄
木锤
未丢弃整头猪
未主动攻击任何人
未佩戴口罩
未充分探孔
未兑现
未具体命名
未冲入江中
未参保境外回国人员
未参保者
未及时使用直升机灭火
未发现明显污染
未发生
未发生所述事故
未发生的溺水事故
未发生的绑架事件
未受伤
未在国内参保
未处理
未完成火化
未完成背诵者
未实际发生
未尽到预防责任
未履行安全管理责任
未成年人
未成年人利益最大化原则
未成年保护法不应保护施暴者
未成年金钱豹出逃事件
未戴口罩毕业生
未戴头盔相关
未报告受伤
未拴绳宠物狗撞翻电动车狗主人全责
未按导流线行驶
未按导流线行驶在校前二路
未按规定使用安全带
未接种狂犬病疫苗
未提供具体信息
未提及
未施救
未明确具体地点
未明确提及爆炸地点为火车站
未明确说明
未有实际违章情况
未杀
未来3小时
未来会越来越好的
未来体验北京地铁
未来回报推测
未来移民火星
未来若缺乏有效控制
未果
未果后离开
未标明出处
未熄灭烟头
未牺牲
未确认外星生命敌友性质
未礼让黑狗
未礼让黑狗被罚
未立遗嘱
未立遗嘱且继承人非法定
未系安全带
未经允许禁止转载
未经她人苦 莫劝她人善
未经授权
未经授权不得转载
未经授权搬运
未经授权转载搬运
未经核实信息
未经核实的信息
未经核实的就业状况描述
未经核实的感人叙事
未经核实的推论
未经核实的疫情相关消息
未经核实的网络传言
未经核实的虚假描述
未经核实的表述
未经核实统计数据
未经核实陈述
未经竣工验收备案
未经许可
未经许可不得进入
未经许可禁止转载
未经证实
未经证实/虚假信息
未经证实且危险的医学建议
未经证实且危险的医疗推测
未经证实且被核实为虚假
未经证实信息
未经证实关键词
未经证实医学说法
未经证实宣传
未经证实指控
未经证实推测
未经证实描述
未经证实猜测
未经证实的事件描述
未经证实的事故信息
未经证实的事故细节
未经证实的传言
未经证实的信息
未经证实的假新闻
未经证实的入境禁令信息
未经证实的关键词提及
未经证实的关键词表述
未经证实的典礼现场行为
未经证实的医学案例
未经证实的失踪人口统计
未经证实的夸张传播
未经证实的就业去向结论
未经证实的感人事件
未经证实的指控
未经证实的推测
未经证实的描述
未经证实的政策变更信息
未经证实的桥体坍塌信息
未经证实的水质问题
未经证实的游乐设施
未经证实的灾害强度
未经证实的灾害报道
未经证实的猎奇传闻
未经证实的猜测
未经证实的网络传言
未经证实的网络技巧传播
未经证实的虚假描述
未经证实的虚构情节
未经证实的虚构说法
未经证实的说法
未经证实的负面联想
未经证实的质疑
未经证实说法
未绝迹
未能及时疏导游客
未能守住安全底线
未见于正规媒体报道
未见官方报道
未见用户互动
未见评论内容
未解之谜
未解之谜标签
未证实信息
未证实医学结论
未谋先知或早有预谋
未辱骂对方
未达刑责年龄涉案人员
未通车
未造成严重伤害
未造成人员伤亡
未陪伴
末日降临般
本不该由你播报
本事件
本人仅此1⃣️个抖音号码特此声明
本人莹莹
本厂主体
本国科研人才
本土原创短视频与直播
本土正能量短视频
本土民生新闻
本地
本地市民
本地新闻、突发、趣闻
本地民众关注
本地氧气供应充足
本地热点
本地生活互动信息
本地网友
本地网友回应
本宝宝暂时还没想到个性签名
本就超越人类
本平台记录生活中点点滴滴传递正能量作品谢谢大家支持🙏🙏🙏有你真幸福
本文
本文作者
本文关键词
本文所述事件
本是有趣的灵魂怎可如此般平庸生活给予了我们很多总是在问路在何方……
本是青灯不归客却因浊酒恋红尘星空不问赶路人岁月不负有心人
本是青灯不归客🍵却因浊酒风尘🍵星光不问赶路人时光不负有心人🍵愿我们不负韶华历经千帆☕走出半生归来仍是少年🍃🌱🍂🥀🍃🌱🍃🍀🍂🍁🌷🍁🌷🌷🌹
本月初深圳湾口岸
本月能吃上肉了
本来不该笑但真的忍不住
本来就是剩的
本案
本案主审法官
本案相关报道内容
本次交通事故
本次抢救事件
本次灾害事发地
本溪天气信息
本片内容不可作为医生诊疗意见
本科毕业年龄偏大不适合电竞行业
本质区别
本起案件描述内容
本轮蝗灾
术语错误问题
朱利奥·盖乐拉
朱华生
朱振彪
朱振彪不负民事赔偿责任
朱振彪无责
朱振彪脱掉外套
朱振彪行为属于见义勇为
朱振彪追逃案
朱普明
朱某乔
朱某亮
朱某亮与李某
朱某亮与李某夫妇及其两名子女
朱某亮死亡
朱某亮父亲
朱某夫妇
朱某夫妇回家
朱炎华
朱茜
朴槿惠
朴槿惠为新冠密接者
朴槿惠去世
朴槿惠去世 视频 病毒
朴槿惠去世 视频是病毒
朴槿惠去世视频是病毒
朴槿惠存在感染风险
朴槿惠将接受新冠病毒检测因其所在拘留所已有3人确诊
朴槿惠所在监狱一名狱警确诊新冠肺炎曾接触包括N号房主犯赵主彬在内的254名囚犯
朴槿惠所在监狱出现疫情
朴槿惠所在监狱出现疫情持续关注的戳❤️
朴槿惠支持者
朴槿惠新冠病毒检测呈阴性 新闻 韩国
朴槿惠是否与确诊者接触
朴槿惠服刑监狱疫情
朴槿惠羁押环境
机上人员
机上人员总数
机体寿命超期问题
机值息
机动支援状态
机动盘旋飞行
机动车
机动车乱停乱放行为
机动车乱停乱放违法行为
机动车交通事故
机动车刹车灯不亮
机动车是否应礼让行人
机动车违停
机器
机器人
机器人女友
机器人妻子
机器人妻子Alice
机器人妻子Alice艾丽丝
机器人妻子Alice面世
机器人是真的吗
机器人跳舞
机器人？？
机器智能可能超越人类
机器智能超越人类
机场大飞机被卷起
机场大飞机被卷起、汽车满天飞
机场早日通航
机场核酸检测
机场核酸检测费用
机场核酸检测费用过高
机场核酸检测费用高昂
机场检测费用过于昂贵
机场检测费用过高
机场监控视频
机场试飞工作顺利推进
机型
机床等工业设备
机智
机智如特朗普😏我只是摆了个帅气的pose
机构
机构名称
机组人员
机组人员与玉林市领导
机组人员与玉林市领导合影照片
机组人员人数
机腹下方
机舱内有人崩溃大哭
机视
机车
机车:0 司机:0
机长
机长与司机配合天衣无缝皮卡车是飞机专用应急正能量
机长与司机配合能力
机长神技
机长预判精准
杀人
杀人及焚车事件
杀人命案
杀妻
杀妻案
杀害三人
杀害妻子
杀害妻子行为
杀害子女
杀毒软件清除
杀猪盘骗局
杂乱无章词语拼接
杂乱无逻辑拼接
杂交水稻科研进展
杂牌产品
杂牌食品
杂物
权威
权威 实力 源自人民
权威 真实 便民
权威/客观/公信力
权威、及时、正义
权威、及时、正义有料、有爱、有趣
权威、新鲜、有趣、温暖的媒体账号
权威、新鲜、有趣、温暖的新闻来源
权威信息
权威信源
权威信源佐证
权威信源支持
权威健康信息发布与家庭健康服务
权威化
权威医学支持
权威医学数据支持
权威医学来源支持
权威发布
权威媒体
权威媒体佐证
权威媒体报道
权威媒体报道佐证
权威媒体报道支持
权威媒体来源
权威媒体海南门户；在海南看南海网
权威媒体背景
权威媒体证实
权威实力 源自人民
权威引领主流
权威引领主流沟通凝聚力量传递广西好声音传播社会正能量
权威性
权威性与公信力
权威性和真实性
权威感
权威报道
权威报道支持
权威数据支持
权威数据支撑
权威机构报告
权威来源佐证
权威来源支持
权威渠道信息
权威渠道发布的信息
权威渠道来源
权威真实新闻
权威科学支持
权威解读有力辟谣虚假信息
权威记录支持
权威证实
权威证实该对话
权威证据支持
权威通报
权威领主流沟通凝力量传递广西好声音传播社会正能量
权威领主流沟通凝力量广西日报传递广西好声音传播社会正能量
权限管理建议
李东桦
李佳兴警官
李佳芮
李兆
李冉姚凯红
李劲
李化
李双江与梦鸽之子
李嘉宜
李天一
李天一仍能发展音乐兴趣
李天一在狱中组建乐队
李天一案6年后：网曝他在狱内组乐队受害女生精神病院痛苦治疗
李天一适应监禁生活
李女士
李女士丈夫扔下未熄灭烟头
李女士妻子
李女士的丈夫
李小龙再世
李小龙转世
李建军
李开复什么时候成科学家了
李开复什么时候成科学家了评论
李开复含泪回国
李文亮医生
李文亮医生一路走好
李文亮医生多才多艺
李文亮医生生前拍摄的跳舞视频
李文亮医生生前的抖音跳舞视频
李文亮医生生前跳舞视频
李文亮医生生前跳舞视频曝光
李文亮医生生前跳舞视频曝光相关内容
李易峰
李易峰车祸碎片高价售卖说法
李晓雯
李晨
李某
李某, 为夫妻关系
李某与张某
李某与张某不负责任
李某与张某狠心无情
李某为密接者
李某及其亲属
李某及其亲属6人
李某和张某
李某家
李某某、王某某
李某某、王某某、徐某某等12名学生
李某某、王某某、徐某某等12名涉事学生
李某某、王某某产生矛盾
李某某、王某某在微信群发生口角
李某某、王某某等12名学生
李某某、王某某等人发生口角
李某死亡
李某涛
李某涛抢走
李某涛第一次抢劫
李某涛第二次抢劫
李某涛第二次抢走
李某生产地点
李某的亲属5人
李某的朋友
李某龙
李某龙与陈某斯
李某龙行为的类比评论
李柱善
李洪鹏
李涛新观点
李烨艳
李秋娟
李贵兴
李连杰
李静
李飞鹏
杏产品
杏树
村主任
村书记
村书记回应
村书记说法
村委
村委会
村委会和派出所
村委会和派出所已多次介入调解
村委会工作人员
村子
村子被埋
村子被掩埋
村干部
村干部及亲属
村干部工作群
村庄
村庄严重损毁
村支书
村支书葛先生
村民
村民人数过多无法管控
村民从事采集山菜等生产活动
村民住房
村民偷盗和哄抢
村民反映听到虎啸声
村民发现疑似老虎动物
村民哄抢事件
村民哄抢情况
村民哄抢花生事件
村民哄抢行为
村民因捡蒜被掩埋致8死11伤
村民大规模哄抢
村民存放的包谷酒
村民存放的包谷酒约30公斤
村民家中
村民家中停水
村民尾随哄抢
村民尾随哄抢事件
村民建议
村民张某
村民恐慌
村民拍摄视频
村民救援
村民求取圣水行为
村民盗窃、哄抢
村民简易房屋
村民聚集求取圣水
村民调侃
村民进山
村民进山从事生产经营活动
村民进山采摘山野菜
村民采摘行动
村级组织活动中心
村里
村里多次调解无效
村长
村长回应能力有限管不了
村长表示拿他们没办法
杜撰
杜撰内容
杜绝安全隐患
杜绝弃婴行为
杜绝悲剧重演
杜绝无人机黑飞
杜绝明火隐患
杜绝类似问题再次发生
杜绝高空抛物行为
束手无策
条件反射式占便宜行为
来世不再相遇
来中国吧我们保证不吃你
来中国就是盘中餐了
来了就不要走了❤️ 关注我❤️ 我宠你💋
来了就别走吖…… 直播时间:7:10-9:10 北京旅游咨询 好物分享感恩信任
来凤
来吃大户
来喽
来头不小
来宾市忻城县
来意
来抖音发现更多有趣创作者
来源
来源不明
来源标注
来源混淆问题
来火星转转吧
来电来水期待
来的歌声我会把有谁能给
来看我直播
来看这群媒体人在抖音秒变轰子吧
来自中国实际试射
来自亲家家中
来自其他地区强降雨事件
来自大自然的愤怒？
来自安徽网友
来自岗山县的居民
来自权威渠道证实
来自江西上饶的一家五口
来自河南商丘虞城的烧烤小龙虾从业者
来自湖南长寿之乡麻阳的苗族姑娘
来自用户留言
来自网友
来西瓜看纪录片 驯鹿总能躲避狼群追捕原来是因为眼睛可以看到紫外线动物
来访者为9人
杨丽生
杨先生
杨创
杨小莉
杨文医生事件
杨施琪
杨某
杨某不得再占道经营
杨某与城管队员
杨某停止占道经营
杨某占道果筐
杨某扔果筐
杨某持刀反击行为
杨某持刀反抗行为
杨某持刀挥砍行为
杨某持刀自卫
杨某持刀行为属正当防卫
杨某整改
杨某某
杨某某妻子
杨某某抢劫金店
杨某某无罪
杨某某系为核查财物是否丢失
杨某某腰部
杨某某行为与王某奎死亡具有因果关系
杨某桥
杨某桥右手被划伤
杨某桥左手
杨某桥左手多处切割伤
杨某桥殴打他人行为
杨某桥神经断裂
杨某桥肌腱断裂
杨某桥追打商贩行为
杨某的占道物品
杨某被追打过程中持刀反抗致人受伤行为
杨某被追打过程中持刀致伤行为
杨某阻碍执法行为构成妨碍执行职务
杨某阻碍执行职务
杨某阻碍执行职务行为
杨某阻碍执行职务行为成立
杨浦区检察院
杨统朋
杨统朋妻子
杨统朋无罪
杨统朋有期徒刑6年
杨统朋有期徒刑十年
杨统朋构成非法拘禁罪
杨统朋死刑
杨统朋犯非法拘禁罪被判处有期徒刑10年6个月
杨统朋获刑十年
杨青
杭州
杭州2021年春节期间政策
杭州335路公交车
杭州335路公交车司机
杭州335路公交车司机袁峰突发疾病事件
杭州一化工公司爆炸起火：现场有数声巨响目前明火已全部扑灭
杭州一化工厂起火事件
杭州一华工厂仓库起火 明火已拆灭 无人员伤亡!
杭州一名女子
杭州一女司机开车爬上钢柱全程视频曝光疑因操作不当
杭州东站
杭州东站列车停运
杭州东站列车停运事件
杭州东站听到巨响
杭州临安
杭州临安一老桥被洪水瞬间冲垮雨季一定注意安全
杭州临安区天目溪畔
杭州临安发大水至半人高出动大型挖掘机水上救人
杭州临安玲珑工业区
杭州临安玲珑工业区一座老桥
杭州临安玲珑工业区遭遇洪水
杭州临安突发泥石流
杭州之声杭广早新闻
杭州出逃金钱豹已找到：被搜救犬咬死
杭州吉林路
杭州向外籍人士发放5000元疫情补助
杭州多套豪宅
杭州富阳宣传部
杭州小车高速爬柱事故致9人遇难
杭州市人民政府
杭州市人民正
杭州市新闻门户网站
杭州市消防救援支队
杭州市非机动车行驶证信息
杭州帝凯化工有限公司
杭州帝凯化工有限公司为真实主体
杭州帝凯化工有限公司仓库
杭州帝凯化工有限公司仓库火灾
杭州日报
杭州日报发布权威信息
杭州日报报业集团
杭州日报报业集团主办的杭州市新闻门户网站
杭州民警
杭州消防
杭州火车东站
杭州火车东站列车停运
杭州火车东站列车全部停运 候车大厅空无一人
杭州环卫
杭州现在的情况没有一个人戴口罩
杭州真实补贴政策
杭州突发
杭州站
杭州站出站
杭州站看手机踩空高铁同时进站
杭州站看手机踩空高铁同时进站与视频内容的关联
杭州绕城高速
杭州绕城高速公路
杭州绕城高速公路西线北向南81K+500M附近路段
杭州西湖
杭州西湖断桥挟持人质？警察叔叔一招放倒
杭州西湖断桥边
杭州西湖断桥边劫持扶持人质千钧一发之际警察一摔制服
杭州西湖断桥边的突发事件
杭州西湖断桥边的突发事件事件评论区
杭州西湖断桥边的突发事件相关内容
杭州西湖断桥边的突发事件相关文本
杭州车祸致9死3伤 官方：伤者无生命危险原因正调查
杭州野生动物世界
杭州野生动物园
杭州野生动物园猎豹脱逃事件描述
杭州野生动物园脱逃的猎豹遭遇数十条猎犬围捕寡不敌众豹落平阳被犬欺
杭州野生动物园豹子出逃事件后续描述
杭州野生动物园跑出的三只小豹子中第三只
杭州钱塘新区
杭州钱塘新区一公司临时存放化学品区域
杭州钱塘新区一化工厂
杭州钱塘新区一化工厂仓库
杭州钱塘新区一化工厂起火事件
杭州钱塘新区六工段
杭州钱塘新区六工段化工厂
杭州钱塘新区外六工段
杭州钱塘新区大江东一化工厂
杭州钱塘新区大江东一化工厂发生火灾
杭州钱塘新区应急管理局局长朱宏明
杭州钱塘新区某公司
杭浦高速3公里处外翁线乔司方向匝道出口
杭瑞高速天目湖服务区
松动现象
松江九亭
松滋市指挥部
松滋陈店镇一四川亲家共17人于腊月二十八赴湖北松滋探亲
松解咬肌30秒
松软淤泥
松里标155.766
松鼠科生物
板块交界带
极低
极佳健康状况
极光视频
极大
极大安全隐患
极寒中学生冒雪上学
极寒天气
极寒环境
极少
极度刺激的体验
极度恐惧
极度拥挤
极强视觉冲击力
极端天气
极端天气下普通人之间的情感与互助
极端天气下民生困境
极端天气下的互助行为
极端天气下野生动物与人类活动区域重叠
极端天气与网络流行语
极端天气和水系压力下被动淹没
极端天气场景
极端天气应对
极端天气条件下
极端天气频发问题
极端封锁措施
极端情绪表达
极端暴雨
极端治理建议
极端爱情行为
极端突发状况
极端言论
极端评论
极端说法
极端贫困与社会压力下的悲剧
极端飞行条件
极近距离飞行
极限刺激项目
极限挑战
极限游乐设施
极限游乐项目引发恐惧与新奇感
极限项目
极限项目融合跳楼机与旋转飞椅
极高
极高通关压力
构建非洲人民的安全防护网
构情节
构成妨碍执行职务
构成违法行为
构造或虚构内容
林67例黑龙江35例……
林业部门
林业部门调查
林俊杰
林俊杰使用过的原味床单
林俊杰使用过的带血针头
林俊杰使用过的输液袋
林俊杰使用过的针头
林俊杰使用过的针头被出售说法
林俊杰在镇江举办演唱会期间发生乱象
林俊杰演唱会
林俊杰的吊水针头被出售
林俊杰针头被售卖
林奇先生病逝消息
林文楚
林晓凯
林某某
林某某在路边车内
林某某约会
林某雄
林火灾害
林火烧毁其80%栖息地
林火烧毁考拉80%栖息地
林茶
林草太平镇
林草局工作人员和民警
林青霞
林青霞与秦汉
林青霞与秦汉实际未结婚
林青霞与秦汉宣布大婚
林青霞与秦汉已领证大婚
林青霞与秦汉结婚
林青霞低调领证
林青霞承低领证
林青霞秦汉结婚
林青霞秦汉结婚情节
林青霞秦汉结婚是美好愿望
林青霞秦汉结婚相关报道
林青霞秦汉领证大婚
果然人类才是地球最大的病毒
果然学霸形象
果然情商高
果然这年头去香港的都是有工作需求的
果然这年头去香港的都是有工作需求的言论
果社区党员群众服务中心附近
果筐
果筐砸向城管队员
果筐砸向行为
果蔬肉解毒机
枣庄市市中区西王庄镇洪村村民
枣庄生活圈
枣庄生活圈APP
枣庄生活圈平台发布
枣阳市融媒体中心
枪击
枪声
枪战
枪战事件
枪战现场
枪支
柏菜恩厨电
柏菜恩厨电 火神台出车祸
某三层口罩
某些气功大师
某位车手
某内容
某地近千年无人患癌
某奶茶店
某家具厂
某家具厂着火
某家具厂着火报警
某寺庙内
某小区
某小区附近
某平台
某日晚8点起开展为期数月的网络扫黄
某景区附近道路
某校友
某校友与武警人员的同学关系
某民医院附近
某涉事个体
某用户
某电子厂楼顶
某电子竞技分析专业学生
某电视台
某电视台播出
某肉联厂
某航班回国
某路段沿街商铺
某银行两名工作人员
柔软且有温度
柘幕菜市场
柘皋人
柘皋古镇
柘皋古镇居民紧急撤离事件
柘皋古镇庵了
柘皋古镇淹了
柘皋古镇淹了 现在寸步难行啊😭😭😭
柘皋古镇被洪水围困
柘皋古镇被淹灾情
柘皋无处泄洪
柘皋早茶等着我们
柘皋河
柘皋河水位
柘皋河水位暴涨遭淹
柘皋河水位超过保证水位
柘皋镇
柘皋镇严重内涝
柘皋镇内涝事件
柘皋镇再次被洪水围困事件
柘皋镇受灾情况
柘皋镇居民疑似确认者
柘皋镇本地居民
柘皋镇洪涝事件
柘皋镇洪灾事件
柘皋镇被淹
柜台威胁员工
查
查明事故原因
查明事故真相
查查是不是假和尚
查看内容
查谟—克什米尔中央直辖区
查谟—克什米尔重组法
查谟和克什米尔中央直辖区
查重起名宝
柯游希腊
柯贤林
柳南区革新路某居民房
柳南区革新路某居民房内有一名男子持木锤行凶
柳城县公安局
柳城县冲脉镇人
柳城县大埔镇某小区
柳州
柳州一名男子当街挟持人质与警察对峙
柳州一男子抡锤砸人致1死3伤警方3小时擒凶
柳州东路站
柳州中院相关负责人
柳州到玉林坐飞机要多久
柳州奖励援鄂医疗队员每人一辆汽车
柳州奖励援鄂医疗队员每人奖励一辆汽车
柳州奖励援鄂医疗队每人一辆汽车
柳州奖励援鄂医疗队每人一辆汽车信息
柳州奖励援鄂医疗队每人一辆车
柳州市
柳州市中级人民法院
柳州市公安局柳南分局鹅山派出所
柳州市公安局柳江分局
柳州市公安局柳江分局指挥中心
柳州市南站派出所辖区
柳州市柳南区革新路某居民房附近
柳州市柳江区命案新闻
柳州市柳江区百朋镇命案
柳州市相关医院
柳州市鱼峰区柳石路某小区
柳州无关
柳州某小区持刀伤人事件
柳州火车站砸车窗盗窃的抓到了
柳州火车站附近
柳州男子陈某
柳州白沙客运站附近
柳州白沙客运站附近疑似火车撞死人
柳州碧桂园发生命案
柳州碧桂园小区
柳州警方
柳州警方了解一下？严肃的蜀黍偶尔皮一下~ 本平台不接受报警哦 如需报警情报打110
柳州鱼峰警方
柳江区进德镇泗浪村太平屯人
柳瑞鸿来
柳石路某小区
标价8万元
标准无线充电功能
标准本地人
标有英雄字样车辆
标注关键词
标注英雄字样车辆
标注误差
标注错误
标清到高清的画质提升
标签
标签误导性关联
标签误差
标签误用
标签错误
标签错误或干扰信息
标签错配
标线材质遇水易滑
标识设计
标题
标题2019年6月9日苏门答腊岛的锡纳朋海底火山爆发平静海面瞬间变成世界末日
标题2日张家界赵家岗土家族乡新安村新安小学因突发暴雨引发山洪
标题4月21日晚21时10分左右江苏连云港市赣榆区城头镇一家化工厂发生疑似爆炸事故
标题6月1日凌晨河北沧州一石化企业重油储罐发生火灾现场火光冲天
标题6月31日河北沧州一石化企业重油储罐发生火灾
标题7月2日湖南张家界赵家岗土家族乡新安村小学因突发暴雨引发山洪灾害...
标题: 埃航客机失事 悲痛!航空工业员工金也淘因埃航客机失事不幸遇难
标题Omg 经历的最大的暴雨⛈️ 乘风破浪真实版 高考学子加油
标题[大哭][大哭][大哭]…看到这样的情景我们唯有坚持一起努力
标题、正文、关键词、发布时间、作者信息
标题一家9口到湖北探亲被滞留被滞留
标题一家9口来鄂探亲滞留吃光亲家三头猪、8只鸡、3只鸭几百斤大米……只剩下下蛋的母鸡没杀
标题一家9口来鄂探亲被滞留吃光亲家3头猪、几百斤米
标题一辆无牌红色兰博基尼超跑为逃避检查在高速公路上加速逃逸
标题上海一老人因没有口罩出入证翻进小区
标题上海因垃圾分类发生命案
标题上海暴雨公交车也可以带你乘风破浪勇往直前
标题与关键词
标题与内容不符问题
标题与描述中部分内容
标题中
标题中人数
标题中的地点信息
标题中的描述
标题中的提示语
标题中的评论性内容
标题为浙江海宁一园区污水罐体坍塌致9人死亡的文本
标题为真不想吵醒他火已灭好好休息的文本
标题为空
标题之前我们报道了凤阳发生的一起因邻里矛盾而伤人毁车铲坏房屋的事那现在有何进展
标题乐山大佛整容了明明是个老爷爷非要打扮成小鲜肉
标题争执致城管队员左手多处切割伤商贩予以警告处罚城管队员予以行政拘留
标题今天上午杭州西湖断桥边的突发事件正在等待增援
标题从安徽买了一幢楼房现已飘到南京现价2万一平今晚你们不买过了南京就直奔上海卖5万了
标题伊朗顶级核科学家遭暗杀我要上热门
标题你会被这样的爱情感动到吗？意大利情侣双双离世
标题你好责任有责任感的外卖小哥加油生活一定会善待善良努力的人点赞
标题使用6月31日
标题使用多个流汗表情
标题俄罗斯一卡车刹车失灵五辆小车如纸片一般被撞碎
标题信息
标题党行为
标题党行为质疑
标题党问题
标题关键词
标题内容
标题内容缺失
标题刘海燕20岁湖南常德人以698分考入美国哈佛大学并在美国全国学术论坛中荣获第一名后回国
标题医生 隔离 鼻酸加油宝贝❤️加油 白衣天使加油
标题十公里长下坡货车刹车失灵连撞5车一小车被夹两货车间滑行
标题卫健委发出的通知：这次的EB流感很严重
标题及主题存在明显偏差
标题及传播内容
标题及传播过程
标题及内容
标题古田四路长祥路一酒店发生火灾
标题台州台风车子都能吹翻大家注意安全
标题吉林扶余发生重大交通事故
标题听说玉龙雪山今天有情侣相约殉情男的跳下去了女的转身走了……
标题呼吁国家对养狗行为立法
标题四川宜宾6.0级地震：市民小跑下楼避险衣服都来不及穿
标题回国治新冠肺炎不免费想投诉
标题因掏鸟窝男子爬高压线被电伤困在高空痛哭大喊：快报警救我
标题地点
标题地点大连与关键词地点南通
标题声称
标题外卖小哥雨天坐地痛哭原因让人心酸
标题大家进来看看 池州市平天湖 每年招标起鱼 每年进行电捕捞 晚上就是坚守自盗 多少的传统
标题大平姐看到非洲华人被害心里有点慌有点害怕纠结要不要过去了
标题大连方舱医院2个小时建成这就是大连速度
标题天天做防溺水安全教育……
标题夸张问题
标题奇葩湖南气功大师手舞足蹈发功退洪水网友：脑子进水了？
标题女子S形走位别停货车几秒后竟被撞
标题女子垃圾桶边捡到弃婴 发现时脐带还未剪
标题女子骑电动车蛇形走位货车鸣笛提示电动车不肯离开随后被迎头撞飞
标题孩子们不怕张家界一学校遭山洪冲击几十名小学生被吓得哇哇大哭
标题安全生产不容丝毫懈怠安全
标题客观性
标题属性
标题希望伤者没有大碍平安
标题希望意大利能尽早走出困境🙏🙏
标题平天湖风景区：严厉打击非法捕鱼保护生态 @抖音小助手
标题广东连日暴雨导致积水严重连平县村民在家中淡定吃饭吃出了泡脚的悠闲感
标题广州一商厦熊熊大火整栋楼全部烧毁
标题心疼澳洲大火导致2万余只考拉死亡考拉正面临功能性灭绝
标题情感支持
标题意大利确诊病例超6万部分医院限制60岁以上老人使用呼吸机
标题意大利限制60岁以上老人使用呼吸机数量医生面临谁能得到救助的残酷取舍
标题懒惰父子吃喝拉撒不离床...
标题或关键词形成有效关联
标题扬州男子遭强拆撞死2人获刑拆迁队被诉寻衅滋事将开庭律师：涉案上百起诉十来人
标题抖音陪你环游世界
标题描述
标题描述事件
标题描述内容
标题无情无语无奈……同样的问题扣了6分了以后晚上开车都不出去吃饭了太贵了
标题无癌之国85万人无一人患癌值得学习健康才是幸福
标题最毒不合适吧梅溪？？
标题有学生戴口罩参加香港理工大学博士毕业典礼校长拒绝握手并要其下台
标题有误
标题有骨气香港理工大学校长拒绝与戴口罩毕业生握手获网友怒赞
标题机智如特朗普😏我只是摆了个帅气的pose
标题来源
标题杭州一华工厂仓库起火…
标题杭州小车高速爬柱事故致9人遇难
标题杭州野生动物园脱逃的猎豹遭遇数十条猎犬围捕寡不敌众豹落平阳被犬欺
标题欺人太甚男子连续两天抢劫同一家珠宝店被抓 现场视频曝光
标题武汉公交司机这水平也是没谁了……
标题每位老师都让学生躲在桌下自己去打开教室的门
标题民警的24小时 在小区电梯里抢人@视频小助手
标题河南一孤寡老人去世后留下80000元存款……银行称：这笔钱应该归国家所有
标题浙江海宁一园区污水罐体坍塌致9人死亡
标题海口一女子因感情跳楼 消防紧急救援
标题深圳东门步行街一家银行门口一箱人民币尚未抬上押运车即被台风山竹刮散
标题温州～永嘉瓯北麻山水库清静、空气新鲜休闲好地方
标题港理大校长拒与戴口罩毕业生握手网友：这是没脸毕业？自取其辱
标题湖北十堰爆炸事故已致11人死亡 37人重伤
标题湖南15岁少年殴打奶奶并持匕首挑衅警察
标题湖南15岁少年殴打奶奶持匕首挑衅警察
标题湖南地产公司项目负责人被妻子举报与女同事出轨 碧桂园：停职
标题火星 祝融号传回首批火星的照片
标题火神山医疗队迅速进驻高风险区——白鹤洞街
标题火神山医疗队迅速进驻高风险区白鹤洞我们广州有最顶尖的呼吸专家
标题特朗普上台演讲时差点摔倒顺势摆了个pose
标题特朗普在竞选集会上台演讲时差点摔倒顺势摆姿势缓解尴尬
标题状态
标题猖狂奔驰车主狂扇保时捷男耳光
标题珍惜生命走路不玩手机杭州站光顾看手机一脚踩空高铁同时进站……一时救都没法救了生不如死啊
标题男子因彩礼街头暴打女友
标题男子家中失火跳窗逃生楼下邻居们的举动太暖了谢谢善良的你们……❤️
标题男子爬高压线掏鸟窝被困高空痛哭大喊：快报警救我
标题男子铁轨上拍警示视频……
标题疫情下的威尼斯：游客锐减运河清澈见底大量鱼群涌入
标题皂埠惊现注胶皮皮虾
标题看到这画面真的让人难受……
标题看着都疼河北自行车手比赛分神撞碎安全车玻璃
标题真够拼的老太自残式碰瓷……
标题石油作为工业的血液请问你们有多少廉价油要卖我们照单全收
标题福建 莆田 摩托车高速撞桥墩驾驶员被甩飞路人行为暖哭了@抖音小助手
标题福建泉州一酒店倒塌多人被压目前正在救援中
标题称
标题称25日8时50分位于哈尔滨市香坊区联乡路上一家工业气体充装站发生爆炸事故造成2人死亡、1人受伤
标题称6月9日武汉市和平大道三角路附近发生塔吊倒塌
标题称五楼发生火灾女子跳窗逃生被困空调外机消防员合力将其救回室内
标题称深圳东门步行街一家银行门口有一箱人民币尚未抬上押运车
标题突发31日18时19分无锡梁溪区一空地废弃油桶发生爆炸现已将火扑灭
标题突发杭州钱塘新区大江东一化工厂发生火灾
标题突发苏州疑似发生天然气爆炸路面被炸开碎石翻滚飞起十几米
标题缺失
标题美军仁慈号医院船前往洛杉矶增援但船内病房既不负压也不隔离
标题美国N95口罩暴涨5倍民众排队抢购
标题美国洛杉矶市中心突发爆炸多处建筑物起火
标题美籍华人回国治疗把医院投诉了@抖音小助手
标题英国伦敦爆发大规模抗议活动
标题茂名一超市施工现场发生坍塌事故满地碎石残渣1名工作人员被砸伤
标题蒙古国捐赠的3万只羊来了首批4000只羊今日交付
标题表述不当
标题西昌山火致19名扑火人员牺牲逆火英雄生前最后影像
标题误导
标题请大家千万千万要注意❗ 雨天过横道线万万不可踏上斑马线的白漆面非常之滑❗
标题这几天大暴雨大家一定注意安全
标题连云港赣榆区一化工厂发生爆炸事故
标题通过解析猪肉内激素及各种添加剂都被解析出来了
标题邵东：男子持刀伤人后跳楼身亡
标题长春深夜北部快速路多车连撞一人被卡驾驶室内不能动弹
标题长沙橘子洲的橘子竟然今天随便摘？
标题附带话题标签
标题领导体验完沙滑后把项目停了负责人开了
标题香港暴徒潜逃台湾后涉性侵女暴徒被捕香港
标题马来西亚巫师施法抓新冠病毒
标题马来西亚王牌巫师在医院表演手抓新冠病毒治病被感染目前在隔离治疗中
标题麻章太平镇：夜宵档屡遭打砸 群众盼加大力度打击黑恶势力（之二）
栏目
栏目官方热线
栏目热线
栏目热线及投稿邮箱
树人
树正气、抵歪风本人所有作品均可转载转发传递正能量从你我开始
栖息
栖息地破坏问题
栖息地遭破坏
校前二路
校区保安
校友关注
校园安全管理
校园广场
校园应急措施
校园暴力事件
校园最佳感动模拟情侣
校园氛围很好
校园防灾演练成果
校园食品安全监管缺失
校外宿舍
校审
校方
校舍安全
校舍被冲毁
校长
校长与学生同餐
校长拒握戴口罩毕业生的手
校长拒绝与戴口罩毕业生握手
校长拒绝握手
校长检查教学楼的过程
校长检查教室时
校长滕锦光
校长滕锦光拒绝与戴口罩毕业生握手
校长滕锦光拒绝与戴口罩毕业生握手事件
校长滕锦光拒绝与戴着口罩上台毕业生握手
校长滕锦光拒绝握手行为
校长滕锦光的行为
校长的喘息声
校长行为
校长行为是否合理
株洲交警交通违法网络举报平台
株洲市
株洲新闻网
株洲日报
株洲日报官方账号
样本
核实中
核实结果
核弹头能满足你
核心争议点
核心事实
核心事实以警方通报为准
核心价值观
核心内容
核潜艇平台
核生化防护能力
核电站异常险情
核酸检测
核酸检测价格昂贵
核酸检测结果
核酸检测阴性证明
根据中国刑法修正案十一
根据防洪需要组织部分区域居民临时撤离
根本没有这功能
根系延安 面向全国 对话世界
格力无关
格式混乱
格式重复
格斗
格斗世界官方
格林酒店停车场
格雷车间
桂A号小型轿车
桂BZ6502
桂B·99999
桂B·99999被拍卖400多万
桂D·H9998
桂R牌号货车
桂东南地区
桂圆莲子八宝粥里面装的海绵
桂平人民
桂平市汽车总站附近
桂平市汽车站附近
桂林
桂林最新本地视频爆料请关注「公众号」：桂林生活网
桂林最新本地视频爆料请关注「公众号」：桂林生活网后台回复：爆料
桂林生活网
桃子全是防腐剂
桃子含大量防腐剂
桃子喷防腐剂
桃子喷防腐剂橘子泡药水这个里面全是药
桃子相关内容
桃渚小杜线包山水库段
案件
案件中唯一幸存的亲属
案件侦办过程
案件侦破工作
案件侦破耗时
案件动机推测
案件发生地点
案件发生时间
案件告破
案件地点
案件处理结果
案件处置过程
案件当前状态
案件情节严重
案件报案时间
案件指控信息
案件曝光方式
案件正在调查中
案件状态
案件相关信息
案件相关财产损失
案件真实地点为茂名
案件真实性
案件碎片信息
案件细节描述
案件经过
案件结果
案件详情
案件进展
案件追踪报道
案发后
案发后18小时内
案发后6小时
案发地
案发地为碧桂园小区
案发地点
案发当晚31名房客
案发情况
案发现场
案发现场附近
桌下避险
桌椅飞散
桐庐
桐庐一大桥
桐庐一大桥被洪水淹没
桐庐人民注意了洪水到达桐庐11点左右时间大家不要低洼地方去好好在家呆着
桐庐大桥因洪水被淹
桐庐未来几天将持续强降水
桐庐江北二桥头
桓仁融媒体中心官方快手账号
桥上护栏被撞毁
桥下客车前部严重受损
桥下设有水位显示屏
桥体坍塌
桥体坍塌事件
桥墩
桥墩坍塌
桥墩坍塌事件
桥墩太短
桥墩有水位线标尺
桥护栏
桥架螺丝
桥栏
桥梁下方
桥梁中间完全断裂
桥梁坍塌
桥梁垮塌事件中
桥梁安全
桥梁安全度过洪峰
桥梁自重
桥梁被冲毁
桥梁设计最大荷载
桥梁防护信息
桥梁防护行动
桥面
桶装水里含有避孕药
梁子权
梁晓静
梁柱中藏有
梁柱中藏有黄金白银
梅完梅了上海三黄预警高挂车辆暴雨中乘风破浪
梅溪视频
梅雨季持续强降雨
梅雨季节
梅雨季节极端天气对个体经营者的严重冲击
梦幻场景
梦想成就未来加油
梧州市
梧州市文化广电体育和旅游局
梧州广播电视台
梧州藤县
梧州藤县某珠宝店
梧州藤县珠宝店抢夺案
梨泰院夜店集体感染
梨泰院夜店集体感染致153人确诊
梨视频
梨视频等媒体
梳理天下新闻
检察官提前介入
检察机关
检察机关与公安机关
检察机关行动
检方决定
检查一下好的
检查信息是否提前泄露
检查基层防疫行为
检测
检测上课专注度
检测后行走姿态
检测无特殊优待或歧视
检测结果
检疫和加工
检疫和加工后的羊肉
检验
检验检疫
棉花
棉花高产就是十万朵棉花
棉被从17楼坠落
棉被高空坠落
棍棒
棍棒和拳脚施暴
棍棒和石头
棒棒棒
森林
森林公路蔓延
森林恢复困难
森林恢复困难、气候变化及疾病威胁叠加
森林消防局
森林火灾
森林警察
森林警察介入搜寻
棺木
棺木过重
棺材
棺材倾倒事故
棺材有五六百斤重
棺材滑落
棺材滑落事件
棺材滚落事故
植树固土
植被稀少
楚天都市报极目新闻
楚天都市报极目新闻平台
楚天都市报极目新闻账号
楼上丢下烟头
楼上人员
楼上住户
楼上住户抛掷烟头引燃楼下物品
楼上居民
楼上往下扔烟头楼下小院失了火
楼上扔下烟头
楼上扔烟头引发大火楼下邻居怒称：空调管子都烧炸了
楼上扔烟头引发火灾
楼下住户
楼下多次起火
楼下居民
楼下晾晒的被子
楼下邻居
楼下邻居举动
楼下邻居们
楼体坍塌事故
楼层与房间内部破碎不堪
楼房
楼房业主
楼房从安徽出发正漂向南京
楼房从安徽漂移至南京
楼房从安徽漂至南京
楼房即将转往上海高价出售
楼房在上海售价
楼房在南京售价
楼房将前往上海
楼房将直奔上海以5万元/平出售
楼房漂流
楼房漂移情节
楼房漂移现象
楼房物理移动跨城交易
楼房直奔上海涨价销售
楼房跨城交易
楼阳生
榆林传媒中心
榆林子洲山体滑坡
榆林子洲山体滑坡无人员伤亡
榆林定边
榆林定边县门铁线53公里处
榆林定边自铁线53公里处山体滑坡
榆林定边门铁线53公里处
榆林广播电视台
榆林日报社
榆树镇
槽式发酵设备
槽罐车与集装箱卡车
槽罐车残骸
槽罐车爆炸现场
槽罐车瞬间解体
槽罐车罐体
槽罐车被炸飞
槽罐飞散
槽钢
模仿军事动员口吻
模型显示非洲或超1亿人感染 很可能成为下一个疫情重灾区
模型显示非洲或超1亿人感染 很然成为下一个疫情重灾区
模拟演习显示
模控生命
模控生命制造
模板垮塌
模板文件很多学校都有流传
模特选拔大赛
模糊
模糊处理
模糊的可以
横公刑复字[2020]005号
横冲直撞
横县公安局
横县校椅镇青桐村委竹花村一家两公婆吵架吊死三口人
横县融媒体中心
横县警方
横县警方调查结论
横州市融媒体中心
横幅内容
横梁、楼板和墙体
横梁、楼板和墙体坍塌
樱桃品种
橘子免费
橘子变红
橘子可随意采摘
橘子售价10元一个
橘子泡药水
橘子洲
橘子洲免费摘 形成对比
橘子洲头摘桔子啦十块一个但是今天不要旷哥今天大丰收咯
橘子洲头桔园开放
橘子洲头桔园开放昨天还十元一个的橘子今天游客可以免费摘
橘子洲头的橘子今天随便摘不要钱了十块一个那是历史
橘子洲景区
橘子洲景区允许采摘
橘子洲景区免费开放摘橘
橘子洲景区实际管理规定不符
橘子洲景区橘子免费随意采摘
橘子洲景区橘子可随意采摘且无需付费
橘子洲景区现场标识内容
橘子洲景区的橘子可随意摘
橘子洲的原因与橘子相关
橘子洲的橘子官方宣布不要钱随便摘🍊
橘子经药物处理
橘子聚焦
橙意视频
橙色表示集中
機場大飛機
橡皮啷
橡皮艇
橱窗
欠薪问题
次日
次日2:00
次日太阳出来后开窗
次日太阳出来后开窗通风
次要责任
欢喜跳跃
欢欢vlog
欢欢是只猫
欢迎你们回家祖国强大需要人才
欢迎光临 二 C
欢迎关注
欢迎关注温州公安官方抖音号
欢迎关注陕西广播电视台896汽车调频官方抖音号爱车爱生活爱上896
欢迎各方朋友
欢迎后台私信小编提供视频或图文爆料线索一经采用报酬丰厚哟~
欢迎回家看看祖国的大好河山
欢迎大家评论区聊一聊
欢迎您留下~
欢迎投稿信息
欢迎提供报道线索
欢迎老铁随时爆料新闻线索和新鲜事合作邮箱：522054111@qq.com
欢迎英雄回家
欢迎表情符号刷屏
欢迎观看大型脱口秀
欢迎评论区聊聊
欢迎评论区聊聊亮出你的观点
欣慰
欣慰与祝福
欧乐各国抗疫经验
欧亚卖场附近
欧亚大陆多地
欧亚板块内部
欧亚海立方海洋公园
欧亚海立方海洋公园用狗表演
欧亚海立方海洋公园相关讨论
欧凯明
欧凯明与李嘉宜
欧洲
欧洲呼吸学会
欧洲呼吸学会主席
欧洲多国
欧洲多地反种族主义示威行动
欧洲疫情爆发
欧洲资深老炮儿
欧皇鼠
欧皇鼠的组织机制与进化成因
欧黄鼠
欧黄鼠大量尸体
欲跳桥女子
欲跳桥女子轻生原因
欲跳楼轻生
欺人太甚男子连续两天抢劫同一家珠宝店被抓 现场视频曝光
欺山莫欺水水火无情啊
欺诈行为
欺骗观众感情
款产好 收入高
款产好 收入高口号
款项应归国家所有
歉意
歌曲情感共鸣描述
歌词和民间传说进行戏谑
正三轮轻便摩托车
正义传媒
正义谴责类评论
正义迟早会来
正义酷
正义酷发布内容
正住院治疗
正午30分
正午30分名称由来
正午30分栏目
正向评述
正在下雨
正在休息
正在准备考研
正在处理中
正在康复
正在捡拾蒜瓣的十余人
正在捡拾蒜瓣的村民
正在捡拾蒜瓣的群众
正在掉头的出租车
正在沟底捡拾蒜瓣的群众
正在直播这个事情大家怎么看
正在紧急进行中
正在行驶的卧铺客车顶部
正在调查中
正在调查统计中
正在进一步侦办中
正在进一步侦查中
正在进一步办理中
正在进一步处理中
正在进一步调查中
正在进行驱魔仪式的特朗普一脸虔诚
正在追缴中
正常
正常上班
正常场景
正常家庭消耗不了这么多猪肉
正常对话
正常握手
正常放学
正常文物保护修复
正常文物保护修复工作
正常樱桃
正常物理分离过程
正常物理反应
正常环卫作业
正常现象
正常生理结构
正常糊化现象
正常聊天
正式布局6G卫星网络
正式开工
正式推出
正式推出记录
正式通报回应社会关切
正式速报为准
正当维权行为
正当防卫
正当防卫干得漂亮
正当防卫边界
正当防卫边界的讨论
正当防卫边界问题
正文
正文与标题信息不一致
正文中的个别表述
正文中的广告式语句
正文中的招商信息
正文中的描述语
正文中的混乱信息
正文中的警示语
正文中的重复口号
正文主题
正文信息
正文关键词
正文关键词中
正文具体描述
正文内容
正文内容中
正文内容中作为状态标识
正文内容中香
正文内容包含场2、3层 28 PON 828 LOA .
正文内容未提及
正文内容混乱
正文内容称两名戴口罩女性毕业生遭拒握手
正文发布时间
正文发布者
正文发布者简介
正文发布账号
正文多次
正文实际内容
正文宣称内容
正文引导观众听取专家意见
正文感慨
正文所述为被电伤而非死亡
正文所述事故影响
正文所述伤亡情况
正文所述地点
正文所述地点不一致
正文所述情节
正文所述结果
正文所述葫芦岛事件
正文报道
正文拼接词句中
正文描述
正文描述中
正文描述事件
正文描述内容
正文描述地点
正文描述巫师治病后续 马来西亚王牌Bom巫师抓冠状病毒中招
正文描述性用语
正文描述时间约为25日8时50分地点为哈尔滨市香坊区联乡路事件为工业气体充装站爆炸伤亡情况为2死1伤
正文描述火灾
正文提及内容
正文提示信息
正文文本中
正文无关信息
正文无关内容
正文时间点记录
正文明确提及的事实
正文未体现
正文未提及
正文未提及冲卡或撞击人群
正文杂乱
正文杂乱信息
正文来源
正文来自封面新闻账号
正文标注语
正文核心主张的概括
正文称抓获五名涉案人员
正文穿插内容中
正文语义不清
正文调侃语句
正文配文
正文附注信息
正文附言
正新鸡排
正服福
正服福发现与谭添华协查通报
正服福被拐儿童
正服福被拐儿童在广东汕头被发现
正物返还位式
正确事实澄清
正确做法
正确引导儿童帮助他人
正确恋爱观
正确采摘建议
正等待绿灯通行
正经蓝V
正能量
正能量 直播新时代
正能量 随警实录
正能量、暖心事…… 投稿：65954980@qq.com
正能量、暖心事……投稿：65954980@qq.com
正能量、突发事、暖新闻、趣味事欢迎投稿：tzfm1027@163.com
正能量与善行
正能量事件
正能量传播者
正能量传递投稿未❤️vip313888888感谢抖音平台品味人间百态人情冷暖
正能量反馈
正能量宣传
正能量宣传者
正能量投稿
正能量标签
正能量的传递
正能量短视频
正能量转发
正规健康科普内容
正规媒体发布
正规媒体报道
正规烹饪后的小龙虾
正规烹饪的小龙虾
正规考古发现
正规肉联厂
正规肉联厂洗白病死猪
正车乘务员和列车长都是英雄
正面
正面不行反面也不行……到底怎么办？
正面价值认同
正面传递信息
正面公众反馈
正面反馈
正面情感回应
正面情感表达
正面情绪
正面情绪或回应
正面管教家长讲师
正面评价
正面评论内容
正骨瘦脸
此举
此举对社会价值观的负面影响
此举展现负责任大国胸怀
此举能否真正戒赌
此事
此事与本地无关
此事将给孩子造成心理阴影
此内容
此前劳资矛盾事件
此前有人
此前村民拍摄视频
此前流传的不实视频
此前确认遇难人数
此前预警发布时间
此后新签发签证不受影响
此地人此地事
此处停车位
此处停车位已被取消但停车线未清除
此女名叫刘海燕今年20岁湖南常德人以698分考入美国哈佛大学并在美国全国学术论坛中以第一名夺冠回国
此情此景才真正听懂这首歌我和我的祖国 @抖音小助手
此条内容
此条报道
此案
此次EB流感严重
此次事件
此次事件涉及人员上百
此次事故
此次公租房分配
此次抗议
此次拍摄
此次洪灾事件
此次火灾
此次火灾事件
此次火灾事故伤亡惨重、教训深刻
此次火灾新闻
此次灾害
此次爆炸
此次疑似老虎出没事件
此次空难与印尼狮航空难存在明显相似之处
此次经历是一堂深刻的法治课
此次金矿发现
此次飞防
此生无悔入华夏
此类严重洪灾影像
此类事件
此类事件打击社会善良风气
此类仇恨袭击
此类仇恨袭击已非首次发生
此类健身方式
此类医护人员是否应被吊销执照
此类医生和诊疗方式
此类天气在当地十分常见
此类意外损失
此类手机一旦量产
此类正能量新闻应广泛传播
此类父母
此类行为可能妨碍公共秩序
此类说法
步伐整齐
步行前往兵马俑馆方向
步行回家
步行进入
武
武侯区委宣传部
武力镇压事件
武器发展旨在维护和平
武夷滨江小区售楼大厅
武昌和平大道三角路附近工地
武昌和平大道立交桥下
武昌和平大道绿地门口
武昌和平大道绿地门口塔吊坍塌事故
武昌车辆厂大门受损
武术产业推广人
武术带给你健康、安全、快乐、希望
武校8年
武汉
武汉一个被感染隔离的宝宝
武汉一名因感染被隔离的婴儿在看到医生时伸手求抱抱
武汉一名因感染被隔离的幼儿
武汉一名因感染被隔离的幼儿向医生求抱抱的情景
武汉一名婴儿
武汉一名婴儿因感染新冠病毒被隔离
武汉一名被感染的婴儿在隔离中伸手向医生求抱抱
武汉一名被感染隔离的娃娃伸手向医生要抱抱
武汉一女子从十楼爬窗户下去买肉
武汉一女子向楼道门把手吐口水
武汉一女子向门把手吐口水小区内多人诊断新冠肺炎
武汉一女子疑向门把手吐口水
武汉一宝宝
武汉一宝宝因感染被隔离
武汉一床难求
武汉一男子
武汉一男子突发高血压晕倒在地一旁的民警和路人连忙出手
武汉一线
武汉事件与金城江火车站
武汉人民
武汉便利店纠纷
武汉公交司机这水平也是没谁了……
武汉公交车
武汉公交车斜插立交桥下
武汉加油
武汉加油中国加油
武汉加油中国加油评论
武汉加油啊
武汉古田四路佳兴园一居民
武汉古田四路佳兴园一居民使用酒精消毒引发火灾爆炸
武汉古田四路佳兴园附近
武汉可能存在群体免疫
武汉可能存在群体免疫现象
武汉和平大桥
武汉和平大桥发生吊塔倒塌事故有市民受伤
武汉和平大道
武汉和平大道一在建工地
武汉和平大道一塔吊倒塌现场交通堵塞有人受伤愿平安
武汉和平大道一工地
武汉和平大道三角路附近工地
武汉和平大道华夏幸福武汉长江中心项目工地
武汉和平大道工地塔吊倒塌事件
武汉和平大道工地塔吊倒塌瞬间曝光
武汉和平大道秦园路去往武车路方向
武汉品演
武汉因感染被隔离的九个月大婴儿
武汉因感染被隔离的宝宝看到医生后求抱抱
武汉因感染被隔离的宝宝看到医生后求抱抱的评论
武汉地铁车厢内
武汉大智路数码港附近
武汉大智路数码港附近地铁车厢
武汉大智路数码港附近有无症状病人倒地昏迷
武汉官方
武汉家属持刀挟持医生被武警击毙
武汉将成为唯一具有最高免疫力的城市
武汉已群体免疫
武汉市
武汉市和平大道三角路附近
武汉市和平大道三角路附近发生塔吊倒塌事故
武汉市和平大道某建筑工地
武汉市城乡建设局
武汉市委机关报
武汉市委机关报关注我影响有影响的人爆料&投稿：963881362@qq.com
武汉市武昌区
武汉市武昌区和平大道一建筑工地塔吊发生倒塌
武汉市武昌区和平大道三角路附近
武汉市武昌区和平大道与秦园路路口
武汉市武昌区和平大道与秦园路路口临近绿地606工地
武汉市武昌区和平大道与秦园路路口通往绿地606工地区域
武汉市武昌区和平大道与秦园路路口附近
武汉市武昌区和平大道与秦园路路口附近一工地
武汉市武昌区和平大道与秦园路路口附近一工地发生塔吊倒塌事故
武汉幼儿向医生求抱抱
武汉广播电视台
武汉必胜
武汉患者收治难题
武汉探店
武汉本地事件
武汉某小区一女子为买肉徒手从十米高外墙爬下
武汉武昌区和平大道华夏幸福长江中心项目工地
武汉武昌和平大道一工地
武汉武昌和平大道与秦园路路口一工地
武汉武昌和平大道华夏幸福长江中心项目工地
武汉武昌和平大道和平大桥附近
武汉武昌和平大道工地
武汉武昌和平大道工地塔吊倒塌新闻
武汉武昌和平大道立交桥
武汉武昌和平大道立交桥塌了
武汉武昌和平大道立交桥附近
武汉江面持续上涨 货轮缓行过大桥
武汉洪山体育馆方舱医院
武汉洪山体育馆方舱医院运行现状
武汉理工大学建筑系
武汉理工大学建筑系、伦敦大学可持续遗产保护专业背景ACG艺术留学作品集导师自称莘姐
武汉盘龙城某小区
武汉相关部门
武汉真实医疗场景
武汉艾格眼科医院医生朱炎华团队
武汉艾格眼科医院汉阳院
武汉艾格眼科医院汉阳院院长
武汉被感染隔离宝宝向医生求抱抱
武汉铁路公安处
武汉长江
武汉长江大桥
武汉长江大桥下江面
武汉长江大桥下通过
武汉长江大桥放焰火事件
武汉长江大桥放焰火在疫情期间前所未有由浏阳花炮赞助百魔怕烟火这是新中国成立以来第一次用传统习俗驱除病魔
武汉长江大桥放焰火驱瘟疫建国以来前所未有
武汉长江大桥桥下
武汉长江大桥桥体
武汉长江大桥焰火活动
武汉长江大桥燃放烟花事件
武汉长江大桥燃放烟花驱疫
武汉长江大桥燃放烟花驱疫事件
武汉长江大桥燃放烟花驱除瘟疫
武汉长江大桥绽放烟花 消灭病毒阻击疫情 武汉加油 @抖音小助手 107头条
武汉长江段
武汉长江水
武汉长江水涨船高 一货轮几乎贴桥而过
武汉长江水涨船高一艘满载汽车货轮几乎贴着穿过长江大桥惊险
武汉长江水涨船高一货轮几乎贴着穿过长江大桥
武汉长江水涨船高货轮贴边穿过长江大桥
武汉香港路立交桥
武河面特台
武缘且修且行武术产业推广人带您正确、客观、透彻地走进武术世界感恩分享随缘不变不变随缘
武装恐怖分子
武装袭击
武装袭击事件
武警人员
武警制服歹徒事件
武警和消防力量
武警机智斗勇降歹徒赞
武警江西总队鹰潭支队官兵
武警特战部队
武警破门而入
武警部队
武都路西口兰房大厦垃圾收集点
武都路西口兰房大厦垃圾收集点作业
武雨蒙
歧义
歪才
歪曲事实的假新闻
歹徒
死也要拍完
死亡
死亡22人
死亡22人信息
死亡22人说法
死亡2978人
死亡三号线
死亡事件
死亡人数
死亡人数信息来源
死亡人数偏低
死亡人数激增
死亡四号线
死亡四号线与死亡三号线
死亡情况
死亡病例增加
死亡结果
死亡赔偿金索赔
死亡飞车无证件兰博基尼高速狂飙170、180交警追逐40分钟逼停
死刑复核程序
死因正在调查中
死心裂肺
死猪
死神光顾过仍不知悔改
死神光顾过仍不知悔改评论
死者
死者1
死者2
死者3
死者4
死者亲属
死者儿子
死者妻子
死者家属
死者家属四万余元
死者心理承受能力弱是悲剧主因
死者是其父亲
死者身份
死者遗体
歼-20
歼-20在珠海航展打开弹舱飞行展示
歼-20在航展展示挂弹能力
歼-20弹舱内有5号电池
歼-20战斗机
歼-20战机亮相珠海航展
歼-20打开弹舱
歼-20航展飞行展示正文
殉职
殉职误写
残忍
残忍事件
残忍标签
残疾人办卡流程问题
殖情
殡仪馆
殡葬系统
殴打
殴打事件
殴打他人
殴打他人或故意伤害身体的法律后果
殴打儿女
殴打另一车主
殴打商家
殴打妻子
殴打子女
殴打父母
殴打行为
殴打非洲裔男子
段工牛逼
段志安
段昊廷
毁一赔十
毁了别人一生也毁了自己一辈子
毁于一旦
毁坏许多家庭
毁坏面积初步估算达80公顷
毁容
毁打呛水
毁灭证据
毁灭证据属违法行为
毁灭证据的违法行为
母亲
母亲头部和上肢严重烧伤
母亲男友在派出所
母亲粗心大意
母婴行业十年赚了经历做的是分享
母子
母雁
母雁拉基那亚特拉姆领航迁徙
每10分钟喝30-50cc温水
每10分钟喝50-80cc温水
每一个小知识让你重新认识世界～只有想不到没有做不到
每一个数字后面都是一个活生生的人、一个温暖的家庭
每一份温暖都需要被传递；每一份感动都应该被铭记；每一份美好都值得被看见
每一位病人
每一位英雄都值得被仰望只要记住他们的名字他们就活着…
每一天 美一点
每一天消费不低于5000
每一天都变成了地狱
每一条留言都在拼命回复中
每一段记忆
每个20至25美元
每个人的生活都很不容易
每个人都善待他人
每个人都善待自己
每个人都有自己的梦想
每个数字后面都是一个活生生的人
每个老师
每个老师都让孩子趴下自己去打开教室门；返回检查的老师的喘气声更让人记忆深刻……这样的老师让人怎能不尊敬
每人奖励一辆汽车
每位老师都让学生躲在桌下自己去打开教室的门
每单扣3元
每单收入
每名遇难者
每周一至周五上午9:30直播
每周一至周五晚八点
每周二、周三21:10
每周二和周四下午4:30
每周六或周日进行直播互动
每周六晚9点
每天11:50
每天18:00-19:00推送全球最劲爆新鲜资讯
每天不一样的视角合作V❤: mengxiaojing110投稿邮箱:jingyanktx@126.com
每天分享5-10条有趣内容
每天分享快乐😄和您在抖音偶遇😊感恩关注承蒙厚爱感谢优秀的您点评作品给你带来开心祝您们快乐每一天
每天分享精彩内容
每天平均17人死亡事件
每天晚上直播8.30到11.30白天下午随缘哦欢迎你们的到来呢感谢你们的厚爱
每天暖你一千遍
每天暖你一千遍：正能量、暖心事……投稿：65954980@qq.com
每天更新原创小视频让生活变得更加丰富多彩
每天流出的水晶样晶体
每天热点实时更新；关注本地新闻看社会热点
每天画一幅画
每天骑单车上班
每家每户窗户、阳台
每小时108公里
每小时170至180公里
每小时216公里
每平方米10万元
每平方米1万元
每平方米4万元
每平方米600元
每平方米五六千元
每年
每年20万儿童失踪
每年20万儿童失踪、找回率不足0.1%
每年3月至6月
每年9月
每年9月西伯利亚候鸟经秦岭形成壮观雁阵
每年丢失儿童约20万找回率仅0.1%
每年仅允许300人于春季攀登珠峰
每年招标起鱼
每年招标起鱼现象
每年收割季
每张违停罚单有效周期为24小时
每日11:50
每日11:50至12:40
每日17人饮食由一人操持
每日3000多人
每日5000元
每日6条不停更 有料 好玩 新鲜事 正能量
每日分享各种实用小妙招希望能够帮助到大家
每日分享情感故事
每日分享有用的小视频让您天天涨知识感谢平台🙏感谢每一个喜欢我关注我的宝宝🌹您的支持就是我前进的动力
每日新闻报
每日早上7点15分
每日更新全球奇闻事件
每日洗白病死猪
每日热点权威资讯人物故事新知科普都在这儿在这个宝藏账号看新闻快人一步
每日用餐人数
每日聚焦
每日邮报
每日邮报3月22日报道
每晚18:00-20:07
每晚19:00
每晚7点
每晚9点
每晚九点
每月数万元高额收益
每月有效举报数量前十名
每月约35元
每条留言会尽力回复
每条留言都在拼命回复中
每次出差都怕坐飞机了
每次出差都怕坐飞机了情绪化回应
每次出警都要平平安安回来
每次看到这种新闻就感觉其实人类才是多余的
每次看到都泪流满面
每次看见心里受不了都那么年轻
每次饮用50-80cc温水
每段回忆都有歌
每片0.39元
每片车祸碎片
每秒数兆次
每艘医疗军舰
每艘医院船
每觉喉咙干燥即饮用温水
每限合代
每顿摆两桌厨艺可承包红白喜事
毒性
毒香肠事件
毒驾
比V你可以摸到耳垂吗？？
比一比到底谁更对 但是我们的预测是4月底 中国加油
比中彩票还难的幸运
比人类还有礼束
比人都自律
比划剪刀手也会泄露指纹信息
比外星人更可怕的三大预言
比尔·盖茨
比尔·盖茨雇替身打新冠疫苗
比工资还高
比心
比我聪明[哈欠]
比病毒还可怕
比空战还惊心动魄
比赛中
比赛组织方
毕业
毕业后回国效力评论
毕业后已过电竞黄金年龄
毕业生上台时摘下口罩
毕业生上台时摘下口罩以示尊重
毕业生下台
毕业生在游戏公司
毕业生就业情况良好
毕业生无法对口就业
毕业资格
毕其功于一役
毕玉玺
毕生朝圣心愿
毕达哥拉斯：和谐就是一切
毛家桥村水上安全信号点
毛沟镇白坪村人
毛细血管损伤致轻微伤
毛骨悚然画面
毫不知情
毯子、被子等防护物品
民主
民主村人
民事诉讼
民事赔偿责任
民众
民众使用滑板场地
民众关切
民众关注
民众到访
民众加强防范
民众平安最为重要
民众感慨
民众排队抢购现象
民众绕道前往美国避难
民众聚集
民众观看军事冲突
民众轻信此类行为
民众轻信行为
民众遇到烦心事、不平事、困难事
民兵
民房中间地带
民房墙体
民房被掩埋
民政部门
民族主义情绪
民族主义言论
民族之骄傲
民族品牌文化挖掘弘扬
民族工业之中流砥柱厉害了华为
民族情绪认同
民族自豪感
民族荣誉感
民法典
民法典第十四条
民琴苑小区
民生
民生关切
民生周刊
民生师
民生新闻
民生新闻栏目
民生状况
民生百态
民生视野 睛彩中原爆料、合作 VX:809750397
民生路线💃💃
民生频道
民用无人机
民航头条官方
民航客机安全风险
民航飞机迫降记录
民警
民警丁昊与李佳兴
民警下跪致谢
民警与路人
民警冰面匍匐救落水女孩
民警冰面救援落水儿童属实
民警劝说无果后将其抬走的描述
民警劝阻时的原话
民警和路人
民警和辅警
民警和辅警在场
民警张霖
民警抓捕抢劫犯罪嫌疑人
民警掏出身上所有的钱
民警搜寻和救援行动
民警搜救行动
民警救援行为
民警果断处置
民警王东
民警王东描述
民警的24小时 在小区电梯里抢人@视频小助手
民警跪地搀扶老人
民警身体受累群众安危无忧
民警身体受累群众安危无虞
民警：该出手时就出手疫情全知道 @DOU+小助手
民间互助的温暖力量
民间扑火队伍装备保障
民间救援队伍
民间流传的不实偏方
民间说法
民间高手
气 古 一
气候变化
气候变化与地质灾害预警
气候变化与疾病威胁
气功
气功大师
气功大师发功行为
气功大师发功退洪水
气功大师发功退洪水不光可笑更是添乱
气功大师发功退洪水扯淡
气功大师发功退洪行为
气功大师在河岸边宣称发功击退洪水
气功大师宣称发功退洪水
气功大师行为
气功大师行为实为添乱
气功大师表演发功退洪
气功大师表演发功退洪事件
气势恢宏
气压太高了
气压引发爆燃
气模设施下陷事故
气浪
气温与停课标准对比
气温低于零下52摄氏度时11岁以下儿童应停课
气温低于零下52摄氏度时11岁以下孩子才停课
气温接近零下50摄氏度
气溶胶传播
气球
气象原因
气象周报
气象资料
气象部门
气象预报
气质儒雅
氧气管
氧班
氧班/AONFUN/CZONFUN
水上交通
水上救人
水下40米开展救援
水下能见度
水中冲浪
水中消失
水中漂浮物
水中漂浮物引发的视觉误解
水中长物体随波摆动
水中长青苔现象
水仅没过腿部
水位
水位147.88米
水位上涨
水位上涨淹死
水位上涨的观察
水位下降
水位变化
水位急剧上升
水位暴涨
水位超保证水位
水位逼近警戒线
水位高达半人高的家中煮饭现象
水体变化观察
水体清澈因船只减少
水利设施建设
水利部
水务集团
水压明显下降并停水
水城
水城小团子 皖A0
水城描述
水域猛涨
水天混为雾色浩瀚不容错过
水平高超
水库倒塌
水库倒塌导致洪水下泄
水库干涸
水库干涸现象
水库干涸珍惜水源请大家节约用水
水库干涸相关内容
水库调度问题
水性漆
水怪现象
水景轩
水晶样晶体
水晶症
水晶症是否存在
水果刀
水果坊
水果摊主杨某
水果摊位
水桶作为临时漂浮工具
水槽
水泥块
水泥墙皮脱落事故
水泥是面粉做的钢筋是香蕉做的
水流冲击
水流冲击力
水涨电停
水涨船高的真实写照
水深则流缓语迟则人贵
水深情况
水漫金山在镇江上演
水火无情
水火无情天灾愿上天保佑人间一切平安
水灾保四川
水灾成因
水炮车驱散人群
水状物质
水獭回家现象
水生植物
水电热工作应急响应
水电站大坝溃坝
水的力量你也敢小瞧
水管流出浑浊不堪的水
水系统遭到破坏
水肉
水草队长
水质好
水质状况
水资源保护倡议
水资源利用
水资源破坏
水车嫌疑大
水退了吗？
水退电复
水道清澈
水都进去能开吗
水闸放水
水闸放水4人被困江中遂宁消防紧急救援
水闸放水导致4人被困江中事件
水闸放水导致突然涨水
水面
水面未完全冻结
水鸽子
永不解冻
永丰镇322省道
永久关闭
永久关闭系误读
永久封号
永久封禁
永修县三角乡
永修县政府
永动机现象
永动机设想
永动机话题
永嘉龙头水库
永嘉龙头水库周边
永嘉龙头水库干涸
永宁江
永年区故意伤人逃逸
永年区故意伤人逃逸事件
永春
永春一家四口服药自杀
永远做一个孝顺感恩善良的人这就是我的人生
永远做个阳光的自己养成快乐灿烂的习惯
永远最心疼消防员你们辛苦了
永陵镇
永陵镇副镇长
永陵镇崔副镇长
永陵镇政府
永陵镇政府及派出所
永陵镇政府及派出所现场处置
永陵镇附近乡镇
求关注
求助与爆料联系方式
求助关注私信方式
求助协助服务
求助和祈祷表情
求助帮忙请V信视频号搜索大河报并提供联系方式
求助帮忙请关注后私信（时间+地点+人物+事件+联系电话）
求助热线：079188316800
求助爆料合作联系方式之一
求助者
求助联系方式
求助联系渠道
求婚场景
求婚视频误读
求帮、爆料请关注后私信（时间+地点+详情+电话）
求帮、爆料请关注后私信（时间+地点+详情+电话）新闻热线：0551-63459191
求心理阴影面积
求抱抱
求救
求锤得锤
汇金大厦
汉代
汉代墓葬群
汉代墓葬群考古发掘
汉加湾
汉南治制报
汉南法制报
汉宝新特台
汉巴南的高铁正式启动
汉巴南铁路南充至巴中段
汉巴南铁路南充至巴中段项目
汉巴南铁路南充至巴中段项目相关方
汉巴南铁路巴中至南充段
汉巴南高铁今日正式通车
汉巴南高铁今日正式通车相关内容
汉巴南高铁今日正式通车这一关键词
汉派骨伤第四代传承人
汉派骨伤第四代传承人身份
汉腾汽车
汉莎航空旧涂装飞机
汉语
汉语热是迟早的事情
汕头
汕头人
汕头派出所
汛情与撤离行动
汛情信息
汛情发展
汛情影响
汛期
汛期水位变化
汛期江面水位上升背景
汛期河水上涨
汛期高水位对航运影响
汝城县三江口瑶族镇
汝城县公安局
江中
江中集团
江北大道（河堤路段）
江南大道将军路口
江卫视
江口群众
江城蓝朋友传播政能量等你关注哦👨🏻🚒 投稿：1575130009@qq.com
江堤
江底
江景房不香了
江桥站
江河、湖泊、水库及海湾
江油
江油下冰雹了
江油下冰霉了几十年都没有看过这么厉害的冰霉直径有三四十毫米但愿大家都没有什么损失
江油出现大如鸡蛋的冰雹
江津一名工人
江淮叉车
江湖大盗
江苏
江苏204国道大丰丁字路口
江苏、浙江、广东、辽宁、河南等省
江苏一家四口同日死亡 警方拒开死亡证明后续：经调查系自杀案不支持意外死亡保险赔付
江苏一家四口同日离世案
江苏一居民为办婚礼竟逼停火车
江苏一居民为办婚礼竟逼停火车竟逼停火车
江苏东海县温泉镇西连湾村
江苏全民目击
江苏共星团 就在你身边
江苏北部
江苏南通相关关键词描述
江苏常州奔牛镇
江苏广播
江苏广播微博账号
江苏广电荔枝新闻官方账号
江苏应急广播
江苏徐州
江苏徐州与浙江慈溪
江苏徐州的什么时候开学？
江苏无锡丰干道渔港立交东侧
江苏昆山
江苏昆山一电子厂楼顶突发大火
江苏昆山某电子厂楼顶
江苏泰州
江苏泰州、靖江猪肉仅售9元一斤
江苏泰州某金店
江苏泰州金店抢劫事件
江苏泰州靖江
江苏泰州靖江猪肉
江苏淮安
江苏淮安事件事实
江苏淮安发生重大命案：24岁男子将妻子及其亲属6人杀死
江苏淮安市清江浦区一住宅
江苏淮安弃婴事件
江苏淮安涟水县
江苏淮安涟水县 弃婴事件 不符
江苏淮安清江浦区南苑路居民小区
江苏溧阳一合金厂
江苏溧阳一合金厂突发大火新闻
江苏溧阳一合金厂突发大火现场火海一片、浓烟滚滚疑因车间线路短路引燃编织袋
江苏盐城响水
江苏盐城响水天嘉宜化工厂
江苏省副省长兼公安厅长
江苏省扬州市
江苏省移动媒体第一品牌
江苏省级移动端主流媒体
江苏省苏州市吴江区
江苏省连云港市赣榆区城头镇后黄墩村
江苏省连云港市赣榆区墩尚镇
江苏苏州
江苏苏州一街道疑发生天然气爆炸
江苏苏州一街道疑发生天然气爆炸：路面被炸开碎石飞溅
江苏苏州吴中永旺附近某公司
江苏苏州吴中永旺附近某公司办公室
江苏苏州太仓市浏河镇附近街道
江苏苏州太仓市浏河镇附近街道疑似天然气爆炸事件
江苏苏州太仓某街道
江苏苏州市吴江区
江苏苏州市吴江区一厂房
江苏苏州某公司
江苏赣榆
江苏赣榆区墩尚镇
江苏连云港
江苏连云港一化工厂突发疑似爆炸事故
江苏连云港化工厂
江苏连云港化工厂突发爆炸 当地消防：正在处置 赣榆巨响
江苏连云港市赣榆区
江苏连云港市赣榆区一企业疑发生爆炸事故伤亡情况不明
江苏连云港市赣榆区一化工厂
江苏连云港市赣榆区城头镇
江苏连云港市赣榆区城头镇一家化工厂
江苏连云港市赣榆区城头镇化工厂爆炸
江苏连云港市赣榆区城头镇境内一家化工厂
江苏连云港市赣榆区城头镇境内化工厂爆炸事件
江苏连云港朱某夫妇
江苏连云港赣榆区
江苏连云港赣榆区一化工厂
江苏连云港赣榆区一化工厂发生爆炸伤亡情况不明
江苏连云港赣榆区一化工厂发生疑似爆炸事故
江苏连云港赣榆区一家四口死亡事件
江苏连云港赣榆区化工厂爆炸事件
江苏镇江
江苏高邮
江苏高邮过山车脱轨
江西-5频道
江西中医药大学附属医院
江西中医药大学附属医院妇科中西医结合副主任医师
江西九江
江西九江多地
江西九江多地破坝
江西九江多地破坝事件
江西九江永修县三角乡
江西九江过山车故障致两名儿童被困半空
江西人最牛逼
江西修河三角联圩防汛责任段
江西加油
江西加油挺住
江西南充
江西南昌
江西南昌一金店
江西南昌一金店遭入室抢劫
江西南昌凤凰洲附近
江西南昌新建区赣江大堤
江西南昌金店入室抢劫案
江西卫视 情暖中国
江西同胞们挺住加油度过难过
江西挺住
江西挺住九江挺住🙏🙏🙏
江西挺住文本内容
江西挺住文本的评论
江西挺住鄱阳湖水位破历史极值达22.52米
江西永修三角联圩
江西永修三角联圩发生溃堤 三角乡受灾严重
江西永修三角联圩溃堤事件
江西永修三角联圩溃堤已有23411人转移
江西永修消防员
江西永修消防官兵
江西永修消防战士
江西永修消防战士抗洪事迹
江西永修消防战士真实抗洪事迹
江西消防、九红支队
江西消防部门
江西省
江西省中医院
江西省九江市永修县三角联圩
江西省九江市永修县三角联圩溃堤洪水大量涌入已有23411人转移
江西省石城县济广高速往广州方向
江西省赣州江南工程监理有限公司
江西省骨伤医院
江西鄱阳湖流域
江西鄱阳湖流域面临1998年以来最为严峻的防汛形势
江西首家国家重点新闻网站
江门消防力量
江阴海港大道与天道交叉口
江阴海港大道桥体坍塌
江阴码头
江面升高
江面巨浪翻滚、白茫茫一片
江面涨水
江面涨水、货船卡在了长江大桥
江面涨水导致货轮通行险情
江面涨水货船卡在了长江大桥
池州
池州也出现海市蜃楼
池州出现了海市蜃楼
池州出现海市蜃楼
池州出现海市蜃楼现象
池州市主城区备用水源地
池州市平天湖
池州广播电视台
池州版的海市蜃楼
污染物浓度超标
污水厌氧罐
污水厌氧罐倒塌
污水厌氧罐坍塌事故
污水处理设施正在运行
污水无害化处理工程
污水流入周边街道
污水罐
污水罐体倒塌事故
污水罐体坍塌
污水罐体坍塌事故
污水罐体坍塌压垮车间
污水罐体坍塌险情
污水罐体疑似爆炸
污水罐坍塌险情
污水罐疑似爆炸
污泥无害化处理工程
汤不敢喝
汤丰收研究员
汤臣一品
汪传林一家
汪传林一家住宅
汪传林及其儿子
汪传林家属
汪传林部分家人
汪小宇
汪文斌
汪星球
汪某导
汪焕顺
汪焕顺存在长期采石矛盾
汪焕顺驾驶铲车行为
汶川地震
汶川地震相关影像
汽开区22街区居民出入卡
汽开区22街区院内走出
汽車滿天飛
汽车
汽车4S店员工
汽车GPS记录
汽车与车手碰撞
汽车人共创计划
汽车充电桩配电室
汽车冲出大桥护栏坠入河中驾驶员幸运仅受轻伤
汽车出现在赛道的合理性
汽车在水中打转
汽车奖励
汽车如叶子般随水漂流
汽车怎么会在哪停
汽车承接降落中飞机前轮
汽车满天飞
汽车真碍事
汽车行驶至甘南地区
汽车被冲走
汽车被卷走
汽车运动赛事国家级裁判
汽车零部件公司车间
汽车驾驶员
汾视频
沂南县
沈宗林
沈家门
沈家门受台风影响海水倒灌
沈巍
沈巍团队
沈巍捐出30万元直播收入
沈巍捐出30万元直播收入情节
沈巍生活变故
沈巍的关注期望
沈巍的认可
沈巍观点合理性
沈某
沈某死亡
沈海高速后盐收费站
沈海高速后盐收费站事件
沈海高速温岭西出口附近大溪互通段
沈阳加油
沈阳市
沈阳市于洪区北陵街道宏达社区
沈阳市发现一例韩国返沈人员解除隔离后核酸检测阳性
沈阳市第六人民医院
沈阳广播电视台
沈阳广播电视台沈视早报栏目
沈阳晚报官方抖音
沈阳桃仙机场
沈阳棋盘山
沈阳棋盘山动物园
沈阳棋盘山动物园动物
沈阳棋盘山动物园小动物被烧死
沈阳棋盘山最新情况 新华社记者讲述现场细节沈阳棋盘山发生火灾
沈阳棋盘山森林大火
沈阳棋盘山森林大火 动物们安好沈阳 平安
沈阳棋盘山火灾
沈阳棋盘山火灾事件
沈阳棋盘山火灾现场情况
沈阳棋盘山火灾相关信息
沈阳棋盘山火灾相关文本
沈阳鞍山火锅店洗碗阿姨赢走40万年终奖老板：以后我亲自洗碗省点钱
沈魏
沈魏 网络的力量……
沈魏54岁属马91届复旦大学高材生……
沈魏54岁属马91届复旦大学高材生曾在复旦大学审计局工作一场车祸夺走妻女后选择流浪
沈魏为上海人54岁属马1991届复旦大学高材生原在审计局工作因捡垃圾被停职现为流浪汉
沈魏妻女
沈魏更乐观
沈魏真实经历
沈魏脑子有病
沉痛哀思与敬意
沉船事故
沉船位置
沉船海域10小时航程
沉迷游戏是暴力诱因
沉重而真挚
沉重讨论
沉默无声
沐梓
沐梓的母亲
沐梓的绘画行为
沐梓自学画画
沙东干渠
沙坪坝消防支队队员
沙滑
沙滑项目
沙滩东侧
沙漠
沙特与俄罗斯
沙袋12000余个
沙雕趣图
沙雕队送人头男子连续两天抢劫同一家珠宝店18小时就被抓
沙雕队送人头男子连续两天抢劫同一家珠宝店18小时就被抓我是安全明白人 @抖音小助手 沙雕
沛县中达公司唯一官方抖音号
沛县中达挂车
沛县中达挂车账号
沛县中达挂车账号法人代表
沟
沟中
沟通
沟通凝聚力量
沟通缺失讨论
沟通解答患者家属问题
没一个视频房子倒的
没下了我看天气预报不下雨了
没了健康钱也无用武之地
没事儿我应该的
没事吃蝙蝠干嘛
没事没事
没事看看风看看雨想一起的我们带着行李去9³/₄站台见面
没人来评论我就来一句了 希望人都安全
没人比我更懂汉娜
没什么事尽量不外出
没什么大不了的
没伤亡就行
没健康码怎么坐
没关系的
没到醉驾我就放心了
没反应过来以为大道上过大货车带动着身旁震动没想到过两分钟大家都在讨论后怕了
没听懂能用普通话翻译一下吗
没听过这种要求广西一男子抢劫金店竟称想吃牢饭冷静一下
没坐过
没好
没得七滴
没必要找老婆了
没想到啊学霸成宠女朋友的方式居然有那么一点点独特厉害了
没想到水这么大呀
没戴口罩
没戴口罩啊
没有一点安全意识
没有了家无处安放的灵魂只能选择流浪和读书
没有人员伤亡就好
没有人员受伤就好
没有人核实数一下多少节啊？
没有人比我更懂墙
没有从事电竞工作的同学
没有儿女？
没有力量就没有正义欧洲多国民众冒着危险参加反种族主义示威行动
没有及时照看孩子
没有同学严格从事电竞工作
没有头
没有官架子正派
没有家属
没有文化比得肺炎死得还快
没有旅客回国
没有旅客返华
没有特殊情况不要去武汉
没有网络
没有网络就用不了
没有评论？
没有这个选项
没有降落伞吗
没死
没毛病啊他自己要求的
没毛病评论
没气的皮筏
没流量呢噜啦啦噜啦啦来了来了
没用翻新有用防航拍没用
没看懂
没看懂评论
没简历
没素质的人能别去就别去
没脸毕业
没见过中国巨浪-3发射视频
没见过这么器张的
没跑195就不错了
没过胸口的水中
没钱换手机
没钱真好
没错我就是刘海燕好了我要去学习了为国争光加油
没错我就是正宗的广电蓝～
没问题你想知道的我这都有
没预约不给取
沪漂二十年～
沪牌豪车
沪牌豪车在首都机场停放4年未移动
河东区
河中
河中央的6人
河北
河北保定
河北保定执勤交警
河北保定清苑区
河北唐山
河北天发生物科技有限公司
河北宁晋
河北宁晋一位老人
河北广电MCN机构
河北广电传媒集团有限公司官方号
河北廊坊
河北廊坊一轿车冲撞夜市摊位事件
河北廊坊丰盛小区旁双胜烧烤店
河北廊坊夜间烧烤摊
河北廊坊环江林业局附近
河北廊坊轿车冲撞夜市摊位事件
河北新闻网冀看点栏目
河北武安
河北武安市沙午线57+225公里处
河北沧州
河北沧州一企业重油储罐
河北沧州一企业重油罐火灾
河北沧州一女子骑电动车欲别停大货车结果……
河北沧州一石化企业重油储罐
河北沧州南大港产业园区
河北沧州南大港产业园区一重油储罐
河北沧州南大港产业园区一重油储罐起火事件
河北沧州南大港产业园区火灾
河北沧州吴桥
河北沧州石化企业火灾事件
河北沧州鞠官屯
河北沧州鞠官屯油罐爆炸死亡22人
河北沧州鞠官屯油罐爆炸死亡22人关键词
河北省
河北省唐山市公安局交通警察支队第八大队
河北省应急管理厅
河北省邢台市南和县
河北省邢台市南和县漂河新桥
河北省邱县第一中学
河北省邱县第一中学高三学生
河北石家庄
河北石家庄人做肛拭子后变企鹅
河北石家庄市民
河北石家庄有人做肛拭子检测后秒变企鹅
河北石家庄核酸检测
河北赞皇发现华北豹
河北赞皇太行山南部玉米地
河北赞皇玉米地发现华北豹
河北赞皇玉米地发现华北豹事件
河北邢台
河北邯郸
河北邯郸一交警不系安全带还打电话被摩托车骑手拦下质问
河北邯郸交警赵某某驾驶警车违法行为事件
河北邯郸永年区107国道
河北邱县一中
河北青年报官方快手账号
河北青年报青豆视频官方账号
河南
河南 承包商收花生时遭数百村民哄抢
河南3岁小孩被狗咬死
河南3岁小孩被狗咬死事件
河南一中学生活用水满是泥沙
河南一公交司机昏迷前一秒将车停好愿平安
河南一名孤寡老人
河南一女孩在小区内被恶狗扑倒撕咬近一分钟家人看监控落泪
河南一孤寡老人
河南一孤寡老人去世后留下80000元存款
河南一孤寡老人去世后留下80000元存款……银行称：这笔钱应该归国家所有
河南一孤寡老人去世后留下80000元存款银行称：这笔钱应该归国家所有
河南一承包商收花生遭数百村民哄抢村干部：能力有限管不住
河南一承包商收花生遭村民哄抢
河南人
河南人吧
河南人在东莞
河南人正常啊[赞]
河南人？
河南信阳商城县苏仙石乡路段
河南信阳居民闲逛公园被要求背防疫手册
河南信阳居民闲逛公园被逮集体背防疫手册搞笑 河南硬核 @抖音小助手
河南信阳某公园
河南信阳疫情期间管理措施
河南卫视
河南卫视账号
河南口音
河南口音判断
河南口音评论
河南呗
河南呗评论
河南周口
河南周口公交司机
河南周口公交司机荣安平
河南商丘一位无儿无女的孤寡老人
河南商丘某高中
河南商丘火神台金桥路
河南商丘火神台金桥路附近
河南商丘虞城
河南商城县
河南商城县货车事故
河南商报
河南商报发布
河南国基律师事务所
河南好少年
河南孤寡老人去世后留下80000元存款
河南安阳北关区油厂家属院
河南安阳北关区油厂家属院12号楼附近
河南安阳北关区油厂家属院一小女孩被狗撕咬
河南安阳北关区油厂家属院某小区12号楼
河南安阳狗狗失控扑倒女孩幸亏邻居来援助
河南广播电视台公共频道百姓315官方快手号
河南广播电视台民生频道
河南广播电视台都市频道公众号
河南广播电视台都市频道官方抖音号
河南承包商收花生遭数百名村民哄抢叫警察也没用
河南承包商收花生遭村民哄抢
河南拆迁户遭打伤事件
河南拆迁户遭打伤涉事干部被停职村民表示对处理效率满意
河南新乡获嘉县新冠肺炎疫情防控指挥部
河南无常德市
河南日报报业集团
河南日报社
河南汉墓群发掘现场看看挖出来的是啥关注看后续
河南法制报
河南濮阳某小区
河南灵宝市一辆机动车因未礼让一只黑狗被处罚
河南灵宝市一辆机动车未礼让路过黑狗被处罚
河南牛逼
河南牛逼言论
河南省
河南省三门峡市锦滨矿业
河南省信阳市商城县苏仙石乡与安徽交界处
河南省农业科学院
河南省农业科学院等单位技术支持
河南省商丘市虞城县
河南省商城县相关部门
河南省商城县苏仙石乡弯道下坡路段
河南省商城县苏仙石乡距安徽省金寨县铁冲乡1000米处
河南省文物考古研究院主导
河南省柘城县远襄镇北街一武术馆
河南省消协
河南省消协联办的专业高效公益帮扶平台
河南省重点新闻网站
河南籍
河南类似现象
河南货车侧翻事故
河南货车侧翻掩压路边捡蒜群众致8死11伤
河南载蒜车掉入沟里群众疯狂抢蒜
河南遂平县嵖岈山乡大里王村
河南郑州
河南郑州一男子
河南郑州孕妇临盆事件
河南郑州孕妇临盆事件报道
河南郑州男子服装店被洪水淹没痛哭
河南郑州男子服装店被淹痛哭
河南都市报
河南都市报记者
河南都市频道
河南阳光禽业从业者
河南驻马店
河南驻马店1000多亩地
河南驻马店韩先生
河南鹤壁15号楼3单元5楼
河南鹤壁一名3岁半男童
河南鹤壁某小区
河南鹤壁某小区15号楼3单元5楼
河南鹤壁邻居家附近
河口决堤
河堤决口
河堤决口描述
河岸
河岸安全设施
河岸边
河川泛滥
河川溃堤
河床暴露风险
河床淤泥危险禁止市民前往嬉戏
河床裸露
河床裸露区域
河底泥沙未被扰动
河建平安社会
河水
河水上涨
河水变清
河水暴涨
河池市公安局宜州分局巡警大队
河池市宜州区庆远镇龙江路某出租屋
河流
河源一女子抗拒隔离观察
河源一女子抗拒隔离观察且曾与确诊患者密切接触民警劝说无果后强制医学隔离
河边
河边停放的车辆
河边洗碗可能污染水源
河边洗碗现场
河边高速公路附近坑中
河道
河道不疏通不淹才怪
河道变清
河道底部
河道采沙形成暗沟隐患
河鲜平价超市
河鲜彻底煮熟
沸点
沸点发布账号
沸点就在你身边
沸点就在你身边商务合作：13701374070
沸点视频
沸闻天下
油
油炸辛辣食物
油箱破损
油罐爆炸
油罐车
油罐车司机和前车均存在违规行为
油罐车爆炸
油罐车爆炸事件
油菜捐赠事件
治安管理处罚条例
治安管理处罚法
治安管理处罚法第四十九条
治江游玩
治江游玩时被困江中
治理美国白蛾等林业食叶害虫
治疗
治疗一个新冠病人
治疗总花费
治疗效果
治疗新冠肺炎
治疗结果
治疗费用
治病的救命钱
沼气
沼气爆炸
沼气爆炸 儿童安全
沼气爆炸事件
沼气爆炸事故
沼气爆炸风险
沼气爆燃
沼气积聚
沼气积聚风险
沾漆丝杠
沿岸车辆
沿永宁江区域水位上涨
沿河做个体
沿街商铺两块长约30米广告牌
沿街商铺两块长约30米广告牌脱落事件
泄水桶装剩饭剩菜
泄洪
泄洪决策质疑
泄洪期间
泉城路与趵突泉北路交叉口
泉城路西门路口
泉山公安微警务
泉州
泉州一酒店
泉州一酒店倒塌 现场救援画面曝光
泉州一酒店突然垮塌
泉州搜救犬为搜救倒塌酒店的幸存者爪子磨烂累瘫在地谢谢你们无言英雄
泉州搜救警犬牺牲😭😭向英雄~小虎致敬愿你在汪星一切都好😭你累了歇歇吧😭
泉州晚报
泉州欣佳酒店
泉州欣佳酒店坍塌事件全过程
泉州欣佳酒店坍塌事故
泉州欣佳酒店坍塌事故中搜救犬小虎因劳累过度牺牲
泉州欣佳酒店坍塌事故中有警犬牺牲
泉州欣佳酒店坍塌事故搜救任务
泉州消防
泉州酒店倒塌
泉州酒店倒塌事件报道
泉州酒店坍塌
泉州酒店坍塌 泉州酒店坍塌事故房主已被警方控制
泉州酒店坍塌事故
泉州酒店坍塌事故房主
泉州酒店坍塌事故房主已被警方控制
泉州隔离酒店坍塌始末还原：行贿一万元建起违章建筑
泉州鲤城区南环路一家酒店
法不容情
法不责众心理
法制网
法制视讯
法力不够 换下一个
法医初步鉴定结果
法国民航安全调查分析局（BEA）
法在身边
法官
法定第一顺序继承人
法定第二顺序继承人
法律与银行处理问题的效率差异
法律依据
法律后果
法律否定性评价
法律层面惩戒诬陷行为
法律应该让养狗主人付出一条人命
法律建议
法律效力
法律无情人有情
法律服务
法律流程
法律的否定性评价
法律答疑
法律行动
法律解读
法律警示语
法律责任
法律责任讨论
法律问题
法拉利
法拉利车主
法拉利车主罗某
法拉利车主耳光
法新社驻白宫记者
法治
法治在线
法治声音
法治天下
法治日报
法治时空
法治案例
法治社会会依法处置
法治社会建设精神
法治进行用 快手@fz19991227
法治进行行
法网恢恢疏而不漏
法语
法赫里扎德车辆
法院
法院一审
法院作出解释
法院出具的相关证明文件
法院判决
法院周边
法院审理阶段
法院裁决处理遗产支取
法院调解书、判决书或公证处证明
泡水衣物
泡水车
泡水车交易增加可能
泡沫填充
泡沫填充包装
泡沫枪
泡脚
波bo摄影工作室
波兰海边
波兰海边白色防护服人员抬走人形生物事件
波斯僧侣
波斯僧侣带蚕种至东罗马
波波扭影工作室
波波摄影工作室
波波摄影工作室发布
波波摄影工作室发布内容
波隆立交桥
波隆立交桥隔层绿化带
波音
波音737-500客机
波音737-800
波音737-800型客机降落
波音737-800型民航客机
波音737从玉林福绵机场升空正式试飞啦玉林人的航空梦已经点燃
波音737客机
波音737机型
波音747
波音747因无人机撞击迫降
波音747客机
波音747客机发动机
波音747标准容量
波音747满载450名乘客因无人机撞击迫降
波音747被无人机撞上发动机
波音777货机
波音原涂装
波音机型质量问题
波音飞机
泥土如洪水一般倾泻而下
泥土如洪水一般倾泻而下关键词
泥水中连续奋战18小时
泥泞中跪地作业
泥溪
泥溪、菜坝等地已受灾
泥潭
泥潭水位
泥石
泥石掩埋
泥石流
泥石流形成堰塞湖并致多人伤亡失踪
泥石流灾害
泥石流隐患
泥石流风险
注会cpa 初级会计 会计会计
注册的智能行车记录仪
注塑机设备生产
注射治疗
注射消毒剂
注射消毒剂治疗新冠
注射消毒剂治疗新冠言论
注射消毒剂灭病毒建议
注射消毒剂而非请巫师
注意⚠️今天下午两点黄岩长潭水库泄洪@抖音小助手
注意他的腰
注意传统文化的严肃性
注意保暖
注意安全
注意安全 沼气遇明火爆炸
注意安全哦
注意安全啊
注意安全希望平安
注意安全平安归来
注意安全平平安安
注意安全建议
注意安全生产
注意安全类评论
注意平安啊
注意户外安全
注意易燃物品安全
注意注意
注意防护
注意防护、平安归来
注意防范
注意顽皮小老虎完达山一号已到吉林延边一游进入到天桥岭辖区
注意预防EB流感
注意食品安全
注意饮食安全
注意高压线安全
注明来意
注水包
注浆堵水
注胶了人敢吃
注胶的都别吃给我这么危险的事情我来
注胶皮皮虾
注胶皮皮虾事件
注胶虾爬子
泪为英雄流
泪奔啊
泪奔当年美军战地摄影师拍下的抗美援朝志愿军冰雕连战士牺牲时影像
泪水
泪流满面
泪流满面的委屈
泪目
泪目之情
泪目我的中国心空无一人全是物资澳洲华人购票后把救援物资放在自己座位上运回国内😭
泪目泪目 姜仁抖音小助手
泪目逆行的英雄你们一路走好
泪血症
泰国
泰国副总理巴逸
泰国总理巴育
泰国政府
泰国普吉岛
泰国普吉岛沉船事故
泰国普吉岛沉船事故报道
泰国普吉岛海域
泰国普吉岛海域游船倾覆 中国游客1人溺亡50人失踪
泰国普吉岛翻船事故
泰国普吉岛附近海域
泰国普吉府官员
泰国普吉沉船事故
泰国普吉海域
泰国普吉游船翻沉事故
泰国气象部门
泰国沉船倾覆前现场视频曝光
泰国海军
泰国海军、水警、旅游警察等部门
泰国海军司令纳利巴吞素万
泰国警方
泰国驻上海总领事馆咨询
泰国驻华大使馆（北京）咨询
泰州
泰方
泰方全力搜救
泰方旅游警察部门
泰方继续扩大潜水搜救范围
泰方警方
泰旅游体育部长
泰皇岛日报数字传播
泸山背侧火场
泸山背侧火场指定地点
泸州
泸州 生活不易要坚强
泸州交通广播
泸州市叙永县分水镇
泸州市长江大桥
泸州消防提供
泾渭分明（刘渭明）
洁面巾上的酱油
洒水作业
洒水救援行为
洒水车
洒水车与消防系统的联动
洒水车为赚工资多洒水
洒水车仍在作业描述
洒水车作业
洒水车作业行为
洒水车在冲洗路面
洒水车浪费水资源
洒水车车牌
洗消厅
洗碗女子
洗碗女子与鳄鱼相遇事件
洗碗女子在河边清洗餐具时
洗碗活动
洗碗阿姨
洗碗阿姨凭实力赢得40万元奖金
洗碗阿姨赢40万
洗衣
洗车期间
洛克希德·马丁公司
洛城警长公布空难细节：9人死亡山火蔓延400米
洛杉矶
洛阳
洞口好圆
津个 SIM 至个 店 O MUSE 个 O'MUSES Guping Midei Mide
津云新媒体官方账号
洪君媚
洪峰
洪峰到达宜宾下游朋友们挺住
洪峰经过宜宾三江口下游朋友挺住
洪峰过境
洪峰过境事件
洪峰过境宝成铁路涪江大桥
洪峰过境影响
洪峰过境期间
洪峰过境未发生决口
洪水
洪水 穿越时空只想见你
洪水下泄
洪水中
洪水中的逆行者
洪水事件
洪水事件实际情况
洪水事故真实发生地
洪水侵袭
洪水倒灌
洪水倒灌事件
洪水冲击
洪水冲垮老桥事件
洪水冲断铁路桥 英雄车组拯救千人生命
洪水冲毁汽车房屋
洪水冲走
洪水区域
洪水即将到达桐庐
洪水发生地
洪水发生地点
洪水回忆
洪水围困
洪水威胁
洪水将街道上的汽车、房屋卷走
洪水已进入平潮期
洪水抢险任务
洪水推测
洪水无情
洪水无情人有情
洪水最高级别警报
洪水来袭紧急场景
洪水涌入
洪水涌入办公楼
洪水淹没
洪水淹没下游多个村庄
洪水漫上桥面
洪水漫入居民家中
洪水灾害
洪水灾害中
洪水灾害信息
洪水红色预警
洪水话题
洪水进入平潮期
洪涝人为造成
洪涝影响
洪涝灾害
洪涝灾情
洪灾
洪灾下个体经营者的现实困境
洪灾临近的紧张状况
洪灾报道
洪灾期间
洪灾现场情形
洪灾现场视频
洪灾过后
洪都拉斯
洲应为州
活一天是一天了
活了40年才知道如何分辨大樱桃是否有膨大剂转发给妈妈
活到101岁老婆仍是21岁
活动地点
活在当下
活带鱼
活捉
活灵活现得
活生生的人
活着就好祝大哥早日康复
活着就是最大的幸运
活着就是最大的幸运没那么多
活羊
活该
活路标
派 为你而动
派出所
派出所停车场活动
派出所已介入调查
派出所报案
派出所民警
派出所民警朱九生
派遣10万只鸭子赴巴灭蝗
流入市场
流出水晶泪怪病
流出的眼泪是水晶
流域性洪水
流感病毒属不同病原体
流沙陷阱安全隐患
流泪了
流泪出水晶现象
流浪人员生存困境
流浪大师
流浪大师一夜爆红直播一个月赚30万他却把钱都捐给了福利院
流浪大师你们真的了解他吗？
流浪大师或沈先生
流浪大师故事
流浪大师沈巍
流浪大师沈巍捐出30万直播收入
流浪大师真实身份
流浪女子
流浪汉
流浪法师满腹经纶、顶上去在🔥一次
流浪狗如果在小区咬了人物业也要承担相应的责任
流浪者
流程耗时
流血受伤
流血现象
流行文化讽刺素材
流量关注意图
浅水
测评线索
济南交警历下大队一中队辅警
济南交警好样的
济南交警支队历下大队一中队辅警
济南交警辅警吕玮救助迷路老人
济南凤凰山路
济南凤凰山路变压器泡水漏电
济南大学
济南大学一学院办一周情侣活动
济南大学官方证实
济南大学资环学院
济南市
济南时报·新黄河客户端
济南王关庄
济南王关庄商贩与城管冲突事件
济南王关庄城管被瓜贩砍伤
济南都市频道
济南都市频道报道
济南都市频道报道事件
浏览量竞快达到上万人了
浏阳北正西三楼住宅
浏阳北正西三楼钓鱼池
浏阳市
浏阳市应急管理局副局长
浏阳河桥
浏阳烟花
浏阳烟花为武汉加油
浏阳烟花厂
浏阳烟花实施
浏阳烟花祈福中华驱灭病毒疫情止刹
浏阳花炮
浏阳花炮为武汉加油
浏阳花炮赞助
浑身泥泞
浓烟
浓烟冲天
浓烟四起
浓烟弥漫
浓烟滚滚
浓烟滚滚现象
浓烟直冲云霄
浓烟较大直冲云霄
浓黑烟
浙A OWL2 NCA
浙A8F250
浙CM138挂
浙CM9535液化气槽罐车
浙江
浙江 安全
浙江10万只绍兴麻鸭出征巴基斯坦灭蝗
浙江10万只绍兴麻鸭赴巴基斯坦灭蝗
浙江10万只鸭子出征巴基斯坦灭蝗
浙江10万只鸭子将出征巴基斯坦灭蝗
浙江10万鸭子军即将出征巴基斯坦灭蝗
浙江10万鸭子将出征巴基斯坦灭蝗
浙江10只鸭子出征巴基斯坦灭蝗
浙江两女孩围殴一女子事件
浙江两女孩围殴一女子自信叫嚣：去报警啊我妈男朋友是警察
浙江临安突发洪水消防员巧用铲车救人
浙江临海
浙江临海全市被淹
浙江临海发生超历史纪录大洪水
浙江临海市
浙江临海洪灾
浙江之声
浙江人民发来贺电
浙江农科院
浙江十万只鸭子出征巴基斯坦灭蝗
浙江千岛湖
浙江千岛湖现巨型引水口
浙江台州临海市
浙江台州临海市内涝
浙江台州台金高速临海段雪岭隧道
浙江台州温岭城南镇
浙江台州温岭槽罐车爆炸
浙江台州温岭槽罐车爆炸收费站监控画面曝光这辆小轿车万幸
浙江宁波
浙江宁波一男教师涉嫌性侵13岁女学生事件
浙江宁波天空
浙江宁波学校性侵事件
浙江宁波市上空
浙江宁波慈溪
浙江宁波慈溪台风已经来到
浙江宁波某饭店外
浙江将派出10万只鸭子前往巴基斯坦参与灭蝗
浙江小学生
浙江广播主频率
浙江慈溪
浙江教科频道新青年团队
浙江新安千岛湖
浙江新安千岛湖水库
浙江新安千岛湖首次9孔全开泄洪
浙江新安千岛湖首次9孔全开泄洪新闻
浙江新闻频道
浙江新闻频道记者
浙江日报
浙江日报报业集团
浙江杭州
浙江杭州一辆轿车
浙江杭州钱塘新区一家化工有限公司
浙江杭州钱塘新区一家化工有限公司起火事件
浙江桐庐
浙江沿海逼近
浙江海宁
浙江海宁一印染公司
浙江海宁一印染厂
浙江海宁一印染厂污水罐体坍塌
浙江海宁一印染厂污水罐体坍塌 已致7人死亡
浙江海宁一园区污水罐体坍塌事故已致9人死亡涉事企业负责人已被控制
浙江海宁一工业园区
浙江海宁一工业园区污水罐体坍塌险情
浙江海宁印染厂
浙江海宁印染厂事故
浙江海宁印染厂发生污水罐体坍塌事故致4死16伤
浙江海宁印染厂污水罐体坍塌事故
浙江海宁印染厂污水罐体坍塌事故信息
浙江海宁发生一起污水罐坍塌险情
浙江海宁某印染厂
浙江海宁许村
浙江海宁许村一印染厂
浙江海宁许村一印染厂污水罐体坍塌事故
浙江海宁许村镇
浙江海宁许村镇龙洲印染有限公司
浙江消防
浙江温岭
浙江温岭一槽罐车发生爆炸
浙江温岭一油罐车爆炸现场视频画面曝光
浙江温岭槽罐车爆炸事故
浙江温岭槽罐车爆炸现场
浙江温岭槽罐车爆炸监控画面曝光爆炸车辆经宁波开往温州
浙江温岭槽罐车爆炸瞬间一轿车火海逃生路人拍到这一幕
浙江温岭油罐车爆炸事故
浙江温岭液化气槽罐车爆炸事故
浙江温州
浙江温州丽岙街道一夜之间被大水淹没
浙江温州苍南县某小区
浙江温州苍南县某小区一名男业主
浙江温州龙湾区永中街道绿城海棠湾西门路口家庭暴力事件
浙江湖州练杭高速
浙江湖州项王公园
浙江牌照私家车在重庆坠入肖塘河致4人死亡
浙江甬台温高速大溪出口处
浙江电视台钱江视频
浙江电视台钱江视频发布
浙江电视台钱江视频官方抖音号
浙江省反腐倡廉指导性刊物
浙江省台州市温岭大溪镇良山村附近高速出口
浙江省台州市黄岩区
浙江省海宁市许村镇荡湾工业园区
浙江省舟山市沈家门渔港
浙江绍兴国绍1号鸭苗
浙江绍兴将派十万只鸭子军团
浙江绍兴派鸭子灭蝗
浙江自然资源厅
浙江衢州
浙江衢州一化工厂
浙江衢州一工厂
浙江衢州一工厂火灾
浙江衢州化工厂大火
浙江衢州化工厂大火与徐州化工厂爆炸
浙江遇难女生男友
浙江金华一小学
浙江金华一小学引入脑机接口头环事件
浙江金华小学生佩戴头环事件
浙江金华小学生佩戴走神监测头环事件
浙江金华有小学生佩戴走神监测头环
浙江防控瘟疫措施严厉
浙江高速6车追尾致6死3伤五一出游一家5口出车祸3人死亡
浙江鸭子
浙江鸭子在新疆灭蝗
浙江鸭子曾参与灭蝗任务
浙江鸭子赴巴基斯坦灭蝗
浙视频
浙里安全由我守护
浦东
浦东孙桥某小区地下停车库
浦北广播电视台
浩气长存
浪涨小青岛
浪涨小青岛发布的内容
浪漫表演
浪行大
浪费国家资源
浪费资源
浪费这都是上好的矿泉水啊
浮力
浮萍
海上联合搜救
海上花园 百岛洞头
海中
海事局、防灾减灾中心、游客协助中心及多家医院
海事部门
海军
海南 白沙警方悬赏60万双11狂欢夜 剁手剁太狠的不考虑加入？ 悬赏通告 @抖音小助手
海南东方
海南东方警方
海南交警融媒体中心
海南免签政策
海南入境免签政策
海南多套豪宅
海南天泓基业房地产开发有限公司
海南岛到夏威夷距离
海南岛到纽约距离
海南岛发射
海南广电国际传播融媒体中心
海南最权威、最及时新闻资讯平台点个关注再走哟
海南海口内江大厦
海南海口内江大厦坠楼事件
海南白沙警方
海南省海口市
海南省陵水县椰林镇椰林南干道与陵文路交叉口
海南第一视听综合门户
海南第一视听综合门户 欢迎关注
海南舒普生物科技有限公司
海南舒普生物科技有限公司一楼六车间
海南舒普生物科技有限公司一楼车间
海南舒普生物科技有限公司发生爆燃 现场还有3000多升酒精
海南航空HU6268
海南诚欣FALV咨询服务有限公司
海南门户
海南高消费
海口
海口一23岁男子
海口一名女子
海口一名年轻女子因感情受挫欲跳楼轻生
海口一在建工地塔吊驾驶舱突然坠落工人夫妻俩双双身亡
海口一女子
海口一小区用酒精全屋消毒后开空调爆炸
海口博爱南路内江大厦
海口吾悦广场
海口吾悦广场有人跳楼
海口和平城市广场
海口和平城市广场发生坠楼 一50多岁女性身亡
海口市消防支队
海口市港澳开发区
海口市秀英区长滨四路8号华府蓝湾二期工程在建工地
海口市美兰区美苑路美舍嘉园2号楼A栋25楼
海口市舒普生物科技有限公司车间
海口市青年路中贤一村3号附近
海口是否也有类似政策
海口海盛路41号舒普国际公司车间
海口消防
海口消防部门
海口港澳开发区
海口港澳开发区一生物科技公司
海啸预警
海啸预警信息
海地
海基核力量
海外华人团结抗疫的感人场景
海外华人安全问题
海外华人支援祖国行为
海外华人爱国行为赞颂
海外华人的情感联结
海外华人的深情与担当
海外华人社群安全焦虑
海外华侨的爱国行为
海外及个人投资者
海外疫情
海外疫情最严重国家
海外网
海外自驾文化
海外风景与文化
海大叔
海宁一印染公司发生污水罐体坍塌事故致4死16伤
海宁一印染厂发生污水罐体坍塌事故致4死16伤
海宁一印染厂污水罐体坍塌事故
海宁一印染厂污水罐体坍塌事故致4死16伤
海宁一家印染厂
海宁一家印染厂污水罐体发生坍塌造成4人死亡、16人受伤
海宁发布
海宁听到巨响
海宁和余杭的相关医院
海宁居民
海宁市地方税务局
海宁市政府
海宁市政府召开新闻发布会
海宁市新闻办公室
海宁市许村镇
海宁市许村镇一印染厂
海宁市许村镇汤湾工业园区
海宁市许村镇龙州印染厂
海宁市许村镇龙洲印染有限公司
海宁市龙洲印染有限责任公司
海宁市龙洲印染有限责任公司污水罐体坍塌事故信息
海宁许村一家印染厂
海宁许村一家印染厂污水罐体坍塌事故
海宁许村龙舟印染厂
海宁许村龙舟印染厂发生爆炸已致4死16伤
海宁龙洲印染有限责任公司
海客新闻
海客新闻APP
海客新闻视频
海峡导报
海峡网
海峡网的网站域名
海峡都市报
海峡都市报记者海都君
海市蜃楼
海市蜃楼出现
海市蜃楼出现在琶洲展馆
海市蜃楼现象
海市蜃楼真实发生
海市蜃楼美景
海平门超市
海底火山
海底火山暴发
海底火山爆发
海底石油全冒出来啦
海底石油冒出
海底破水而出
海怒症
海技84来的三
海水
海水倒灌
海江坝交通安全执法服务站
海江市公安局公共分局太平派出所
海洋主题
海洋梦想秀
海洋馆实验室温泉小镇设计041186837776
海湾
海湾地区
海燕
海盗吗？？
海立方 海洋梦想秀
海纳百川 有容乃大
海纳贝尔化工有限公司
海纳贝尔化工有限公司格雷车间
海绵或泡沫填充现象
海警
海豚
海豚出没
海豚在运河中游动
海豚游动
海豚现身市区运河
海豚进入城区河道
海豚重返
海豚重返威尼斯
海贝思
海边
海边出现众多尸体
海边建筑瞬间化为灰烬
海边拍摄并使用特效处理
海边特效而已
海限合州
海鲜
浸水配电设施
浸泡
涂伟伟
涂山镇派出所工作人员
涂抹过量润滑剂
涂抹过量润滑剂所致
涂油致动说
涂油解释
涂油解释牵强
消化内科副主任医师
消化内科副主任医师沈宗林
消息不完全属实
消息人士
消息可靠不
消息来源
消息被否定
消毒、涂药
消毒作业行为
消毒剂
消毒剂可在一分钟内杀死病毒
消毒剂在一分钟之内就能杀死病毒
消毒剂对人体有毒不可注射
消毒剂杀死病毒说法
消毒措施真实性
消毒水
消毒水伤害
消毒细节
消毒酒精的安全管理
消灭病毒
消耗3头猪8只鸡33只鸭
消耗粮食
消耗肉类
消耗食物包括
消费欺诈行为
消费款项
消费者
消费者 THE CUSTOMER
消费避坑&生活窍门
消费避坑与生活窍门
消防
消防人员
消防人员到达现场
消防人员赶赴现场
消防兵
消防出动4个中队共11辆车赶赴现场救援
消防力量
消防单位
消防博物馆
消防员
消防员与民警协作
消防员为人民的守护神
消防员冒死救援
消防员动容落泪
消防员勇士们保护好自己
消防员在雨中睡着
消防员好样的
消防员孙络络
消防员孙络络在救火中因建筑坍塌牺牲
消防员安全
消防员小哥哥们平安归来
消防员巧妙利用铲车成功救援
消防员席地而睡场景
消防员平安
消防员平安祈愿
消防员徒手挖掘
消防员扑救火灾中壮烈牺牲年仅19岁…
消防员救人
消防员易文斌
消防员生活
消防员的慰问
消防员的祝福
消防员的致敬
消防员的英勇行为
消防员的责任担当
消防员睡着画面
消防员肩膀
消防员致敬
消防员英勇行为
消防员落泪情绪
消防员行为
消防员行动
消防员被烈焰吞噬
消防员要注意安全
消防员辛苦了
消防员高喊：不用拉我拉她
消防和警方
消防处置策略
消防大队
消防大队已赶赴现场救援
消防安全
消防安全与救援力量
消防安全意识
消防安全提醒
消防安全浙里由我守护
消防安全知识
消防安全管理提醒评论
消防安全重要性
消防官兵
消防官兵安好
消防工作的重要性
消防战士一定注意安全
消防战士行为
消防指战员
消防指战员与楼上人员
消防救援
消防救援事件
消防救援人员
消防栓损坏漏水事件
消防栓接水延误
消防演习
消防监管缺位
消防知识
消防等救援力量
消防等相关部门
消防等部门
消防紧急救援
消防紧急营救
消防装备防护
消防车到场救援
消防车声响
消防车是否应加装休息床铺
消防车辆
消防部门
消防部门及时
消防部门提供
消防阀门
消防队：这是我受到的最大的侮辱
消除
消除公众对视频真实性与完整性的误解
涉事2人
涉事事件
涉事交警后续处境
涉事产品
涉事人员
涉事人员未道歉
涉事人员身份
涉事人地址
涉事人身份
涉事企业
涉事企业主要责任人
涉事企业负责人
涉事企业负责人已被控制
涉事住户李女士的妻子
涉事保时捷
涉事僧人
涉事僧人行为
涉事僧人被批评教育
涉事公交车
涉事冲突
涉事区域
涉事厂房
涉事双方
涉事双方带至派出所
涉事司机
涉事地点
涉事城管
涉事外卖员
涉事大货车司机
涉事女司机
涉事女子
涉事女子背景
涉事学校
涉事学生品德
涉事工作人员
涉事工作小组
涉事工厂名称
涉事手机品牌
涉事教师
涉事教师已被逮捕
涉事方公开道歉
涉事方赔偿精神损失
涉事机车
涉事民辅警
涉事游客
涉事父母是否被追究法律责任
涉事男子
涉事美团骑手
涉事老人身体状况
涉事老虎
涉事老虎系马戏团驯养
涉事者
涉事肉联厂
涉事船只
涉事视频或照片
涉事警员
涉事警察
涉事警车
涉事警车驾驶人
涉事货车实载重量
涉事超市名称
涉事超载货车
涉事车次
涉事车辆
涉事车辆行为
涉事食堂承包方
涉事马戏团
涉事马戏团负责人之子
涉事驾驶员踪迹
涉事驾驶舱部分螺丝已生锈
涉及产品质量与诚信
涉及寻衅滋事罪
涉及抢劫罪
涉及聚众斗殴罪
涉及警察行动场景
涉嫌殴打他人
涉嫌遗弃致死
涉恶团伙
涉恶团伙成员
涉恶团伙案件
涉案人员
涉案人员全部
涉案嫌疑人
涉案犬只
涉案犯罪嫌疑人
涉案车辆
涉水路面
涉水路面切勿冒险不是每次都这么幸运
润滑剂
润滑油涂抹过多所致
涨水
涨水导致
涨知识
涨知识 奇闻奇事 dou出新知
涪江
涪江、嘉陵江交汇区域
涪江五桥
涪江五桥落水车辆
涪江五桥落水车辆和被困人员
涪江五桥附近现场
涪江大桥
涪江大桥上下行线
涪江水位下降
涪江水位下降相关安全警示
涪江水位下降露出河床 大朋友小朋友 请注意安全 远离危险
涪江水域
涪江特大洪水
涮羊肉调侃
液化气槽罐车
液化气罐
液化气罐未关闭风险
液化气罐起火
液化气罐起火事件
液化气罐起火险情
液化气罐阀门
液化石油气槽罐车
液化石油气槽罐车爆炸
淀粉与蛋白质糊化现象
淀粉和面筋的正常反应产物
淄博一院内
淄博厨房火灾事件
淄博某小区
淄博某小区一户居民厨房
淄博某小区六楼
淄博某小区因使用酒精消毒引发火灾
淄博某小区液化气罐起火消防员从6楼抱火转移至1楼灭火
淄博消防
淄博第一高楼
淄博高新区柳泉路与万杰路交叉口附近一处院内
淋巴组织
淋巴肉
淘宝
淡化中国及马云的人道主义贡献
淡定垂钓
淡定生活
淡定走上救护车描述
淤伤
淮、阴
淮北吉迅房产
淮北市传媒中心
淮安市公安局
淮安市副市长兼公安局长
淮安市市长
淮安派出所
淮安涟水县
淮海战役又打响了
淮阴碧桂园凶杀案
深入开展事故原因调查
深具影响力的新闻团队
深刻反思并诚挚致歉
深南中路某桥墩
深南中路某河
深圳
深圳、佛山等地
深圳东门ATM机
深圳东门ATM机被山竹吹倒导致现金飞散
深圳东门最旺步行街
深圳东门最旺步行街取款机被山竹台风吹倒了现金一叠叠飞出来了
深圳东门步行街
深圳东门步行街一家银行门口
深圳东门步行街一家银行门口一箱人民币尚未抬上押运车即被刮跑
深圳东门步行街一家银行门口一箱人民币被台风刮跑
深圳东门步行街一家银行门口一箱人民币被台风刮跑正文中
深圳东门步行街一家银行门口一箱人民币还没来得及抬上押运车就被刮跑
深圳东门步行街一银行门口
深圳东门步行街一银行门口押运箱
深圳东门步行街刚刚一家银行门口一箱人民币还没来得及抬上押运车就被刮跑了富贵险中求有没有组队去捡钱的
深圳东门步行街某银行门口
深圳东门步行街银行押运箱被吹翻一箱人民币散落
深圳东门步行街银行门口押运箱被吹翻事件
深圳东门的ATM机被吹翻了满地钱
深圳儿童医院
深圳儿童医院竟然要10多万
深圳南山区
深圳卫视
深圳卫视正noon30分
深圳卫视正午30分
深圳卫视正午30分栏目
深圳卫视正午30分栏目组
深圳商圈优惠
深圳商圈促销政策
深圳商报
深圳城事
深圳将于明年1月1日起开征房地产税
深圳市
深圳市某村
深圳开征房地产税传闻
深圳明年开征房地产税
深圳明年开征房地产税可能性基本为0
深圳明年开征房地产税？可能性基本为0
深圳晚报消息
深圳机场
深圳机场波音747与直升机无人机碰撞迫降
深圳核酸检测酒店供不应求
深圳楼市打新乱象
深圳气温
深圳湾口岸
深圳湾口岸12月1日至4日累计出境人数
深圳湾口岸入境大厅
深圳湾口岸出境人数激增
深圳湾口岸客流激增事件
深圳湾口岸每日出境人数
深圳热门景区活动
深圳龙华
深圳龙华卡车刹车失灵连撞5车致2死
深圳龙华无关
深圳龙岗某餐饮店
深夜
深夜快递栏目官方账号
深夜自行运动
深夜自行运动现象
深夜轿车翻入河道危机时刻他们来了
深度 温度 思想
深度昏迷
深度昏迷状态
深度调查中
深情相拥
深情相拥事件
深感痛惜
深报视听
深水
深水区
深水区域
深深鞠了一躬
深深鞠躬致谢
深色狗
混乱
混乱不实
混乱且缺乏信源支撑
混乱状态
混乱表述
混乱重复的正文内容
混淆
混淆性文字
混淆或虚构情节
淹惨了
淹死一名六岁儿童事件
添乱一线救援人员
添加了胶
添加絮凝剂
添加胶质
添正交
清华大学教授
清原满族自治县大苏河乡
清原满族自治县大苏河乡首次发现时间
清宁
清扬派出所联系方式
清明那天
清晚报
清晨五点
清晨听到巨大声响的用户
清晰影像证据
清朝时期
清江浦区人
清河是否有类似政策
清洁消毒
清洁防疫措施
清洗后蔬菜与土豆放置场地不规范
清洗场地不规范
清洗消毒后减价出售衣物
清洗肺部可能对肺部有明显效果
清洗面粉时出现类似口香糖的胶状物
清淤工作完成
清淤工作完成后
清澈见底
清点人数
清理化粪池的司机
清理和拆除作业
清理完成情况
清理效果
清理残枝落叶行动
清理漏水
清者自清
清配
清静、空气新鲜休闲好地方
渔政部门
渔民
渔民索利欣
渔船
渔船互殴
渔船冲突及持刀对峙情节
渔船冲突场景
渔船冲突情节
渗漏水
渗漏点
渝北区松北支路
渡劫
渡劫奇观
渡劫成功
渣土车违规倾倒垃圾
渤海之滨黄河之州
温哥华
温岭
温岭市人民政府新闻办公室
温岭槽罐车爆炸事故
温岭槽罐车爆炸事故报道
温岭槽罐车爆炸瞬间曝光相邻村子房顶被掀翻19人遇难｜DV现场
温岭油罐车爆炸事故
温岭油罐车爆炸瞬间一片火海 小轿车死里逃生画面曝光
温州
温州公安官方抖音号
温州公安点赞
温州南汇小区
温州南汇小区事件
温州南汇小区楼上扔烟头导致楼下着火
温州南汇小区真实事件
温州南汇小区高空抛物事件
温州大水库都放空了
温州女子当街遭丈夫和公公家暴男方称其出轨警方这样通报
温州市公安局龙湾区分局
温州市龙湾区永中街道绿城海棠湾西门路口
温州男子
温州男子因女友出轨当街暴打
温州男子当街殴打女友
温州草根新闻
温州警方
温州都市
温州～永嘉瓯北麻山水库
温带气旋
温情救助
温普口吻调侃社会现状
温暖
温暖亲情的真实故事
温暖守护
温暖感人的一幕
温暖正能量
温暖行为
温柔
温莎大学
温顺、无脾气、易于照料
温馨提示
温馨提示:下雨天过横道线不可踏上斑马线的白漆面
温馨提示:下雨天过横道线不可踏上斑马线的白漆面非常滑
温馨提示内容
温馨提示小地图
温馨提示小地图举措
温馨提示小地图电子版
温馨提示：今晚七点左右市区会把所有的井盖全部打开以便排水您如外出或者开车时一定注意大家没什么事尽
温馨提醒广大家长
温馨画面讨论
渭南广播电视台
渭河流域
港人
港人认为内地防疫更安全
港人返内地的原因之一
港口区域
港口区域几乎被完全摧毁
港口区已化为焦土
港媒
港媒报道内容
港媒消息
港媒：内地女在港警扫黄行动中被捕确诊新冠致10名工作人员隔离
港媒：内地女在港警扫黄行动中被捕确诊新冠致多名工作人员被隔离
港澳地区外国人组团入境广东144小时免签政策
港理大校长拒与戴口罩毕业生握手网友：这是没脸毕业？自取其辱
港理大校长滕锦光拒与戴口罩毕业生握手
港股阿里早盘
港警执法中
港警执法过程
渲染与误导嫌疑
渲染中美对抗情境
渲染传播
渲染困境
渲染性文字和图片暗示
渲染悲剧氛围
渲染悲情氛围
渲染悲情色彩
渲染情感氛围
渲染情绪
渲染灾情画面
渲染现场景象
渴望和平的表达
游1500米
游乐场安全性
游乐场安全监管
游乐设备骤停
游乐设施
游乐设施下陷致8岁女孩身亡
游乐设施突然停运
游击队 d J
游客
游客不得自带香火
游客为乘车撕扯拽辫子事件
游客之间发生打架事件
游客争抢乘车位置
游客争抢乘车位置现象
游客亲属签证绿色通道
游客人数激增
游客停止投喂所致
游客办理落地签或加急签证
游客可以免费摘橘子
游客喂鹿吃口罩
游客喂鹿吃口罩事件
游客喂鹿吃口罩描述
游客因抢坐车
游客安全
游客必须在庙内购买香火方可烧香
游客投喂口罩事件
游客投喂行为
游客携带外部香火进庙拜佛
游客数量激增
游客生命财产安全
游客疑似向动物投喂口罩事件
游客疑似给动物喂口罩
游客疑似给动物喂口罩所幸被及时制止
游客疑似给动物喂口罩被制止
游客真实体验讨论
游客给动物喂口罩事件
游客给动物投喂口罩
游客给动物投喂口罩事件
游客自带香品
游客行为不当
游客随意采摘橘子
游山玩水
游戏GTA5画面
游戏公司
游戏模拟
游戏画面
游戏画面误传
游戏策划
游戏策划、运营类工作
游戏策划岗位
游戏运营
游戏运营岗位
游泳圈
游泳渡河
游涡视频
游船倾覆事故
游船翻沉事故
游蛇
游蛇在水中移动
游街示众
游遍大江南北吃遍整个广州花城咖带你玩转羊城
游遍大江南北吃遍整个广州花城咖带你玩转羊城!
游长江
游长江发布
渺茫
湍急
湖中
湖北
湖北 疫情话题
湖北1 红绿灯路口弹射起步 江南大道（将军路口）
湖北40余天
湖北40天
湖北一公交车
湖北一家9口探亲滞留40天吃掉亲家3头猪、30多只鸭、几百斤米
湖北之声
湖北九头鸟
湖北九头鸟变脸
湖北九头鸟变脸视频
湖北亲家
湖北亲家处
湖北亲家家中
湖北亲戚家
湖北亲戚家中
湖北人不容易
湖北人民
湖北人民不一定爱吃羊
湖北今年真不容易
湖北公交车司机
湖北公交车司机突发疾病晕倒前安全停车乘客不愿离开暖心援救
湖北出现神奇变脸鸟摄影师62天拍到其变脸视频
湖北加油
湖北加油愿平安
湖北十堰
湖北十堰一木材加工厂
湖北十堰一木材加工厂火灾
湖北十堰公交司机
湖北十堰发生爆炸事故致37人重伤、11人死亡并标注突发
湖北十堰发生爆炸官方回应初步判断系燃气引起救援人员已赶赴现场
湖北十堰市张湾区艳湖小区
湖北十堰木材加工厂附近楼房
湖北十堰燃气爆炸事故
湖北十堰燃气爆炸事故信息
湖北十堰燃气爆炸事故实施挂牌督办
湖北十堰燃气爆炸事故现场
湖北十堰燃气爆炸事故相关信息
湖北十堰爆炸事件
湖北十堰爆炸事故
湖北十堰爆炸事故信息
湖北十堰爆炸事故已致11人死亡 37人重伤
湖北十堰爆炸事故救援行动
湖北十堰爆炸事故救援进展
湖北十堰爆炸事故的反应
湖北十堰爆炸事故致37人重伤、11人死亡
湖北十堰艳湖社区燃气爆炸事故
湖北十堰艳湖社区集贸市场
湖北博闻君
湖北卫视
湖北卫视长江新闻号
湖北地区维权求助
湖北地区维权求助可在3个工作日内获得帮女郎联系
湖北地区维权求助可拨打帮女郎热线027-87333333
湖北天门
湖北天门一化工厂爆炸事件
湖北天门一化工厂爆炸致5死1伤现场不明黄烟弥漫
湖北天门一辆载六人小轿车
湖北天门环江河
湖北威宁美立芳容会所
湖北宜昌
湖北宜昌三峡坝区
湖北宜昌惊现三峡水怪
湖北宜昌惊现三峡水怪随波摆动
湖北广国电视台
湖北广播电视台
湖北广播电视台湖北之声官方号
湖北广播电视台（HBT）官方新媒体
湖北广电电视台
湖北恩施
湖北恩施州
湖北恩施州建始县
湖北恩施州建始县普降暴雨
湖北恩施州建始县暴雨
湖北恩施建始县
湖北恩施建始县内涝
湖北恩施建始县城区
湖北恩施建始县暴雨引发严重内涝
湖北恩施建始县暴雨引发严重内涝消防部门紧急转移被困群众愿平安
湖北恩施建始县暴雨灾害
湖北恩施建始县洪水
湖北恩施建始县洪水已致5死1失联
湖北恩施建始县洪灾
湖北恩施建始县洪灾事件
湖北恩施建始县洪灾已致5死1失联
湖北恩施降雨引发内涝事件
湖北挺住
湖北探亲
湖北新闻
湖北日报传媒集团
湖北日报传媒集团旗下的全媒体资讯服务平台
湖北日报快手官方平台
湖北日报荆楚网官方号
湖北最新通报
湖北松滋
湖北松滋亲戚家
湖北松滋村书记
湖北松滋村委
湖北松滋陈店镇陈店村
湖北松滋陈店镇陈店村一户人家
湖北武汉
湖北武汉人
湖北武汉府河
湖北武汉长江段
湖北消防恩施支队
湖北温州人
湖北温州人全部住帐篷
湖北灾情
湖北电视综合频道
湖北省
湖北省十堰市
湖北省十堰市张湾区艳湖小区集贸市场
湖北省十堰市张湾区艳湖社区集贸市场
湖北省十堰市某房地产公司
湖北省天门市
湖北省天门市岳口镇
湖北省天门市岳口镇一化工厂
湖北省建始县
湖北省建始县花坪
湖北省建始县花坪出现罕见变脸鸟
湖北省恩施州建始县
湖北省武汉市
湖北省消防总队恩施支队
湖北省美术家协会会员
湖北秭归
湖北秭归人
湖北经视
湖北经视记者孙慧
湖北荆州
湖北荆州两湖市场兄弟王中王
湖北荆州松滋市陈店村夏花容之子
湖北荆州松滋市陈店村村委会
湖北荆州松滋市陈店镇
湖北荆州某家具厂
湖北荆州某家具厂失火
湖北荆州某家具厂火情
湖北荆州某高校围墙外
湖北荆州某高校围墙外惊现弃婴 知情人：孩子头都摔破了
湖北荆州高新区女子
湖北荆州高新区某家具厂
湖北襄阳民警抓捕抢劫嫌疑人这个抱腿顶摔太帅了为战友点赞了不起的守护者
湖北襄阳老河口市化工厂爆炸
湖北黄石
湖北黄石市
湖北黄石市街头垃圾桶
湖南
湖南15岁孩子为要钱砍死奶奶
湖南15岁少年
湖南15岁男生
湖南一人行道偏坡塌方2人被埋身亡监控拍下事发瞬间
湖南一山体发生滑坡老人被泥石掩埋仅头部露在泥潭外动弹不得幸被救援人员救出
湖南保靖县
湖南保靖县迁陵镇魏竹南路一道路边坡
湖南保靖县迁陵镇魏竹南路塌方事故
湖南保靖县迁陵镇魏竹南路塌方事故相关
湖南冷水江
湖南冷水江一位气功大师
湖南冷水江市
湖南冷水江市洪水事件
湖南冷水江市洪水旁翻滚打坐念念有词
湖南冷水江有人宣称以气功发功退洪水
湖南冷水江气功大师
湖南冷水江气功大师发功退洪水
湖南冷水江气功大师在河岸边试图发功击退洪水事件
湖南发布预防学生溺水动漫宣传片
湖南口音
湖南地产公司项目负责人被妻子举报与女同事出轨 碧桂园：停职
湖南娄底新化县洋溪镇上龙村院落组
湖南山体滑坡六旬老人被埋眼看要被淹没消防员徒手刨泥挖出生命通道致敬消防员
湖南岳阳
湖南常德
湖南常德一对夫妻
湖南常德一对小夫妻
湖南常德人
湖南常德吧？河南没有个常德
湖南常德夫妻床上充电引发火灾致两孩死亡
湖南平江
湖南平江近两千亩稻田绝收
湖南广电金鹰之声官方抖音号
湖南张家界
湖南张家界市慈利县赵家岗土家族乡新安村
湖南张家界普降暴雨
湖南张家界普降暴雨引发
湖南张家界暴雨
湖南张家界暴雨事件
湖南张家界赵家岗土家族乡新安村学校
湖南张家界赵家岗土家族乡新安村学校受灾学生溺水
湖南张家界赵家岗土家族乡新安村小学
湖南怀化
湖南慈利县赵家岗乡新安村学校
湖南慈利县赵家岗乡新安村学校墙体被冲毁事件
湖南慈利学生被洪水冲走
湖南新化
湖南新化县
湖南新化山体滑坡、多人被埋
湖南新化山体滑坡多人被埋
湖南新化山体滑坡致民房内两老人被埋
湖南权威主流媒体
湖南气功大师发功退洪水事件
湖南气功大师发功退洪行为
湖南永州新田县毒豆腐事件
湖南浏阳市山体滑坡事件
湖南浏阳市澄潭江镇碧溪烟花制造有限公司一车间
湖南浏阳市荷花街道涂家冲
湖南浏阳市荷花街道涂家冲山体滑坡事件
湖南浏阳烟花厂爆炸
湖南浏阳烟花厂爆炸 已致7死13伤
湖南消防
湖南湘潭
湖南湘西8岁女孩阿梅
湖南湘西8岁女孩阿梅患急性髓细胞白血病...
湖南湘西一名8岁女孩
湖南省
湖南省发生骄生惯养爷爷奶奶溺爱孙子奶被杀死爷爷被砍伤干真万确的事
湖南省司法厅普法依法治理处
湖南省张家界市
湖南省张家界市慈利县赵家岗乡新安村
湖南省张家界市赵家岗土家族乡新安村
湖南省浏阳市
湖南省浏阳市荷花街道涂家冲村
湖南省浏阳市荷花街道涂家冲村山体滑坡事故
湖南省湘西州保靖县迁陵镇魏竹南路
湖南省湘西州保靖县迁陵镇魏竹南路塌方事故
湖南省衡南县
湖南省邵东县工业品市场二期故意杀人案
湖南省醴陵市
湖南籍
湖南美好推荐官
湖南老头长角
湖南邵东
湖南邵东 民警跨省抓捕犯罪嫌疑人发现家中只剩10岁儿子照顾瘫痪在床的爷爷民警掏出身上所有的钱……
湖南邵东一女子
湖南邵东一女子及其儿子
湖南邵东一女子的儿子
湖南邵东及跨省抓捕地
湖南邵东廉桥派出所
湖南邵东民警
湖南邵东黄陂桥卫生院酒精消毒引发火灾
湖南邵阳案件
湖南邵阳陈女士
湖南都市频道
湖南醴陵
湖南醴陵一花炮厂
湖南醴陵一花炮厂凌晨爆炸事件
湖南醴陵一花炮厂发生剧烈爆炸
湖南醴陵一花炮厂爆炸
湖南醴陵一花炮厂爆炸无人员受伤
湖南醴陵鞭炮厂
湖南醴陵鞭炮厂爆炸100多人被炸死
湖南醴陵鞭炮厂爆炸百人被炸死
湖南长沙
湖南长沙一小区
湖南长沙一小区天降30000块钞票雨
湖南长沙一男子跳桥事件
湖南长沙一男子跳桥事件报道
湖南长沙某高架桥
湖南长沙游乐设施突然停运致34名游客滞留高空
湖南长沙芙蓉路波隆立交桥北往东方向
湖南长沙陈女士晾被子时抖落万元现金：一定是我家那个死鬼藏的私房钱
湖南防汛救援事件
湖南麻阳
湖卫生院
湖塘某小区
湖塘某小区酒精消毒引爆炸
湖州有谁敢慧我们
湖州长兴地区
湖州项王公园
湖州项王公园两女子殴打一女子
湖底、河道清淤的重要性体现出来了
湖桃源
湖水深度
湖视频
湘府路大桥
湘湘投稿库
湘遇美好生活
湘遇美好生活新湖南邀你一起来happy
湘雅医院
湛江人
湛江宵夜店被砸事件
湛江市广播电视台
湛江市广播电视台官方抖音账号
湛江市麻章区太平镇
湛江市麻章区太平镇多家夜宵档口
湛江市麻章区太平镇夜宵档
湛江某宵夜店被砸
湛江某宵夜店遭打砸事件
湛江群众
湾沚区厂房火灾
湾湾说是假的打开弹仓就看见了里面的5号电池
湿滑特性
湿滑白漆面
湿滑的斑马线白漆面
溃坝
溃坝事件
溃坝事故
溃堤
溃堤事件
溺亡
溺亡事件
溺水
溺水 科学研习所
溺水事故
溺水事故真实发生
溺水自救手环
溺水险境
溺爱
滁州
滁州与长沙不符
滁河泄洪
滁河泄洪巢湖水倒灌柘皋无处泄了
滑倒
滑倒事件
滑倒事故
滑倒致死事故
滑倒落水
滑入深水区
滑坡体
滑板
滑板公园
滑落
滑落的建材
滑雪圆舞曲动物也疯狂想去瑞士像鸵鸟一样放飞自我吗？
滑雪能力
滑雪能力远超国家级运动员
滕县
滕州
滕锦光
滕锦光拒绝与戴口罩毕业生握手
滕锦光拒绝与戴口罩的毕业生握手
滕锦光拒绝握手
滕锦光有原则有气场
滚下去
滚石灾害导致交通事故
滚落于陡坡
滚落棺材
滞留
滞留40天
滞留事件
滞留人员
滞留人员数量
滞留人员构成
滞留人数构成
滞留在急诊室
滞留家庭
滞留情况
滞留时间
滞留期间
滞留期间发生的行为
滞留期间同住总人数
滞留期间消耗
滞留期间消耗物资包括
滞留期间消耗食材
满嘴跑火车
满地碎石残渣
满天飞钞现象
满满的正能量
满满的爱万物有灵性
满级人类
满背纹身
满背纹身的你们还好么😂🤣
满脸的血美团小哥甩棍猛砸商家头部只因为这件事
满足除生娃外的所有需求
满载澳洲华人捐赠的防疫物资
漂亮
漂亮且高度拟人化
漂亮太漂亮了舒服等评论
漂亮老天开眼了
漂亮评论
漂泊他乡的游子
漂浮物误判
漂移楼房事件
漂移行为
漏下去表述
漏到楼下表述奇怪
漏水
漏水设备
漏电
漏雨情况
演习
演习或模拟拍摄
演习结束评论
演出仅5分钟且排队四小时
演出时间仅持续5分钟
演员
演员一龙
演员上台忘了穿裤子
演员上台忘了穿裤子事件
演员出演的评论
演员吧
演员张丰毅的孙子得了狂犬病
演员王宝强
演唱会时明星喊下面的朋友你们好吗原来早知道下面是蜀王府
演唱会明星问候语调侃
演戏什么动作都用的出来
演的好
演练
演艺的人生人生的演绎
演艺的人生人生的演绎评论
演讲上台瞬间
演讲时间
演讲现场
漫水封道
漲太快了吧沒發現嗎？
漳州
漳扎片区
漳扎片区河水
漳扎片区河水暴涨
漳扎片区道路
潇湘晨报
潇湘晨报发布
潇湘晨报发布的正文内容
潇湘爱报
潇潇神骏
潍坊
潍坊太牛了
潍坊太牛了评论
潍坊市
潍坊市格林蓓贝少儿舞团谢老师
潍坊广播电视报官方账号
潍坊广播电视报官方账号 合作加V:wf1314520668899
潍坊应急
潍坊本地事务
潍坊职业学院滨海校区（二期）项目4号楼
潍坊风筝节
潍坊风筝节小孩被风筝拉上天颈椎断了
潍坊风筝节无关
潍坊风筝节期间安全事故
潍坊高新融媒
潘亮
潘文秀
潘某华
潜在价值近160亿
潜在头部撞击风险
潜在火灾风险源
潜射弹道导弹技术突破
潜水员
潜水员吓得不知所措
潜艇护航
潜逃
潜逃当中
潮客平台
潮新面
潮汐车道
澄江群众
澄清谣言
澎湃新闻
澳大利亚
澳大利亚上千只考拉死亡
澳大利亚东南部林火
澳大利亚山火
澳大利亚山火导致海滩
澳大利亚山火描述
澳大利亚山火数据引用
澳大利亚山火期间天空
澳大利亚山火浓烟
澳大利亚山火灾害
澳大利亚山火相关信息拼接
澳大利亚山火过火面积
澳大利亚抢纸事件为引子
澳大利亚昆士兰大堡礁女子坐石上跳水事件
澳大利亚昆士兰大堡礁海域
澳大利亚昆士兰大堡礁海域潜水员目击事件
澳大利亚林火
澳大利亚林火持续肆虐
澳大利亚林火相关文本
澳大利亚林火相关文本发布者
澳大利亚野生动物生存状况
澳洲
澳洲一中国女子闯红灯被警察当街击毙
澳洲华人
澳洲华人发起购票后将物资放置于个人座位运回国内
澳洲华人捐赠救援物资
澳洲华人无偿捐赠的防疫物资
澳洲大火导致2万余只考拉死亡考拉正面临功能性灭绝
澳洲大火让全国陷入燃烧
澳洲大火让全国陷入燃烧引发
澳洲大火让全国陷入燃烧让考拉功能性灭绝
澳洲山火
澳洲山火 考拉
澳洲山火后植被恢复
澳洲山火导致考拉面临功能性灭绝
澳洲山火引发
澳洲山火焦土
澳洲山火致上千只考拉被烧死考拉或面临功能性灭绝
澳洲考拉
澳洲考拉因山火失去80%栖息地
澳洲考拉正面临功能性灭绝
澳洲考拉正面临功能性灭绝求救声令人心疼
澳洲考拉面临功能性灭绝
澳洲考拉面临功能性灭绝 求救声令人心疼
澳男子
澳男子为抢纸竟拔刀相向 多国因疫情爆发囤货潮
激光
激光武器吊舱
激光武器实战画面
激光武器实际应用
激动与自豪之情
激动之情
激动人心的瞬间
激动痛哭
激励语句
激愤
激昂
激昂爱国情感
激昂配音
激烈
激烈争抢画面
激烈冲突
激烈打斗
激烈批判态度
激烈言论
激烈讨论
激素和化疗药物
激素和化疗药物治疗
激素存在证据
激素所致
濒死的惨叫声
濒死的惨叫声被记录在黑匣子中
火光
火光冲天
火光冲天现象
火势
火势严重、森林恢复困难
火势已被扑灭
火势明显
火势猛烈
火势蔓延
火势被消防部门及时控制未造成人员伤亡
火化后送回原籍
火化处理
火化政策
火场
火场位置
火场扑救
火场指定地点集结
火场支援
火好大
火山
火山爆发
火山爆发事件
火山爆发声称时间
火山爆发时间
火山爆发猜测
火已灭
火情
火星
火星上的彩照
火星上的彩照来了
火星地形地貌图
火星地形地貌图像
火星地形地貌影像图
火星地表影像
火星地表状况
火星地表真实风景
火星巡视探测
火星影像清晰度
火星环绕
火星真实地貌
火星着陆
火星空域编队飞行
火星自拍
火星自拍首秀
火星菜市场
火星表面
火星表面彩色照片
火星表面首幅地形地貌图
火星车
火星车与着陆平台合影
火星车与着陆平台的自拍合影
火星车导航地形相机360°环拍后校正拼接而成
火星车移动过程
火星车自拍画面
火星车自拍视频
火星车行驶至着陆平台东偏南60°方向拍摄
火星车行驶轨迹
火海一片
火灾
火灾、地震等自然灾害
火灾事件
火灾事件描述
火灾事故
火灾信息
火灾具体情况
火灾原因
火灾发生
火灾发生时
火灾发生时间
火灾可能由取暖器未关闭引发
火灾地点
火灾处置过程
火灾威胁
火灾并引发爆炸
火灾影响情况
火灾扑救过程中
火灾救援事件
火灾救援信息
火灾救援新闻事件
火灾救援正文
火灾无人员伤亡
火灾未造成人员伤亡
火灾涉及地点
火灾爆炸
火灾现场
火灾现场浓烟滚滚
火灾现场画面
火灾现场视频
火灾现场附近
火灾相关信息中
火灾相关情况
火灾相关报道
火灾突发事件
火灾详情
火灾通报
火灾险情
火灾隐患突出
火灾频发需加强防范
火炬大厦
火焰引燃了井盖下边的沼气
火焰蓝
火焰蓝守护平安
火爆农化招商网
火狐狸
火狐狸图像
火狐狸现象
火狐狸现象进行辟谣
火球
火真大
火神台出车祸
火神台车祸现场
火神山医疗队
火神山医疗队入驻
火神山医疗队入驻广州荔湾鹤洞加油广州💪
火神山医疗队入驻荔湾鹤洞
火神山医疗队入驻荔湾鹤洞广州加油
火神山医疗队入驻鹤洞
火神山医疗队入驻鹤洞的评论
火神山医疗队入驻鹤洞那边了
火神山医疗队入驻鹤洞那边啦祖国不会让广州沦陷
火神山医疗队迅速进驻广州高风险区——白鹤洞街
火神山医疗队进驻广州白鹤洞
火神山医疗队进驻广州鹤洞街
火神山医疗队进驻白鹤洞街
火神山医疗队进驻鹤洞小区
火神山医疗队进驻鹤洞小区广州加油荔湾加油
火神山医疗队进驻鹤洞街
火箭军
火腿迎客宴
火花四溅
火花塞碎片
火苗
火葬/土葬能力不足问题
火葬场太简单点了吧
火葬死者场景
火车
火车临近时该男子无闪躲动作
火车司机
火车司机为平凡英雄
火车司机倒车行为
火车司机无奈倒车
火车安全通过
火车撞了人男子上前看热闹死者竟是自己父亲
火车没有鸣笛吗？
火车站周边八家饭店
火车站砍头事件南湖外卖小哥杀人事件这才过了几长时间
火车被迫倒车
火车被迫倒车事件
火车车次HXN50650
火车驶来时男子未及时闪躲
火锅
火锅 西子
火锅东门美食
火锅东门美食信息
灭法时代
灭活新冠病毒的方法
灭火器
灭火器未能及时使用
灭火救援任务
灭火救援行动
灭蝗
灭蝗奇兵
灭蝗界中的奇才
灭蝗行动
灰尘
灰尘入眼感
灰机
灰烬
灰色地带
灰色才不会抓拍
灰色打底
灰色打底+喷涂伪装
灰鸽子
灰鸽子和熊猫烧香比较, 无事实依据
灰黑色浓烟
灵堂
灵官楼
灵官楼火灾
灵宝市长安路北32米处
灵山的野猴
灵异事件可能性
灵异猜测
灵异现象展开讨论
灵异现象讨论
灵异色彩
灵武市
灵武市2021年度首批公租房抽签分配
灵武市融媒体中心
灵江江水
灵活工作制度
灵活工作地点
灵活工时
灵活着装
灵魂之雾
灵魂出窍了哪还敢坐
灵魂拷问时间：天降百元大钞你会怎么做呢？
灾区
灾区车辆损毁问题
灾害严重性
灾害事件
灾害发生后
灾害后果
灾害天气自然景观
灾害无情、希望他们都能无伤归来
灾弹演习
灾情
灾情严重
灾情中的乐观情绪
灾情信息
灾情场景
灾情描述
灾情现场
灾情现场情况
灾情细节
灾情自救工作
灾情询问与公众祈愿
灾难声明
灾难太多了祈求平安
灾难性后果
灾难成因
灾难无情人有情
灾难无情人间有爱
灾难无情啊
灾难无情啊评论
灾难氛围渲染言论
灾难面前人人平等
灾难面前人人自救湖北人加油
灾难面前人类是多么渺小愿天佑中华大地
灾难面前应脚踏实地
炎炎夏日有你真甜
炒作与吸引流量
炒作或误传
炒作网络信息
炒作行为
炒菜亚硝酸盐含量
炒菜半小时后亚硝酸盐含量
炖煮过程
炖至酥烂
炫富行为
炫富飙车行为漠视公共安全
炸弹
炸花37
炸飞的门窗及门框
点不着
点个关注不迷路线索提供请私信小编
点个关注有惊喜 爆料电话：079186865110 合作wx：18270875948
点亮爱心
点关注哦
点击下方进行投稿 ↓ ↓ ↓ ↓ ↓ ↓ ↓
点击关注
点击关注或滑动观看更多短视频
点击头像关注
点击橱窗有好货哦
点击视频左下角领取红包
点左赞啦
点播池州
点播池州发布的视频
点烟
点燃后仅融化、无火无烟
点燃报纸
点燃鞭炮扔进窨井致沼气爆炸掀飞井盖 2名儿童瞬间倒地不起
点赞
点赞与感动类情绪
点赞与民族自豪情绪
点赞中国力量
点赞关注
点赞和调侃内容
点赞法官
点赞点赞
点赞热潮
点赞符号
点赞类评论
点赞行为
点赞表情
点赞表达
点赞表达支持
烈士
烈火熊熊
烈火英雄
烘焙
烟台
烟台排水井
烟台排水井沼气爆炸
烟台排水井沼气爆炸事件
烟台某地排水井
烟台某社区
烟台某社区井盖
烟台某社区井盖上燃放鞭炮
烟台网友生活圈
烟台铁姆肯
烟台铁姆肯公司
烟台铁姆肯发生火灾有人跳窗逃生
烟台铁姆肯附近
烟台铁姆肯附近一男子
烟台铁姆肯附近跳窗男子
烟头
烟火
烟灰
烟花
烟花可消灭病毒
烟花场景
烟花燃放事件
烟花爆竹仓库爆炸
烟花爆竹仓库爆炸瞬间
烟花爆竹行业现状
烟花礼炮
烟花绽放的武汉 战疫必胜潮
烟花美景
烟花表情符号
烟花表演评论
烟花驱疫的象征意义
烟雨路
烟雾影响上饶市等情况
烤全羊调侃
烤鸭
烤鸭留言
烧伤考拉个体
烧山
烧山事件
烧成墩了
烧毁车辆并潜逃
烧烤小龙虾
烧焦味
烧香
热乎的病死猪肉流入市场
热传
热传视频
热力工地
热带播报
热心乘客
热心乘客点赞
热心公益事业关注百姓生活
热心施救行为
热心瞬间
热心群众
热心路人
热点
热点 从此发现
热点事件
热点事件深度探析推动正能量信息传播
热点信息
热点关注
热点咨询生活信息民生百态尽在您关注的那点事儿
热点新闻与民生
热点烽火台
热点聚焦类实时报道
热点视频
热点话题博取流量
热点资讯 一手掌握
热点资讯与原创新闻报道
热烈
热烈祝贺玉林福绵机场试飞成功
热烈评论反应
热熔划线机
热熔划线机作业
热熔划线机操作不当
热爱家乡宣传家乡
热爱生活 引领时尚 能量传递 不负时光
热爱生活 热爱抖音 感谢官方 感谢朋友关注
热爱生活乐观生活
热爱祖国🇨🇳 关爱同胞💃 关心家人❤️ 遵循自然🐫🐒 珍爱生命🙏🙏🙏
热爱自然 保护动物 了解动物 每天更新→带你体验人与自然和谐共生
热线
热线95060
热线电话
热线电话0571-63321919
热线：02884321999
热议
热门
热门推荐
热饺子
焕然一新
焙江二桥引桥
焙江二桥引桥被淹
焚烧杂物
焚烧汽车并潜逃情节
焚烧演示
焚烧被害人汽车并潜逃描述
焚烧车辆
焚烧车辆致人死亡事件
焦作
焦急等待
焦虑与无助
焯水处理
焰火活动
焰火活动真实性
煤气泄漏
煤气爆炸
煤气罐着火事故
煤海
煤炭
煤矿差不多了又出来金矿
煤矿差不多了又出来金矿评论
照常上课
照片2张
照片忒贵
照片来源是否为档案馆
照顾瘫痪爷爷的责任
照顾祖辈责任
煮5分钟
煮熟即可避免
煮熟即可避免观点
煮饭
煽动性假新闻
煽情和误导性质
煽情类假新闻
煽情类短视频
煽情表述
煽情话语
熊博士聊健康
熊熊大火
熊猫烧香
熔喷布
熟人作案
熟头
熟悉的乡音
熟练点赞评论
燃放
燃放了一场特殊的焰火
燃放烟花
燃放烟花行为
燃放烟花驱疫
燃放特殊烟花
燃放特需烟火
燃放鞭炮
燃新闻
燃气安全问题
燃气安全隐患
燃气引起
燃气爆炸
燃气爆炸事故
燃气爆炸事故地点
燃气调压箱服务电话95168
燃烧不着即为真口罩说法
燃烧或爆炸
燃烧测试
燃烧测试可鉴别口罩真伪
燃烧测试辨别口罩真伪的方法
燃烧测试鉴别口罩真伪
燃烧物质
燃烧物质为有机硅
燃烧的液化气罐
燃爆
燃爆事件
燃视频
燎原滨州
燎原滨州发布
燎原滨州发布的山体崩塌信息
燕山寨隧道
燕山寨隧道附近
爆发
爆料/举报热线
爆料、维权、视频投稿、求助
爆料人
爆料微信
爆料微信及热线电话
爆料或求助
爆料投稿及商务合作方式
爆料投稿渠道
爆料提交
爆料方式
爆料渠道之一
爆料热线0591-83331234
爆料热线0771-5802930
爆料联系方式
爆料联系方式及邮箱
爆料请下载小时新闻客户端钱江晚报记者团在线帮忙
爆料赢现金原创素材@我们 投稿一经采用立得100-1000元现金红包
爆料赢现金原创素材@我们投稿一经采用立得100-1000元现金红包
爆料赢现金原创素材@我们投稿一经采用立得100-1000元现金红包爆料邮箱：swds1800@163.com
爆料邮箱
爆料邮箱 sctv1tl@126.com
爆料邮箱 zjolvideo@qq.com
爆料邮箱hfwbdy@163.com
爆料邮箱shandiandouyin@163.com
爆料邮箱信息
爆料邮箱及投稿格式说明
爆满
爆炸
爆炸与火灾事件
爆炸事件
爆炸事件报道
爆炸事故
爆炸事故原因
爆炸事故情况
爆炸事故现场
爆炸产生的气浪
爆炸伤亡数据
爆炸冲击
爆炸冲击强烈
爆炸冲击波
爆炸冲击波所致
爆炸前后景象
爆炸前有污水罐体坍塌
爆炸力
爆炸原因
爆炸原因推测
爆炸发生
爆炸发生后
爆炸发生时
爆炸发生时间
爆炸可能由炸弹所致
爆炸后医院中
爆炸后物体飞天的场景描述
爆炸地点附近
爆炸声
爆炸声响
爆炸威力
爆炸威力的评论
爆炸导致结果
爆炸影响范围
爆炸性混合物
爆炸或由2750吨硝酸铵引发
爆炸时
爆炸潜在原因
爆炸火灾
爆炸物
爆炸现场
爆炸现场参与救援
爆炸现场画面
爆炸由储存在港口的2700吨硝酸铵引发
爆炸直接后果
爆炸瞬间
爆炸突然在我身后发生
爆炸起火
爆炸起火事件
爆炸风险
爆炸飞起
爆燃
爆燃事件
爆燃事故
爆爆大货车轮胎起火停在服务区轮胎爆炸
爆粗口驱赶
爆肥后的马拉多纳颠网球
爆肥后的马拉多纳颠网球视频
爆肥后颠网球
爆肥马拉多纳秀球技
爪子
爬墙
爬的高熟的快
爬窗逃生
爬高压线掏鸟窝？男子大喊：快报警救救我
爱 愛 愛
爱上北京从这里开始
爱上北京从这里开始投稿邮箱：1870376574@qq.com 合作VX：qhcbb123
爱人先爱己
爱健康运动唱跳娱乐聊新话题分享有用的
爱吃会做吃货一个
爱因斯坦
爱因斯坦三个神秘预言视觉震撼
爱因斯坦生前预告新冠
爱因斯坦生前预告新冠疫情
爱因斯坦留下三大神秘预言
爱因斯坦预言新冠
爱国主义讨论
爱国情怀
爱国情感
爱国情绪
爱国情绪渲染
爱在阳光下关爱半边天
爱太深所以越陷越深
爱奇艺
爱奇艺充过会员
爱宝贝儿
爱尚播报
爱心
爱心传递
爱心接力
爱心接力心手相牵不忘初心牢记使命
爱心接力心手相牵不忘初心牢记使命简介
爱心电台责任媒体
爱心的好交警
爱心筹款
爱心转发
爱情不分国度
爱情伟大吗？
爱情牺牲与真实性
爱拼才会赢
爱施者爱返福往者福临
爱旅游、爱美食分享旅行体验及攻略V：KZJ1999
爱每一个关注我们的人
爱烘焙·爱护肤·爱养生
爱狗人士争议
爱狗人士至今未现身
爱给网
爱车品车增长汽车知识热爱汽车文化
爱运动跑遍世界；爱旅行玩转地球；爱生活记录美好
爱迪生联合能源公司
爱钓鱼
爱青岛
父亲
父亲、母亲、弟弟和女儿
父亲双手烧伤
父亲生活困难
父子关系
父子懒惰
父母
父母、老师或警察等安全方式
父母不再孤单
父母不管教
父母太狠心
父母悲痛一生的凄惨情景
父母的孩子愿你一路走好
父母看到要哭死
父母索要28万彩礼
父母长期关押
父爱如山
爷爷
爷爷奶奶溺爱孙子
爷爷被砍伤
爷爷还在听你叫孙子自首
爹娘白养了
片面解读医疗资源挤兑现象
版权所有未经授权请勿转载
版权问题风险
牙 我想把球赛踢旁 口田c005 KN9 Seeuserin H6 P 过妈妈!
牙叉农贸市场故意杀人案
牙齿变短
牛
牛只
牛啊是个狠人能用钱解决的事都不是事
牛啊牛啊
牛奶
牛奶被冲毁
牛奶被冲毁情节
牛尿神水
牛比
牛牛牛牛牛牛牛牛好可怕呀
牛白养了
牛皮纸方底阀口袋
牛蛙
牛视频
牛逼
牛逼呢弹射起飞
牛逼评论
牛间最热点
牧鸭治蝗
牧鸭治蝗不适合巴基斯坦
物业
物业人员
物业人员对拾荒老人的暴力行为
物业人员殴打居民事件
物业人员表示曾提醒车主挪车
物业公司
物业公司和街道办事处
物业公司回应
物业公司工作人员
物业公司应承担责任
物业公司负责人进行约谈
物业单位
物业只能耗着
物业失责
物业工作人员
物业工作人员李某
物业收取停车费却拒绝赔偿的合理性
物业收取停车费就应承担责任
物业是否应承担赔偿责任展开讨论
物业现金回购
物业管理不力
物业负责人
物业责任问题
物品
物品转运目的
物理原因
物理规律
物质与精神文明进阶至二级文明
物质扶贫与精神扶贫并重
物资
物资充足
物资坐上自己的座位
物资坐座位
物资抢购现象
物资援助
物资消耗情况
物资短缺背景
物资紧张
物资调配
物资转为充足
物资转移工作
物资运输事件
物资运输行为
物资运送工作
牲畜数量、食用量、居住条件等细节
牲畜防护
牵出一串串桂虫
牵强
特产
特别工作组
特别工作组2019年提交的报告
特别鸣谢
特勤局
特困供养人员
特困供养人员身份
特大凌汛
特大山洪水加泥石流
特大山洪水加泥石流整个村庄全部毁灭
特大暴雨
特大暴雨袭击
特大暴风雨
特大洪水
特定大气条件
特定情形下高空抛物
特定手法
特定手法实现瘦脸效果
特定群体
特工组织
特效制作
特效合成的广告视频
特效宣传内容
特效或合成动画
特斯拉用交流电报复爱迪生
特朗布
特朗普
特朗普上台演讲时差点摔倒
特朗普上台瞬间失去平衡但化险为夷事件
特朗普上台过程中险些跌倒
特朗普上台险些跌倒但巧妙应对
特朗普下令修建
特朗普下令禁止与支付宝等8款中国应用软件进行交易
特朗普个人风格
特朗普临场应变能力
特朗普为喜剧大师
特朗普乘坐空军一号险遭无人机撞击
特朗普修建的美墨边境墙一段
特朗普借机邀功
特朗普健康状况
特朗普关于注射消毒剂的建议
特朗普关于注射消毒剂的言论
特朗普再发威胁：正考虑封杀阿里巴巴
特朗普再次封禁8款中国应用软件
特朗普单手持杯喝水行为
特朗普发表演讲：我今天很开心风太大了看不清提词器都是即兴发挥
特朗普可能患有帕金森病
特朗普在一次竞选集会演讲上台时重心不稳差点摔倒随即顺势摆出姿势化解尴尬
特朗普在演讲中的突发状况
特朗普在演讲中险些晕倒
特朗普在疫情初期发表争议性言论
特朗普在白宫发布会发言
特朗普在美墨边境修建的一段边境墙
特朗普在美墨边境修建的边境墙
特朗普在美墨边境修建的隔离墙
特朗普在集会上台时险些跌倒事件
特朗普对新冠病毒治疗的非科学设想
特朗普对福布斯的批评
特朗普就黎巴嫩爆炸发声：贝鲁特大爆炸很可能是一场恐袭
特朗普应对方式
特朗普建议注射消毒剂治疗新冠
特朗普建议：肺部注射消毒剂来杀死新冠病毒
特朗普开脑洞谈新冠病毒：建议紫外线照射或注射消毒剂或能灭病毒
特朗普情商高
特朗普推动修建
特朗普提出的方法
特朗普政府
特朗普政府修改第13959号行政命令
特朗普政府拟制裁中国应用事件
特朗普政府推动建设
特朗普政府时期
特朗普政府禁令
特朗普演讲中险些晕倒
特朗普演讲中险些晕倒事件
特朗普演讲谈朝鲜近况时支持者高喊诺贝尔奖
特朗普演讲过程中
特朗普演讲险些摔倒视察灾情强行送签名：卖了值10000美元哦
特朗普演讲险些晕倒
特朗普演讲风格
特朗普热爱打高尔夫的习惯
特朗普特意单手举杯饮水
特朗普痛哭
特朗普登台演讲过程中疑似险些跌倒
特朗普登台险些失足
特朗普的临场反应
特朗普的建议
特朗普真实言论
特朗普离去
特朗普称正考虑封杀阿里巴巴
特朗普称爆炸疑似袭击
特朗普称美国将领言论
特朗普称贝鲁特爆炸为恐袭
特朗普竞选集会
特朗普签署行政令事件
特朗普签署行政令封杀支付宝等8款中国应用程序
特朗普签署行政令封杀支付宝等8款中国应用软件
特朗普签署行政命令事件
特朗普自我贴金
特朗普自称没人比我更懂汉娜
特朗普行为动机
特朗普要求
特朗普言论
特朗普言论意在离间
特朗普言论的质疑
特朗普请巫师驱除新冠病毒
特朗普调皮
特朗普身体状态的疑问
特朗普边境墙
特朗普边境墙倒塌事件
特朗普边境墙受损事件
特朗普边境墙受损视频
特朗普边境墙在飓风中受损视频
特朗普边境墙墙体受损
特朗普边境墙政策
特朗普边境墙被风刮倒 新闻在线 News Online
特朗普边境墙被风吹倒
特朗普边境墙被飓风损坏
特朗普险些失足一幕
特朗普险些摔倒事件
特朗普险些跌倒事件
特朗普驱魔
特朗普麻烦大了德英民众举行集会声援美国抗议者
特朗普：卧槽我刚花钱整得就给我吹倒了
特朗普：这是假新闻
特权待遇
特殊原因
特殊屋顶结构
特殊时期亲情表现
特殊时期的互助与情感联结
特殊时期见真情
特种车辆
特种车辆若存在过错
特莱维许愿池
特警
特警上
特警力量 警察
特警擒获嫌疑人
特警行动
牺牲
牺牲19名扑火队员最后影像
牺牲事件
牺牲扑火队员
牺牲的扑火队员
牺牲队员安息
犀牛脚外沙
犀牛脚外沙发现鲨鱼死亡
犀牛脚死一跳大鲸鱼
犬只已接种疫苗
犬只饲养人
犬鞋、犬粮等物资
犯我中华者必败
犯罪后
犯罪嫌疑人
犯罪嫌疑人崔某
犯罪嫌疑人曹某某
犯罪嫌疑人李某涛
犯罪嫌疑人林某雄
犯罪嫌疑人父亲
犯罪嫌疑人王某
犯罪嫌疑人被抓获时间
犯罪嫌疑人邓某生
犯罪嫌疑人郭某平
犯罪嫌疑人陈某
状态
状态属实
状态持续
狂奔送医
狂犬病临床表现
狂犬病典型症状
狂犬病发作事件
狂犬病患病事件
狂犬病疫苗
狂犬病症状表现为学狗叫
狂风
狂风暴雨
狐仙
狗主人
狗主人刑事责任
狗主人快出来负责
狗主人承担
狗主人承担责任
狗主人曾将孩子抱起后遭狗再次咬伤
狗主人称打过疫苗却无证
狗主人行为
狗咬所致
狗咬死小孩事件
狗情
狗打过疫苗
狗栓
狗狗
狗狗出门乱吃东西甚至咬人怎么办？铲屎官洋哥一招搞定
狗狗夏天易暴躁
狗狗夏天易暴躁你要注意这些……
狗狗扑倒女孩事件
狗狗是人类的好朋友为何不能被善待
狗狗表演
狗狗跨栏训练争议
狗猫
狗窝
狗袭击事件
狗袭击导致死亡
狗袭击身亡
狠人
狠心
狠心婴儿出生当天被95后父母遗弃垃圾箱……目前父亲已被刑拘
独善其身努力达济天下
独家所有未经许可不得转载
独特价值的三农信息输出港
独特视觉印象
独特风格
狮子
狮山镇相关部门主要领导
狱外隔离
狱方车辆
狼
狼来了黑龙江齐齐哈尔一村庄疑发现四只野狼
狼的脚印出现时间较长
狼群向南离去
狼群追捕
狼道
猎奇与戏谑
猎奇与灵异
猎奇元素
猎奇情节
猎奇色彩
猎捕野生动物
猎狗围攻豹子现象
猎豹
猎豹可能中了麻醉枪
猎豹可能因饥饿十多天
猎豹因饥饿十多天或中麻醉枪
猖狂这人连续两天抢劫同一家珠宝店解气金平公安18小时神速破案
猛兽出现在人类活动区
猛兽频繁现身人类活动区域
猛增
猛烈
猛烈碰撞
猛犸视频
猜测
猜测与误解
猜测受游戏影响观点
猜测性发言
猜测性言论
猜测有武校训练背景观点
猪、鸭、鸡
猪纹
猪肉
猪肉中
猪肉中含有激素和添加剂
猪肉中的小包或颗粒状物质
猪肉中的异常现象
猪肉中的白黄色颗粒物
猪肉中的颗粒状物质
猪肉中颗粒物是否影响食用安全
猪肉价格
猪肉内激素及各种添加剂都被解析出来了
猪肉异常结构成因及食用安全性
猪肉腐坏变质画面
猪肉里存在颗粒状的东西还能吃吗？
猪肉里的颗粒物是激素
猪肉食用安全性科普
猪蹄
猪蹄与茭白搭配
猪蹄茭白汤
猪蹄茭白汤催乳效果描述
猫科动物踪迹
献血
献血点
献血群众
献血行为
献血队伍
猴儿下山堵路
猴儿下山堵路事件
猴儿们
猴子
猴子下山乞食现象
猴子下山来堵路就差拉横幅了
猴子不哄抢基本一猴一个馒头
猴子之间
猴子们
猴子吃馒头
猴子展现良好素质、有序领取馒头
猴子很自觉拿了就走
猴子拿馒头行为
猴子比人都懂规矩
猴子派来的逗比吗？拉拉 le拉拉 @抖音小助手
猴子行为
猴子集体下山索要食物
猴子集体行为
猴子🐒不哄抢基本一猴一个馒头
猴群
猴群下山堵路乞食事件
猴群下山堵路事件
猴群饥饿下山堵路乞食
玉州区仁东镇龚罗村
玉林
玉林 机场 玉林机场 试飞
玉林人
玉林人民
玉林人民的航空梦即将实现
玉林人的航空梦
玉林加油评论
玉林北流一男子跨省数百里回到北流山围镇杀妻
玉林北流市山围镇山围村的家中
玉林北流男子杀妻事件
玉林发展即将起飞
玉林发布
玉林台
玉林市下辖区域
玉林市仁东镇龚罗村
玉林市仁东镇龚罗村旧村改造中发现房梁藏有几十斤金银财宝
玉林市航空出行需求
玉林市航空梦即将成为现实
玉林晚报
玉林本地网友
玉林本地网友热议
玉林本地网友自豪与祝福评论
玉林机场未来可能直飞城市
玉林的点赞
玉林福绵区
玉林福绵机场
玉林福绵机场5月8日试飞3分钟看玉林福绵机场建设历程
玉林福绵机场低空通场试飞任务
玉林福绵机场大厅前
玉林福绵机场建设
玉林福绵机场建设历程
玉林福绵机场建设进展
玉林福绵机场挂牌啦明年3月就要起飞内景大曝光
玉林福绵机场挂牌新闻
玉林福绵机场描述内容
玉林福绵机场相关信息
玉林福绵机场航演活动
玉林福绵机场航站区
玉林福绵机场航站楼
玉林福绵机场试飞
玉林福绵机场试飞事件
玉林福绵机场试飞任务
玉林福绵机场试飞任务圆满完成
玉林福绵机场试飞成功
玉林福绵机场试飞成功太帅了15秒小视频回顾一下
玉林福绵机场试飞成功新闻
玉林福绵机场试飞成功现场
玉林福绵机场试飞新闻
玉林福绵机场试飞相关文本的关键词
玉林福绵机场试飞视频
玉林福绵机场试验段工程
玉林福绵机场起飞
玉林福绵机场迎来通航前的重要大考——试飞
玉林福绵机场通航前的重要环节
玉林福绵机场飞行区
玉林福绵机场首飞
玉林福绵机场首飞仪式
玉林福绵机场首飞仪式现场
玉林籍人士
玉林迈入航空时代
玉林飞机场好样的
玉湛高速
玉湛高速开通进展
玉米
玉米因手机辐射变为爆米花
玉龙雪山
玉龙雪山情侣跳崖事件
王丽霞
王任
王伊浦
王伊海
王伊润
王俊峰
王俊峰、张纳、张欣、林文楚、刘青松、刘静、王文超、任涛
王俊跟我关一个看守手
王先生
王光力院士
王凯
王凯迪（实习生）
王可蓉
王增强
王姐
王宝强
王宝强百度百科截图
王总
王文超
王斌
王晓林
王晓黎
王某
王某奎
王某奎与女员工的不正当关系
王某奎家属
王某奎离开
王某奎系自行跳楼
王某暴力行为
王某未吸毒
王某犯故意杀人罪未遂
王某身体未检出非法药物
王梗梗
王梦婷
王毅
王泊洁
王浩雄
王灵官
王牌巫师
王牌民生新闻栏目 好看 好玩 好用 求助 投稿 合作 加关注留言
王玉洁
王纪民
王继莹、高斯
王老伯
王老伯与俞老伯
王老吉饮品
王芳菲
王莫娜
王警官
王鹏云（实习）
玛丽亚·范·科霍夫
玩了一次再也不敢玩儿了
玩手机
玩手机时充电发生爆炸
玩手机时充电发生爆炸广西两名小孩身亡
玩耍
环保
环保影响
环保情绪
环保检查伪装需求已形成灰色产业链
环保督查
环保督查背景下
环保管理
环保造假手段
环保造假手段之一
环保部门
环保问题严峻性
环保防鸟粪而设
环保防鸟粪设计
环卫之声
环卫之声一个有态度的公众媒体
环卫人员
环卫工
环卫工人
环卫工人在暴雨中值守
环卫洒水车
环卫洒水车为及时雨
环境保护
环境保护与管理
环境保护呼吁
环境保护讨论
环境因素导致鸟类不栖息
环境好
环境好了
环境持续恶化
环境改善现象
环境清洁
环境破坏
环境破坏导致新疆30万老鼠跳崖自杀
环境破坏导致老鼠自杀
环境破坏所致
环境类伪科普内容
环境造就英雄
环宇荟商场
环江林业局附近
环江林业局附近一小车横扫夜宵摊
环江林业局附近一小车横扫夜宵摊事件中涉事
环江林业局附近夜宵摊
环江河
环江河中
环江河中事故
环江河岸边
环滁皆山也
环环
环球交叉点
环球时报
环球网
环球网环环带你看天下栏目
环球网账号简介
环线道路
环线道路受阻
环绕器中继传回地面
环邢台国际公路自行车赛第一赛段
现代版张世豪
现代版的梁山伯与祝英台
现保有量的2倍
现在可真是啥事情都有：峨眉山公交车的某个司机在下山途中急转弯之时不晓得咋个的把自己甩出来了
现在和尚上不了台面
现在很多人对狗狗很不友好文明养狗从我做起做文明养狗人 狗狗
现在我们是按照规定对你进行医学隔离观察请你配合
现在抢孩子都这么大胆吗？
现在时间是五分半
现在朝鲜正在发生很多好事
现在正在撒呢
现在水库都没水了
现在没有水啦
现在的年轻人真奔放
现在这里是直播现场我的摄像机
现场
现场一片混乱
现场与原创新闻报道
现场乘客
现场交通堵塞
现场人员
现场仍有人拍摄视频的行为
现场信息显示时间
现场入口
现场击毙过程
现场制止霸座行为
现场勘验
现场反应迅速
现场围观群众
现场图片
现场堆放物
现场士兵
现场声音来源描述
现场处置
现场处置和施救不力
现场处置工作
现场处置的民警
现场处置的辅警
现场多人
现场好心人
现场安全
现场宛如世界末日
现场工作人员
现场市民
现场广西北流一男子杀死妻子后烧掉其妻妻汽车 目前仍在潜逃
现场广西北流一男子杀死妻子后烧掉其妻汽车 目前仍在潜逃
现场情况
现场情景
现场惨烈莆田男子开车狂飙近200迈拍视频炫耀摩托车骑手被撞身亡
现场惨状
现场意外
现场执法检查时
现场扬起大片尘土
现场抓号
现场抓号分配过程
现场拍摄者行为
现场拍摄视频
现场拍照
现场指挥人员
现场指纹和遗留物证
现场搜救
现场搜救仍在进行中
现场搜救工作结束
现场救援
现场救援人员
现场救援力量
现场救援指挥部
现场无人员伤亡
现场有人被撞伤
现场有器材使用说明
现场有大量市民自发前往血站献血
现场死亡2人
现场民警
现场氛围
现场洗手间
现场浙江温岭一槽罐车发生爆炸形似槽罐物体被炸飞
现场消防指战员
现场混乱
现场清理作业
现场漏油严重
现场火光冲天
现场火光冲天消防救援人员奋勇扑救人员全部疏散无伤亡
现场火势
现场燃起大火
现场状况
现场狼藉
现场画面
现场画面关注
现场画面惊险
现场画面曝光天津港保税区一车间发生爆炸事故 目击者：嘣的一声
现场画面让人愤怒
现场画面配文
现场监控
现场监控、突发新闻、趣闻暖闻
现场监控、突发新闻等内容
现场监控画面
现场监控视频画面
现场监控视频画面曝光
现场目击者
现场直播字样
现场相关联想信息
现场管理存在漏洞
现场细节
现场绳子
现场绳子系在工作人员身上
现场网友
现场群众
现场航拍画面
现场营救
现场血迹
现场视频
现场视频中路面炸出大坑
现场视频墨西哥地震发生时房屋明显晃动
现场视频显示
现场视频记录
现场视频飓风掀倒美墨的边境墙特朗普又遭批
现场记录
现场记者
现场评价
现场路人
现场车辆
现场邻居
现场顾客
现场首批4000只蒙古捐赠羊经二连浩特口岸入境中国
现实与动漫世界的交错
现实中的网红景点
现实化
现实情况
现实版水漫金山在上演
现实生活中凡事都要靠自己
现实警示意义
现有人类世界消失
现有天气预报技术
现有技术与商业逻辑
现象描述
现象明显
现金
现金与扫码互不冲突
现金从天而降
现金奖励
现金奖励机制
现金随风飘出
现金飞散
现钞被台风刮散事件
玲戴玉
玻璃
玻璃展柜
玻璃破坏原理
玻璃被震碎
玻璃门
玻璃门直接被吹爆？60年难遇台风海贝思或将今晚登陆日本
玻璃门破裂
珍惜
珍惜平安、重视一线人员安全
珍惜当下
珍惜当下每一天
珍惜当下珍惜眼前人
珍惜水源请大家节约用水
珍惜生命
珍惜生命 请勿强闯涉水路面
珍惜生命、安全行车
珍惜生命走路不玩手机杭州站光顾看手机一脚踩空高铁同时进站……一时救都没法救了生不如死啊
珍惜眼前人
珍惜身边人
珍爱生命
珍爱生命、拒绝酒驾
珍爱生命且行且珍惜
珍爱生命拒绝酒驾
珍爱生命远离渣男
珍稀物种保护相关真实案例
珍茗金龙水
珍贵的视频
珠宝商品介绍类账号
珠宝店
珠宝店一楼黄金专柜
珠宝店抢劫案
珠宝店黄金手链
珠宝每一个的光泽都不一样的亲爱的自己体会哦……全部商品保证真品如实介绍
珠峰
珠峰关闭消息
珠峰北坡通道
珠峰区域垃圾堆积
珠峰国家级自然保护区绒布寺以上核心区
珠峰国家级自然保护区绒布寺以上核心区旅游禁令
珠峰垃圾
珠峰大本营
珠峰大本营高昂旅游费用
珠峰无限期关闭
珠峰无限期关闭标题
珠峰景区永久关闭
珠峰清道夫
珠峰珠峰
珠峰生态破坏情况
珠峰登山活动
珠江经济台
珠江频道
珠江频道全美通
珠江频道每晚9点节目信息
珠海
珠海一夜之间变成水城了
珠海一夜变水城
珠海内涝现象被调侃
珠海坦洲
珠海坦洲白藤头变水城
珠海多个微信群
珠海多地内涝成灾
珠海工厂工人
珠海市停业
珠海市停工
珠海市停市
珠海市停课
珠海格力旧仓库
珠海洪涝事件夸大描述
珠海白藤头
珠海白藤头变水城
珠海白藤头变水城的讽刺性评论
珠海白藤头水产批发市场
珠海白藤头水产批发市场受淹
珠海真的快成海了
珠海粤淇食品有限公司
珠海那个位置
珠穆朗玛峰
珠穆朗玛峰也有信号
珠穆朗玛峰将被永久封禁
珠穆朗玛峰有信号
珠穆朗玛峰永久关闭
珠穆朗玛峰永久关闭西藏没在等你没素质的人能别去就别去
珠穆朗玛峰永久封禁
珠穆朗玛峰永久封禁游客只能远远观看原因令人深思
班上就业情况特别好
班主任
班主任对路某所说的话
班主任的恶劣态度是导致儿子自杀的直接原因
球星铁花
球赛
理性分析
理性声音
理性处理纠纷
理性对待
理性对待网络信息
理性看待
理性看待家庭矛盾
理性看待类似事件
理想的路———总是为有信心的人预备着
理想而不切实际
理智爱国
理智爱国的呼吁
理科满分698分
理科满分698分考入哈佛大学
理科满分698分考入美国哈佛大学
理论
理论考试
理财答疑
琐事
琦玉县
瑞典于默奥
瑞典于默奥驯鹿堵塞交通事件
瑞尔森大学
瑞山路
瓜果
瓢泼大雨
瓦哈卡
瓦哈卡州克鲁塞西塔以南23公里处
瓦片宽度大于鸟类爪距
瓶子一响的那瞬间是真的病毒吗？
甘A·Q8F95
甘井子区安监局
甘南县3.5级地震
甘南地区
甘南地区出动大量武警和中科院人员
甘南地区出现UFO
甘南地区发生异常现象
甘南地区封锁了方圆5公里汽车突然飘起来了
甘肃、新疆
甘肃一工地内30米高塔吊倒塌砸中职校楼顶致1死2伤
甘肃天水公交车与救护车相撞事故
甘肃天水公交车与救护车相撞事故无关
甘肃天水秦安段
甘肃天水秦安段发生泥石流
甘肃宕昌
甘肃宕昌洪灾
甘肃宕昌洪灾新闻
甘肃宕昌短时强降水引发山洪 部分乡镇受灾严重
甘肃广播电视台都市调频广播
甘肃庆阳
甘肃庆阳一建筑工地
甘肃挺住
甘肃文县
甘肃文县泥石流灾害
甘肃暴雨引发山洪汽车被冲走 救援人员转移被困民众
甘肃本地网友
甘肃消防全媒体中心
甘肃甘
甘肃电视台旗下官方抖音号
甘肃电视台都市频道
甘肃白银
甘肃白银市白银区
甘肃省
甘肃省甘南州
甘肃省甘南州实施
甘肃省甘南藏族自治州
甘肃省白银市白银区四龙路一十字路口
甘肃省陇南市
甘肃省陇南市宕昌县
甘肃省陇南市宕昌县官亭镇滑石关
甘肃肃
甘肃观察抖音号
甘肃部分地区
甘肃陇南
甘肃陇南宕昌
甘肃陇南宕昌县
甘肃陇南宕昌暴雨引发山洪洪水穿村而过卷走多车
甘肃陇南宕昌洪灾
甘肃陇南宕昌洪灾事件
甘肃陇南市宕昌县
甘肃陇南市宕昌县地震
甘肃陇南强降雨
甘肃陇南强降雨致山洪泥石流灾害监控拍下山洪涌入村庄瞬间
甜瓜
生810
生不如死
生不带来死不带去
生产储存
生产各样绵地托卫生工具各种各样都有如有须要的朋友请联系我15719408639///15008238619
生产安全人人有责
生产设备
生产车间现场
生儿子愿望破灭
生儿子愿望落空
生命不能重來不要輕易把自己的生命寄予别人
生命之云
生命价值与心理健康
生命体征平稳
生命力强特性
生命危险
生命危险事故
生命只有一次望朋友开车慢点骑车靠边点
生命只有一次请珍惜
生命可贵
生命可贵活着就要珍惜[祈祷]
生命呀……
生命如此脆弱
生命救援通道
生命的伟大
生命的无限可能
生命瞬间终结
生命终结
生命脆弱
生命至上原则
生命诚可贵
生命通道
生在中国真好
生如蝼蚁当有鸿鹄之志命如薄纸应有不屈之心乾坤未定你我皆是黑马
生存困境
生存困境的反思
生存困境的同情
生存威胁
生存经验总结
生完孩子假胯宽可以骨盆修复
生容易活容易生活不容易
生山体滑坡
生态保护与民生需求之间矛盾
生态压力
生态发生变化
生态变化反映
生态好转体现
生态平衡
生态平衡机制
生态影响
生态环境保护
生态环境改善
生态环境部门
生态真的变好了
生态真的变好了希望附近人员安全
生态破坏
生态破坏问题
生态礼让
生态系统
生态系统调节
生态遭到严重破坏
生死一瞬间前一秒谈笑风生下一秒人桌齐飞监控记录惊险一幕
生死不明
生死相依
生死相随的爱情不离不弃这就是真爱
生死议题讨论
生活
生活 情感 感谢
生活不仅仅是为了生存而生存它是一串串的快乐时光
生活不易
生活不易但生命宝贵
生活不易加油
生活不易干嘛呢
生活不能自理
生活中的小美好
生活会善待善良努力的人
生活保障
生活压力大
生活压力巨大
生活号
生活嘛就是要开心快乐
生活困境
生活在水中的大型蛇类
生活在水中的大型蛇类动物
生活场景描述中
生活垃圾无害化处理工程
生活太好了吃的不想走了
生活如歌记录你我
生活小常识栏目
生活帮
生活态度
生活方式
生活无着
生活是自己的何必在意别人的看法？
生活智慧
生活有温度 新闻有高度 gaoduxinwen 备注合作
生活有温度 新闻有高度 合作+VX：gaoduxinwen
生活物资
生活状态描述
生活环境
生活百态万千世界我们打造你们看投稿邮箱：786991011@qq.com 商务vx：j333333sx
生活真的不易
生活碎片
生活纪实 小龙虾 喜欢的点在评论下面
生活细节
生活艰难现实
生活警示意义
生活误区澄清特征
生活负压太重
生活还得继续
生物有机肥
生物有机肥设备
生物科技
生猪调入
生病了跑毛啊
生病就医
生的伟大死的光荣向英雄们致敬
生者平安死者安息
生而为人务必善良
生育率下降原因
生育率下降及延迟退休影响
生育率下降讨论
生育责任
生财有道地摊哥
生还
生还率太低
生长环境优越
生食或半生食含有囊蚴的淡水蟹传播
生食或半生食淡水蟹
生食或半生食淡水蟹或蝲蛄
生食或半生食蝲蛄
生食或未煮熟小龙虾引起
用了膨大剂的樱桃能不能吃
用于下蛋
用于人体内
用于信息检索
用于分享日常
用于暗示外星人存在
用于社交媒体传播
用于追责
用于鼓舞公众
用人单位招聘不得询问妇女婚育情况
用传统习俗驱除病魔
用凡人的眼光看待自己伟人的眼光去看待这个世界
用创可贴封住闲置接口以防灰尘
用它来记录我生命中不想忘记的东西
用实事说话（不私聊）请大家文明评论、传播正能量传播大美河南人人有责
用实力捍卫中国功夫
用影像记录生活关注巢湖人文景观拍摄国内景点视频喜欢美食、摄影和旅游免费为巢湖餐饮娱乐场所做宣传
用得什么牌子的发胶？
用心做有热度 有温度 有态度的新闻
用心记录地理景观；用力呈现景观美学
用户
用户1
用户2
用户3
用户4
用户@互动
用户A
用户B
用户C
用户D
用户E
用户F
用户不易感冒评论
用户不满体验
用户个人经历分享
用户个人评论
用户互动
用户互动信息
用户互动内容
用户互动留言
用户以娱乐化视角看待冲突
用户估算
用户保存需求
用户关于恢复开园时间的讨论
用户关于救人事迹的陈述
用户关注
用户关注疫情进展
用户反应
用户反映
用户反讽言论
用户发布
用户发布于抖音
用户发布的抖音内容中
用户后台私信
用户否定事件真实性
用户回忆珠峰旅行饮食体验
用户困惑
用户在评论区留言
用户声称九寨沟已开通
用户声称图片被盗用
用户声称的后续情况
用户安全提醒
用户对九寨沟开园时间的期待
用户对事件的情绪反应
用户对事件的调侃性推测
用户对事件的质疑
用户对事件真实性的质疑
用户对冲突娱乐化认知
用户对列车的比喻性评论
用户对安保情况的猜测
用户对安保缺失的质疑
用户对安保配置的疑问
用户对安全充电方式的疑问
用户对安全性的担忧
用户对完美妻子的设想
用户对执法力度的质疑
用户对执法动作安全性的质疑
用户对执法场景的情绪反应
用户对执法风险的担忧
用户对救援人员的祝福
用户对救援行动的评价
用户对灾情的关切讨论
用户对珠峰通行状态的疑问
用户对疗效的讨论
用户对素食认同的评论
用户对网络管控的担忧
用户对英国首相骑车上班的质疑
用户对车祸细节的询问
用户对部队身份的认同与赞扬
用户对鉴别方法的质疑
用户对钟南山赴欧的担忧
用户将战场比作观光地
用户怀疑真实性
用户态度
用户恐慌情绪
用户情感表达
用户情感评价
用户戏谑战争场面
用户批评鲍里斯行为
用户担忧评论
用户指出
用户指出信息已被辟谣
用户指出的事实更正
用户指出自然现象差异
用户指出视频真实场景
用户推测
用户推测性留言
用户推测性评论
用户描述
用户提供生活服务资讯
用户提出的替代消毒方式建议
用户提议
用户提醒
用户提问
用户提问内容
用户提问户型怎么看
用户支付32元
用户支持性留言
用户模仿性表扬
用户正面评价
用户求助评论
用户点赞关注
用户留言
用户留言乱七八糟没听懂
用户留言希望能除去瘟疫
用户疑问
用户祈愿天气好转
用户私信交流
用户经历
用户编号
用户群体
用户表示的内容
用户表达 disbelief
用户表达对旅行者安全的关注
用户表达对景区的喜爱
用户表达怀疑
用户表达情感调侃或失落情绪
用户表达情绪
用户观点
用户观点1
用户观点2
用户观点3
用户讨论
用户讨论话题
用户评论
用户评论1
用户评论2
用户评论内容
用户评论看到好怕啊
用户评论记录
用户评论质疑
用户询问国庆能否开放
用户调侃性回应
用户调侃战争观战风险
用户调侃评论
用户调查数据
用户质疑
用户质疑交通规则
用户质疑信息真实性
用户质疑内容
用户质疑性留言
用户质疑性言论
用户质疑教育价值
用户质疑画面真实性
用户质疑科学合理性
用户质疑统计真实性
用户赔偿
用户长期吃素且身体强壮评论
用手拉手组成人链
用手摸头缓解
用打火机点燃
用打火机点燃口罩中间层
用打火机点燃口罩中间层辨别真伪
用无人机放火烧山
用旧感酒加工开磨封
用最短的视频发掘最深的新闻
用气功退洪水
用沙袋加固房屋
用热水擦拭老人身上污泥
用爪子扒搜
用狗进行表演
用电难题
用碰瓷方式逼退小轿车
用科学的方式破除封建迷信
用绳子自救
用茶叶冲泡的红茶
用视频记录
用视频记录地壳运动
用词错误
用词错误问题
用调查的力量关注民生
用酒精棉签清洁路由器接口
用镜头记录大自然的美
用镜头记录生活
甩场嗨皮
甩棍
甩锅质疑
田总帮忙捡牛蛙去了？
田某铭
田某铭与张某
由A5员
由东向西
由两名年轻人
由中国电信账号发布
由乘客购票并占用座位承载
由于辐射玉米变成了米花晚上睡觉时千万别把手机放在枕头下或头边了
由交警部门
由儿子
由全民为个别入境人员大额医疗费用买单
由公安机关
由北向南
由基层警务人员
由挖掘机实施
由接受劳务一方承担责任
由支持者
由林草局工作人员和民警
由柳州鱼峰警方负责
由消防员与附近村民协助
由热心群众
由现场群众
由用户
由相关部门
由相关部门负责
由美军拍摄影像展现
由肇庆市公安局高要分局
由藤县警方
由衷的欢呼
由西向东
由观众指出
由警方
由警方和安保人员
由警方确认
由雅龙派出所负责
由风筝拖拽造成
甲国专业解能 批发市场 现迎信 中国专业服修等语义不清词组
甲方
甲板
甲烷
甲烷（沼气）
甲维·灭幼脲
申报见义勇为
申请多年无果
申请渠道不透明
申请行政复议
申通快递店
申通快递店老板娘
电业局停电影响
电信公司终于要倒闭了
电击 奇迹
电力故障事实
电力系统
电力系统被破坏
电力部门
电动三轮车
电动三轮车上牌
电动三轮车上牌要求
电动三轮车普及率高
电动三轮车驾照怎么考费用多少告诉你答案
电动三轮车驾驶人
电动公交这点水不会熄火
电动自行车盗窃案
电动自行车驾驶人
电动车
电动车也要考驾照费用却引起一片哗然这莫不是敛财？
电动车交通行为
电动车使用增加
电动车发生碰撞
电动车座
电动车消失
电动车盗窃案
电动车等财物
电动车考驾照收费争议
电动车被盗
电动车驾照制度
电动车驾照考试
电动车驾照考试流程
电动车驾照考试费用
电动车驾驶员应负全责
电动车驾驶员行为危险
电动车骑车人
电取暖器
电取暖器未关闭
电商合作联系方式
电商平台
电城清源湾惠多多
电子围栏保护机制
电子抓拍是否同样适用24小时规则
电子抓拍是否适用24小时规则
电子礼花等更安全替代品
电子竞技分析本科专业
电子竞技分析本科专业方向
电影不惧飓风
电影中
电影场景
电影年轻气盛
电影年轻气盛中与足球互动的片段
电影年轻气盛中的足球场景
电影年轻气盛里的镜头
电影或虚构片段
电影爱的胜利
电影爱的胜利画面误传
电影特效
电影看多了
电捕捞
电捕捞及监守自盗等内容
电捕破坏生态
电杆
电死老虎情况
电气化列车升级
电源总开关
电灶
电灶使用
电焊作业
电焊作业风险
电瓶车普遍安装定位装置并上牌管理
电白区电城镇
电磁炉
电磁炉上演小米9无线充电
电磁炉做无线充电器 新飞 益叶 0 6门L
电磁炉充电功率
电磁炉充电演示
电磁炉改装
电磁炉改装实现无线充电
电磁炉给手机充电没毛病老铁
电离发光
电站崩烂
电竞
电竞专业
电竞专业=打游戏
电竞专业学生
电竞专业实际课程设置
电竞专业并非培养职业选手而是偏向游戏策划、运营、管理方向
电竞公司起薪较低
电竞方向
电竞是不是一份好工作？
电竞本科专业
电竞本科专业是培养职业选手
电竞本科是分数不够的无奈选择
电竞本科生
电竞本科生毕业却无人从事电竞行业
电竞毕业生无人从事本专业
电竞相关专业
电竞相关工作
电竞相关本科专业方向
电竞管理方向
电竞职业发展空间有限
电竞行业
电竞选手职业周期
电竞选手退役后
电竞选手黄金年龄
电竞靠天赋而非学校培养
电线掉落
电线杆
电线杆上呼救
电线杆倒塌
电线杆附近
电脑p的吧
电脑制作
电脑合成
电脑合成质疑
电脑模拟场景
电脑特效
电脑软件合成的云焰火
电脑软件合成视频
电视上播的也是假的
电视剧猎敌者
电视剧都不敢这么拍
电视塔上方的彩虹
电话
电话028-88881890
电话中
电话充值卡
电话录音证据
电话连线采访
电路老化
电闪雷鸣现象
男
男27岁、女36岁
男业主
男业主妻子
男业主家中床铺
男业主持刀追砍行为
男人就是累
男人的崩溃往往就在那一瞬间
男儿膝下有黄金那一跪直击心灵
男友
男友与女友
男友与女友的故事
男友是消防队的
男友脱去防护服与其相拥
男友脱掉防护服主动感染
男友脱掉防护服见最后一面
男友脱掉防护服见最后一面后双双殉情
男友脱掉防护服陪伴病重女友
男士使用打火机点烟
男女双方是否无情展开争论
男女年龄差异
男女都是机器人
男女都是机器人舞姿翩翩技术太发达了
男婴
男婴生母
男婴被发现时间
男子
男子不戴口罩面对劝阻竟用剪刀刺人
男子与同伙
男子与朋友
男子为不被隔离从澳门游回珠海
男子买房买车彩礼18.8万临近结婚女方要求再加10万彩礼
男子买药昏倒无人理救护车警察来了又回去6小时后运走遗体
男子倒地身亡事件
男子偷情被拦屋内后跳窗身亡一审拦阻者获刑十年半
男子公司闹事
男子刘某
男子刘某的行为
男子动机
男子反应迅速
男子后脑勺
男子后脑勺被插
男子因低血糖晕倒及乘客施救过程
男子因嫌外卖送得慢发牢骚惹怒送餐员嘴仗升级为打斗后美团支付1.5万元赔偿
男子因家庭矛盾劫持8人并欲逐一杀害
男子因掏鸟窝攀爬高压线触电受伤后被困高空并呼救
男子因网恋矛盾新年夜丢下3幼子跳桥轻生
男子因网络赌博输钱铤而走险到梧州藤县某珠宝店抢夺首饰
男子因网络赌博输钱链而走险到珠宝店抢夺首饰
男子在单杠上锻炼时失手飞出
男子在洪水中打捞衣服
男子在洪水中打捞衣物时痛哭
男子在派出所门口劫持人质 与民警对峙现场曝光警方通报来了
男子在铁轨上拍摄警示视频时被驶来的火车撞身亡
男子在铁轨上拍警示视频被撞身亡事件
男子在铁轨上被撞身亡事发前曾拍摄视频提醒大家注意安全
男子在铁轨上被火车撞击身亡事件
男子夜奔300余公里返乡杀妻焚烧死者汽车后潜逃
男子夜奔300余公里返乡杀妻焚烧死者汽车后潜逃警方：全力抓捕中
男子夜奔300公里将杀害妻子是什么原因让他下此狠手？@抖音小助手
男子头部
男子实际状况
男子家中失火跳窗逃生
男子家中失火跳窗逃生 邻居们的举动让人感动
男子家中失火跳窗逃生 邻居的举动太暖了❤️ 你愿意为暖心的他们点赞吗
男子家中失火跳窗逃生事件
男子家中失火跳窗逃生新闻
男子家中失火跳窗逃生楼下邻居们的举动太暖了谢谢善良的你们……
男子家中失火跳窗逃生楼下邻居的行为太暖
男子家中失火跳窗逃生邻居们的举动让人感动
男子家中着火跳窗逃生
男子家中着火跳窗逃生楼下邻居举动太暖心
男子家人电话
男子市区开车到200码撞上醉驾摩托车摩托车主疑似抢救无效身亡
男子市区飙车200km/h拍摄炫耀后出事
男子异常行为事件
男子强逼儿女互拍被殴视频
男子怀疑女友出轨殴打、威胁、恐吓索要20万分手费
男子感染新冠去世后留存款并委托好友撒钱
男子成功脱险
男子手机
男子承包千亩地收割时遭村民哄抢
男子把千斤顶当警示牌致连环车祸
男子抛撒巨额现金
男子抢劫并杀害一人后挟持人质
男子拆除旧屋竟发现木头中有大量金银财宝
男子拉屎时房子塌了
男子拿千斤顶当三角警示牌致连环车祸
男子拿千斤顶当三角警示牌酿连环车祸
男子持刀伤医之误
男子持刀砍人被特警制服视频
男子持刀追砍第三者
男子持刀闯入幼儿园砍伤18人事件
男子持剪刀刺人
男子持木锤行凶
男子持砍刀伤人事件
男子持砍刀伤人事件现场画面
男子挪车
男子掏鸟窝爬高压线被电伤困在高空痛哭呻吟大喊：快报警救救我
男子教训高铁霸座者获刑4个月
男子施暴并拍视频
男子施暴行为
男子昏倒事件
男子晕厥事件
男子暴打儿女并强迫互拍视频
男子暴打儿女致其惨叫
男子未完成排便即逃离
男子死亡
男子殴打保安
男子深夜返回广西家中杀妻焚烧死者汽车后潜逃
男子爬上电线杆只为掏鸟窝结果……凤阳警事
男子爬电线杆掏鸟窝遭十千伏电击随后奇迹发生
男子爬高压电线塔掏鸟窝被困
男子爬高压线掏鸟窝被困情绪崩溃哭喊：快报警救救我
男子父亲
男子父亲身份是否属实
男子生前
男子的妻子
男子直播性侵未成年10人落网
男子经营的三家服装店
男子经营的三家服装店全部被淹
男子行为
男子被折叠刀刺中后脑勺仍能行走
男子被电击
男子被高坠折叠刀直插后脑勺
男子被高空坠物所伤
男子被高空坠落的展开折叠刀插入头部
男子装聋62年避免与妻交流
男子要钱还债
男子赌博后向妻子要钱还债遭拒
男子跨省杀人焚车
男子跳窗动作
男子跳窗时
男子跳窗逃生
男子跳窗逃生事件
男子运气极佳
男子连续三家服装店被洪水淹没在水中捞衣服难忍痛哭
男子连续两天抢劫同一家珠宝店
男子连续两天抢劫同一家珠宝店被抓
男子逃生成功
男子遗体
男子遭十千伏电击事件
男子酒后乱停车殴打保安半小时声称自己是警察局长儿子
男子铁轨上拍警示视频下一秒就被撞身亡知情人：估计是网红
男子铁轨上拍警示视频被撞身亡事发前还在玩手机
男子险被大风吹走被妻子拉回
男子陷入淤泥事件
男子驾驶摩托车涉水过河
男孩
男孩医药费
男孩因踩湿斑马线滑倒致死
男孩在斑马线上滑倒
男孩在重症监护室对医生说话的情节
男孩无危险后才离开
男孩母亲
男孩母亲周女士
男孩父亲
男孩被砸伤
男孩说的话
男性
男性乘客
男性娶妻难社会问题
男性暴徒性侵女性同伙
男性生活伴侣
男性用户对wife_5满意度达98%
男方
男方不接受
男方买房买车彩礼18万
男方实际未遭遇此情况
男方家属
男方家庭
男方家庭已支付18.8万元彩礼
男方家庭无力承担
男方家庭暴力行为
男方拿不出
男方拿不出28万彩礼
男方拿不出不娶了
男方无法承受
男方父亲
男方父亲性格豪爽
男方父亲有担当却难掩辛酸
男朋友在消防队
男校长
男生欺凌把女生头按河中事件
男的
男的跳下去了
男童
男童掉落
男童被大型犬咬伤脸部
男网友
男网友离开
男网友跳楼
男装实体商品
画得太美了
画画
画画对她来说是最好的活动
画面
画面中人员未佩戴口罩
画面中人物衣着情况
画面中角色
画面令人不适
画面内容
画面惊险海口一女子因感情纠纷欲从25楼跳下结果悬挂在......
画面描述
画面断章取义
画面显示
画面显示其行动自如
画风太尴尬
画饼
畅连通话
界面新闻
界首市任寨乡岳刘行政村案发现场
界首市公安局
界首市某超市员工
畏惧自然
留下
留下你的精彩评论吧
留下大笔存款
留下转发评论和赞
留下部分鸡
留出救援绿色生命通道
留学博主
留学生群体关注
留守儿童
留言
留言内容
留言好男人 还会拉老婆[赞]
留言是你们那里
留言讨论责任归属
留院观察
畜禽粪污无害化处理工程
番禺区宣传部
番茄君来啦
疏散5800余人
疏散乘客
疏散受灾群众
疏散民众
疏散群众数量
疏散行动
疑似下水井积蓄沼气工人作业时井盖被炸飞
疑似东北虎
疑似东北虎事件
疑似东北虎出没事件
疑似乱码或水印标记
疑似人造反重力飞行器攻击事件
疑似刹车失灵 货车连撞五车
疑似发现4只野狼
疑似嗑药为由拘留莫娜·王
疑似四匹野狼出没
疑似坠楼身亡
疑似大型猫科动物
疑似大型猫科动物出没事件
疑似大型猫科动物踪迹
疑似巨型老虎
疑似巨型老虎目击事件
疑似巷内枪战
疑似广告或干扰内容
疑似敛财
疑似无人机
疑似最后一段影像
疑似水军账号
疑似爆炸
疑似爆炸事故
疑似特效制作的梦幻画面
疑似狼的小黑点踪迹
疑似病例
疑似病例诊断时间
疑似碰瓷儿？夏津一女子车道逼停大货车但是报应来的太快
疑似绑架未遂事件
疑似老虎出没事件
疑似老虎动物
疑似老虎的身影
疑似老虎进食后留下的痕迹
疑似老虎进食影像
疑似自行运动的诡异画面
疑似自行运转
疑似虐狗事件
疑似虚构内容
疑似袭击
疑似误写内容
疑似误写或无关信息
疑似误写或混淆地名
疑似误植信息
疑似误植字符
疑似误植或关联错误信息
疑似误植或干扰字符
疑似误输入或广告内容
疑似谐音或虚构地名
疑似账号引用
疑似遭性侵视频
疑似醉酒男性乘客
疑似醉酒男性乘客强制拖移至站台
疑似醉酒男性乘客拖移至站台
疑似醉酒男性乘客未佩戴口罩且躺倒在车厢内
疑似醉驾
疑似野生扬子鳄
疑似错别字
疑似飞弹攻击
疑似飞弹攻击导致贝鲁特爆炸
疑似飞机碎片
疑无锡塌桥涉事货车出发前监控曝光
疑有5人被困
疑虑与担忧
疑问
疑问俄罗斯气候寒冷程度
疑问内容
疑问情绪
疗效与安全性
疫情
疫情下的动物世界在雀跃只愿所有生物都被温柔以待❤疫情下的感动
疫情下的威尼斯：游客锐减运河清澈见底大量鱼群涌入
疫情下集会风险
疫情不退警察不退
疫情严峻形势
疫情严重
疫情严重导致辞职
疫情严重海边户体增多
疫情事件
疫情传播
疫情全知道
疫情全知道文本
疫情冲击
疫情初期民众忽视防疫
疫情初期社会情绪
疫情前回的还是后
疫情升级
疫情升级导致交通中断
疫情后北京网约车司机数量
疫情后经济发展
疫情增强国人凝聚力表述
疫情大爆发
疫情好转背景
疫情导致大量死亡的直接原因
疫情导致延期困难且秘密燃放
疫情导致非洲社会矛盾激化在非华人称想回国但回不去
疫情导致非洲社会矛盾激化在非华人称想回国但回不去 非洲疫情
疫情导致非洲社会矛盾激化在非华人称想回国但回回去
疫情封锁
疫情封锁导致水质改善
疫情就是命令现场就是战场时间就是生命
疫情当前警察不退
疫情形势动态调整
疫情影响
疫情影响下的生态恢复效果
疫情持续蔓延
疫情数字每天都在增长务必小心
疫情数据
疫情无情人有情
疫情时间不要打麻将
疫情期间
疫情期间不要集会
疫情期间东阳花园村打麻将事件
疫情期间传播的假新闻
疫情期间印度部分地区恐慌现象
疫情期间大型焰火活动
疫情期间对逝者缺乏尊重的现象
疫情期间居家隔离十余天
疫情期间峨眉山猴子下山乞食
疫情期间建设方舱实验室提升检测能力
疫情期间打麻将者
疫情期间打麻将行为的态度表达
疫情期间杭州给外籍人士发5000元疫情补助
疫情期间环境变化传言
疫情期间登山管制
疫情期间真实事件
疫情期间真实处罚措施
疫情期间真实消耗情况
疫情期间社会骚乱
疫情期间管控措施
疫情期间虚假生态叙事
疫情未结束请勿掉以轻心
疫情歧视议题
疫情治疗收费争议
疫情特殊背景下的互助
疫情相关事件
疫情相关原因
疫情相关消息
疫情真实发生
疫情终结祈愿
疫情结束时间议题
疫情蔓延全世界了挺住啊
疫情调整政策
疫情进展
疫情避难而非爱国
疫情防控中有非洲人受歧视？外交部：对歧视性言行零容忍
疫情防控任务
疫情防控工作人员
疫情防控措施过度
疫情防控政策记录
疫情防控期间
疫情防控热线
疫情防控规定
疫情非常时期
疫病引起
疫苗与追踪技术无关
疫苗交付延迟
疫苗影响新生儿数量
疫苗接种证明
疫苗等防控措施效果
疫苗类型
疯传
疲劳驾驶
疼痛摸头止痛
疼痛难忍无法动弹
疾控中心提醒
疾病
疾病威胁
病亡人数激增意大利出动约30辆军用卡车转移遗体🙏
病从口入
病从口入观点
病休状态
病因
病床
病床作法
病急乱投医理解
病患将有娱乐活动
病情
病情明显好转
病情明显改善
病情过重, 不幸离世
病愈后每天骑单车上班
病愈后的英国首相每天骑单车上班
病愈后的英国首相鲍里斯·约翰逊出院恢复后继续骑车上下班保镖在后跟随
病愈后英国首相每天骑单车上班
病愈后英国首相鲍里斯骑车上班
病愈后骑自行车上班
病房内进行徒手抓病毒表演
病死猪
病死猪处理链条
病死猪肉
病死猪肉来源地
病死猪肉流入市场
病死猪肉流入市场事件
病死猪肉流入市场？
病死猪肉流入火车站八家饭店警方抓捕28人捣毁黑心利益链
病死猪非法屠宰
病死猪非法屠宰现象
病毒
病毒传染性
病毒或是地球的自救系统
病毒无国界太可怕了
病毒治疗要科学马来西亚巫师施法抓病毒后被感染现已隔离
病毒监测与研究
病毒都笑死了
病痛有关
病重女友
症状
痛 绞痛 裂肺般的疼
痛哭
痛哭呻吟
痛哭流涕
痛心
痛心一路走好
痛心与哀悼情绪
痛心临潼塌陷被埋3人均抢救无效身亡
痛心临潼塌陷被埋三人均抢救无效身亡
痛心之情
痛心情绪
痛心感叹
痛心暑期溺水悲剧再发两死一失踪
痛心澳大利亚的国宝动物可能面临灭绝……
痛心澳洲山火致上千只考拉被烧死考拉或面临功能性灭绝
痛心重庆渝北区一老人被4条恶犬咬死
痛感
痛感和情感
痛苦呼喊杀了我吧
痛苦的抉择
瘦
瘦脸
瘦脸效果
瘦脸方法的有效性
瘫痪在床的老父亲
登台过程
登山
登山绳、空氧气罐、压缩饼干包装袋等
登山装备
登陆日本的最强规模台风
白云东
白人警察
白人警察抓捕一名黑人一看证件是FBI
白人警察抓捕黑人男子事件
白发送黑发真痛心
白吃这么久也得给钱
白天是和尚晚上潇洒比我们滋润
白头海雕抓13支箭头
白宫
白宫对巨浪-3试射作出回应
白宫新闻发布会
白宫新闻发布会实录
白宫新闻片段
白宫疫情期间会议
白宫疫情简报会
白宫简报会
白宫记者会
白宫记者会片段
白宫请巫师驱除新冠病毒
白山村
白沙县公安局
白沙县牙叉镇原白沙市场故意杀人案
白沙发生一起故意杀人案
白沫
白浪东城国际采血点
白漆面极为湿滑
白漆面确实很滑
白玉清
白磷自燃有关
白纸遮挡号牌男子辩称这是天意
白色
白色SUV
白色SUV违停引发
白色SUV违停行为
白色上衣
白色临牌法拉利458
白色光球
白色别克轿车
白色宝马
白色宝马轿车
白色捷豹
白色捷豹闯红灯行为
白色絮状物大量飘散
白色线状物
白色轿车
白色轿车内
白色轿车相撞
白菜价
白藤头变水城
白藤头水产市场被浸
白血病
白衣天使辛苦了
白衣战士
白衣男子试图保护身旁女性
白车应承担全部赔偿责任
白车违规停车应承担全部赔偿责任
白野味元宵饰
白银交警大队
白银交警大队办公室主任
白鹤洞街
白黄色颗粒物
百万中国留学生的根据地
百万千万 地里不算 扶农助农 数字上行
百万彩礼
百万现金
百丽 R WH 84 En01
百人被炸死等内容
百人警察抓黑人
百余颗恒星离奇消失
百变神鸟
百名消防员
百姓关注
百姓贴心人
百姓身边事
百年一遇洪水
百年一遇洪水设防标准
百年一遇的洪水设防标准
百年难得一见
百年难得一遇的交通事故
百度
百度了是真的
百度搜索界面元素
百度百科信息来源
百度百科等权威来源
百米
百胜 693 B WH meb1 二002
百色市田林县
百色市西林县
百色市隆林县
百色打工女要离婚猜测性言论
百草枯不得在境内销售
百草枯产品
百草枯母药生产许可及仅供境外使用农药登记的生产企业
百货、库存、礼品、户外及家居用品
百魔怕烟火
百魔怕烟火说法
皂埠惊现注胶皮皮虾
皂埠惊现注胶虾爬子描述中
皂埠本地小船爬虾
皇权至上的封建统治需求
皖0617
皖A0W92C
皖A5XC0
皖AN0334货车
皖B小型汽车
皖音社热点资讯官方帐号
皖骏登·广汽转银
皮卡与飞机的震撼广告故事
皮卡成功接应飞机降落
皮卡接住大飞机的场景
皮卡救大飞机 i doo
皮卡极限速度150km/h
皮卡背飞机紧急迫降事件
皮卡质量过硬
皮卡车
皮卡车专用飞机应急
皮卡车应急承接降落飞机
皮卡车救下飞机
皮卡车救飞机
皮卡车救飞机事件
皮卡车辆性能
皮囊傀儡
皮波摄影工作室
皮浪的叔杀
皮皮虾APP
皮皮虾APP 光影快播报
皮皮虾神评类
皮皮虾精选视频
皮肤美白
盆栽式复绿
盆阳桃江县三名学生前往资江浮邱山乡毛家桥村乱石滩河段玩耍事件
盈香生态园
益寿北路658号
盐城响水天嘉宜化工厂爆炸
监听用户聊天记录
监听用户聊天记录推送广告的功能
监守自盗
监护人有责任赔罚并举
监护责任
监护问题
监控
监控发现异常一幕
监控在执法事件中的作用
监控实拍武汉一女子向楼道门把手吐口水
监控小学生注意力
监控录像
监控录像确凿
监控录像记录
监控拍下两人随桥夫落画面
监控拍下全过程
监控拍摄事件
监控拍摄的2019/6/9印尼苏门答腊岛的锡纳朋海底火山爆发
监控拍摄的2019/6/9苏门答腊岛的锡纳朋海底火山爆发
监控拍摄的2019年6月9日苏门答腊岛锡纳朋海底火山爆发
监控曝光广西一汽车失控撞上行人4死6伤警方通报：肇事者系汽车4S店员工
监控画面
监控画面显示
监控视频
监控视频中黑屏后面目全非
监控视频显示火山喷发后黑屏
监控视频线索
监控视频记录
监控视频黑屏一分多钟
监控记录
监控证据
监控透明化问题
监测
监测结果
监理方
监禁
监管与执行之间的矛盾
监管失职被问责
监管缺位
监管职责
监管薄弱地区
监管部门
盒饭后续
盖茨否认借新冠疫苗植入人体芯片：不知道这阴谋论从哪来的
盖茨基金会
盗取手机联系人信息
盗取银行账户信息
盗窃嫌疑人王某
盗窃数额达到立案标准
盗窃电动车
盗窃电动车案件
盗窃电动车行为
盗窃累犯
盗窃罪
盘他
盘州
盘锦天气信息
盛世和尚敛财
盛世烟花绽放大绵阳2021必将璀璨美好＠TA一起来观看绵阳烟花秀
盛水湾路
盛鹏辉
目击动物确为东北虎
目击疑似巨型老虎
目击者
目击者及周边居民
目击者称
目前人工智能水平
目前人类
目前在获嘉县
目前我国
目前无生命危险
目前犯罪嫌疑人
目前犯罪嫌疑人仍在潜逃当中公安机关正全力搜捕犯罪嫌疑人
目前生活无虞
目前调查进展
目前非洲有多少了
目测效果
目的是遗忘其真实样貌
盲区
盲目入境求医
盲目创新健身方式
盲目跟风指责
直击两江洪水丨临街房屋被淹数辆汽车泡水
直击两江洪水丨洪峰过境合川：城区多处积水 营救转移被困群众约600人
直击利奇马 紧急扩散临海今晚或将发生超历史性大洪水周边武警、消防紧急驰援临海挺住
直击现场
直升机
直升机坠毁事故
直升机救援
直升飞机
直径1.5至2米的巨石
直接丢弃
直接喷洒除草农药
直接扇嘴巴
直接把日本刮飞
直接拘捕
直接暴露身份
直接法办
直接照护女儿
直接经济损失
直接经济损失超290亿元
直接驱逐出境吧
直插男子后脑勺
直插蓝天波音737从玉林 福机场升空正式试飞广西
直插蓝天波音737从玉林 福绵机场升空正式试飞广西
直插蓝天波音737从玉林 福绵机场升空正式试飞广西 飞机
直播
直播 经济生活 经视
直播 都市
直播、广告、短视频制作
直播南阳
直播字幕滚动内容
直播安排
直播带货
直播微视评：小学生扶老人被讹反转 别让网络暴力讹了老人
直播微视评：小学生扶老人被讹反转 别让网络暴力讹了老人}
直播德阳
直播报道
直播日照
直播日购
直播时间为每天上午06:00－24:00
直播深圳
直播深圳粉丝群
直播生活
直播生活全媒体
直播生活全媒体开启捞干的说
直播生活晚高峰
直播画面
直播画面内容
直播解答果农提问
直播邯郸
直播间咨询指引
直新闻App 官方抖音号
直新闻App 官方抖音号～合作wx：sztvzbgatwx
直新闻App官方抖音号
直行车道
相互理解
相似度99%的:cb 9 机器人! oit 可以請您稍微介绍一下 usive 自己的出身有能力吗
相似度极高
相似正文内容
相信你
相关事件
相关事件地点信息
相关事故记录
相关人员
相关信息
相关关键词
相关内容
相关内容已被平台澄清
相关冲突
相关出入境政策
相关利益背景
相关区域
相关单位或人员
相关善后工作
相关回应
相关图片和内容
相关图片和视频内容
相关安全演练
相关宣传内容
相关对话
相关工作人员行为
相关店铺负责人
相关当事人
相关影像未被证实
相关悼念活动
相关情况
相关情况正在调查中
相关情况正在进一步调查中
相关抖音号
相关报警情况
相关报道
相关报道内容
相关损失赔偿
相关措施损害美国消费者利益
相关措施损害美国自身利益
相关政府领导和部门
相关故事
相关数字描述
相关数据
相关数据和语音文件
相关文本信息
相关新闻事件
相关新闻内容
相关晶体样本
相关机构名义
相关标签
相关核实结果
相关案情
相关灾情情况
相关灾情证实
相关环保作品
相关现场
相关画面
相关画面或信息
相关真实事件发生
相关真实事件记录
相关真实事故发生
相关真实事故报道
相关示威
相关签证服务
相关管理措施
相关细节
相关统计
相关考古发现
相关舆情
相关航空管制机构
相关行政命令
相关视频
相关视频内容
相关视频和图片
相关视频来源
相关视频画面
相关讨论
相关评论
相关评论内容
相关说法
相关说法系误传
相关调查
相关调查与防范工作
相关责任人
相关责任单位和责任人
相关车内画面被曝光说法
相关部门
相关部门介入处置
相关部门介入调查
相关部门加强监管
相关部门处置
相关部门已辟谣
相关部门正在现场处置
相关频次标记
相同信息
相对于机器的弱点
相对较好就业机会
相应处罚
相应责任
相应驾照
相当奇怪无法理解
相比其他专业研究生
相符
相继落水
相邻厂房
盼平安
省、市、区公安机关
省、市领导
省卫健委派出专家组全力救治伤员
省州正能量短视频
省市区三级公安机关
省应急厅派出调查组迅速查明事故原因
省点钱
省级三级
省道
省道511线来贵公路莲花山隧道附近路段
看30送20
看30送20的幽默说法
看30送20的调侃式宣传
看一次哭一次
看不出都有啥
看不清提词器
看世界
看世间百态记录美好时代投稿邮箱：670535995@qq.com 商务合作微信：sunhongyu3666
看个📺发现的碰瓷党2019环邢台国际公路自行车赛
看了海市蜃楼美景
看了让人心酸😔保护环境人人有责🙏@抖音小助手
看亚美尼亚和阿塞拜疆互毁
看住好疼呀
看出来是哪里了
看别人发了微信朋友圈好像死了
看到了无形的力量在运动
看到好怕啊
看到最后我终于放心了
看到校长奔跑着查看每个教室的样子感动哭了
看到消息后大家纷纷主动参与献血援助
看到老人跪地时民警也是跪地搀扶泪目
看到被撞瞬间舒服了
看到车来了才跳的
看到这个场景我的眼泪止不住地流
看到这场境就看哭了
看到这条视频的朋友……
看到这画面真的让人难受剥夺一个人的生存权益天地不容
看哭了
看哭了宝宝加油
看啊日的蝴蝶
看大同
看大同 大不同
看大片的感觉
看天下知冷暖
看妙招姐学小妙招让你的生活变得更有趣商务wx：18657012181（注明来意）
看安国 观天下 做有温度的融媒体 感谢关注 欢迎投稿
看安徽 知天下
看完后感动的哭了
看完流泪了
看完眼眶湿润了双目
看常州观天下
看度
看度君
看度视频
看得我泪流满面
看得我都掉眼泪了
看成都
看我手抓病毒
看我把你别停
看我把你逼停
看护责任
看放烟花的
看来吃瓜群众不只是中国有
看样子象钓鱼人就在那里开钓吧
看滁州 观天下
看烟花
看热闹不嫌事大不小心一个炮弹跑偏了
看热闹不嫌事大伊朗民众爬上山头现场看阿塞拜疆和亚美尼亚互射导弹实在太近太危险了
看热闹的从不来不嫌事大
看牙时眼中进灰尘
看病
看的就是沧桑感几千岁的老爷爷非要打扮成小鲜肉
看看它长什么样吧@抖音小助手
看看我的车牌号值多少钱？合适就转了😁😁
看看新闻
看看新闻Knews
看看新闻Knews的作者简介
看看新闻作者简介
看看百度吧这是个求婚视频
看着吓人脑子都出来了
看着心疼
看着心酸宝宝加油
看着有点像水浒传里面的片段
看着这个背影真的哭了
看着都烫
看着都疼一定要严查
看着都疼河北自行车手比赛分神撞碎安全车玻璃
看管儿童
看节目点关注撤稿/投稿邮箱70071625@qq.com
看见宝宝扬起胳膊要抱抱我双眼湿润了
看见棺材升官发财平安吉祥
看见棺材升官发财平安吉祥言论
看见生活点滴
看见美好
看见美好视频投稿：下载天目新闻App上传至潮客频道邮箱：tianmu8531@126.com
看视频就知道山竹的威力大
看车了 看车了 这车好漂亮啊
看驼鸟终于会飞了
看齐榜单
真...
真不想吵醒他火已灭好好休息
真人真事
真假
真假口罩区别在于中间层假的一点即燃真的不起火
真假啊 不知道
真假难辨
真傻
真口罩中间层为熔喷无纺布
真口罩特征
真可怕
真喜庆这个礼物印象深刻
真够拼的老太自残式碰瓷坐地用头猛撞小车保险杠
真好
真好吃
真好吃评论
真实
真实、深度、温暖
真实事件
真实事件不符
真实事件佐证
真实事件依据
真实事件关键词
真实事件地点
真实事件地点为重庆南岸区余山镇
真实事件基础上夸大
真实事件描述
真实事件支持
真实事件支撑
真实事件要素
真实事件记录
真实事故
真实事故依据
真实事故发生
真实事故记录
真实交易
真实交通事件
真实交通事故报道
真实交通事故记录
真实人鱼
真实伤亡情况
真实依据
真实信息
真实关闭公告
真实军事冲突事件
真实军事对抗事件
真实农业操作
真实医疗事件支撑
真实医疗政策
真实印钞记录
真实历史事件
真实历史事件背景
真实历史记录
真实反映钟南山参与国际抗疫交流的事实
真实发生
真实发生事件
真实发生于意大利的情侣殉情事件
真实发生的个案
真实发生的交通事故
真实发生的交通事故新闻
真实发生的公开事件
真实发生的公开演讲
真实发生的公益运输事件
真实发生的刑事案件
真实发生的利比亚沿海偷渡船倾覆事件
真实发生的厂房倒塌事件
真实发生的国际自行车赛事事故
真实发生的安全事故
真实发生的安全生产事件
真实发生的安全生产事故
真实发生的安全生产事故案例
真实发生的意外事故
真实发生的执法误会事件
真实发生的新闻
真实发生的新闻事件
真实发生的新闻报道
真实发生的新闻案件
真实发生的正能量事件
真实发生的正能量新闻
真实发生的洪涝灾情
真实发生的火灾事故
真实发生的火灾救援事件
真实发生的社会事件
真实发生的自然灾害事件
真实发生的自然灾害事故
真实发生的舆情事件
真实发生的酒驾查处案例
真实发生过
真实发生过乘风破浪现象
真实变质情况
真实台风事件背景
真实地点为艳湖社区集贸市场
真实天文现象
真实天文观测记录
真实存在
真实存在的动物毛色
真实存在的消费乱象
真实存在的美国山火事件
真实存在该群体行为
真实安全警示信息
真实应急指导意义
真实影像
真实性
真实性不成立
真实性与科普价值
真实性争议
真实性待确认
真实性未获证实
真实性核查结果
真实性缺失
真实性被否定
真实性被核实
真实情况
真实情况为一起因车辆违停引发的多车追尾事故
真实情况为军方转运遗体
真实感
真实感人
真实战争场景
真实技术术语
真实抗洪行为
真实抢劫案件记录
真实报道
真实拍摄事件
真实拐卖事件
真实排队情况
真实政策变动
真实政策情况
真实故事
真实数据
真实数据支持
真实新闻
真实新闻中未提及朴槿惠去世
真实新闻事件
真实新闻事件被碎片化传播的情形
真实新闻报道
真实新闻报道内容
真实新闻来源
真实新闻来源之一
真实新闻来源支持
真实新闻来源支撑
真实新闻记录
真实机器人
真实案件
真实气象事件
真实气象记录
真实气象记录支持
真实洪涝原因
真实演出配置
真实火山爆发
真实火星影像
真实火灾地点
真实火灾逃生救援过程
真实灾害事件
真实灾害背景
真实灾害记录
真实灾情
真实燃放行为
真实状态
真实生态威胁
真实生物学行为
真实疫情事件
真实疫情滞留情况
真实疾病
真实病例记录
真实社会事件
真实社会事件报道
真实社会关切为背景
真实社会救援案例
真实社会新闻事件
真实社会矛盾背景
真实社会舆情反映
真实科学成果
真实科学操作
真实科研动态
真实空难记录
真实考古发现
真实自然灾害事件发布的新闻
真实自然现象
真实航班记录支持
真实航空事故
真实航空管理记录
真实落水事故事实依据
真实落水救援
真实视频摘自人民新闻
真实警情
真实警情依据
真实警情通报
真实记录
真实记录我们生活的这个时代… 联系投稿可加VX:balsamico3
真实记录美好生活
真实运营
真实违法事件
真实险情
真实食品安全警示
真实食品安全问题
真实黑匣子数据
真巫师真能抓到病毒
真心付出帮助别人快乐自己兼职安装空调的化工人
真想给他打把伞
真挚
真新闻
真新闻中提及的关键词
真新闻事件
真新闻信息
真新闻框架下的局部虚假信息
真新闻背景下的夸大与误导性呈现
真新闻要素
真新闻要素被夸张演绎
真是一波未平一波又起美国加州和密歇根州等多地发生山火部分山林被烧毁
真是不寻常的一年活着就好
真是既心酸又好笑
真是～惨
真有啊
真有这个吗
真棒
真棒评论
真正喜欢狗的人
真正在太空跳都会被大气层烧成火花了
真正想死的人没人救得了
真正意义上的医院船
真正的大英雄
真正的寄生虫
真正的幸福是无忧无虑无灾无病
真正的明星
真正的男人霸气十足拿的起放的下放的下照样拿的起
真正的看热闹不嫌事大
真正的马航车主车辆
真正落实
真正需要的人得不到
真水晶
真漂亮希望能把可恶的病毒感染统统炸死
真爱
真爱呀
真牛
真的假的
真的假的 真的
真的假的啊
真的假的啊这种事实还有假嘛
真的假的啊？
真的假的好像说是谣言
真的假的？
真的假的？质疑
真的吗
真的吗？民间有个说法放烟花爆竹可去邪杀菌相信一次武汉加油
真的回来了？那就真实报道一下
真的回来了？那就真实报道一下评论
真的很自觉的
真的是一会排成个人字一会儿排成个一字
真的有这样的人么？
真的来了蒙古国捐赠的3万只羊来了首批4000只于今日交付~
真相
真相令人泪目
真繁人
真美到炫晕
真胆大评论
真诚上进的人交朋友
真还不知道
真香我要发明船房了
眩晕
眼中物质为玻璃碎片
眼前一闪就跳过去就跑了
眼前人是心上人
眼泪变钻石
眼球塌陷
眼睛不适
眼科主任
眼见为实一定要看到最后
眼部不适
眼部分泌物
眼镜男的处理结果
着巡合影
着巡合影图
着巡合影图像
着巡合影影像
着巡合影影像图
着巢栏状
着火
着火事件
着火点
着火点一公里范围内人员
着陆平台南向约10米处
着陆平台合影
着陆平台影像
着陆平台熠熠生辉
着陆平台附近
着陆点全景
着陆点全景图
着陆点全景影像图
着陆点附近地势平坦
睡着
睡着且面部肌肉停止抽动
睡觉戴安全帽
睡觉时将手机放头边
睡觉时将手机放枕头下
督导检查
瞎传 谁去意大利了？
瞬间冲垮
瞬间看哭愿平安
瞭望智库乡村振兴观察员
矛得做年例好多鬼嗲过
矛盾
矛盾调解
知世-搜狐国际新闻
知南宁 爱南宁在这里 读懂南宁
知危险平安行
知名地产评论员
知名大V
知名自驾游达人
知名评论人分享一些有趣的事
知情不报或涉嫌包庇者
知情人
知情人士
知情人爆料
知情人透露
知情人透露信息
知情者
知情者提供信息
知情者提供线索
知法犯法
知行合一自强不息
知识分享
知识分子命运
知识创作人
知识永远战胜愚昧
知识解读
知足常乐随遇而安
知道橘子洲为什么叫橘子洲了吧这个季节上面的橘子都红了可以随便摘可甜了
短
短信内容
短发女子
短发女子与女孩之间
短发女子猛烈踢踹
短时强降水
短时强降雨
短时强降雨引发
短暂和解
短期内
短期内无法通行
短期训练
短片解说由
短短一分钟
短短一分钟生命结束
短短时间内
短短的视频也是人民的力量
短视频信息
短视频创作经验
短视频小助手
短视频广告行为
石亭江大桥
石亭江大桥部分垮塌
石块
石块分布与预期一致
石基网友
石墨研究室石黑教授
石墨研究室石黑教授（ISHIGURO Lab. Prof. ISHIGURO）
石头上
石头口门水库出现问题
石头口门水库出现问题传言
石头口门水源地
石头口门水源地起车起泵
石头雨成因
石头雨现象
石头雨真实发生
石家庄井陉
石家庄井陉一小学生扶起摔倒大妈竟被一家人讹上
石家庄人做完肛拭子检测秒变企鹅
石家庄人做完肛拭子检测秒变企鹅走路一瘤一拐
石家庄公安交警
石家庄公安交警微信公众号
石家庄公安交警部门
石家庄居民做肛拭子后集体变企鹅
石家庄广播电视台官方快手号
石家庄广播电视台生活频道省会119
石家庄新闻广播AM882 FM88.2
石家庄新闻广播·石家庄的声音
石家庄日报客户端官方快手号
石家庄核酸检测中使用肛拭子采样场景
石家庄的声音
石林镇政府党委书记
石柱县气象局工作人员
石柱县降雨量
石油价格
石油价格战
石油作为工业的血液请问你们有多少廉价油要卖我们照单全收
石浦古城
石浦古城都是水了
石溪路
石黑浩
矿泉水瓶魔法
矿泉水被抢购一空
砂石围堰
砍
砍人情节
砍价链接
砍伤奶奶并扬言自杀
砍刀
砍得好
砍得好留言
砍死奶奶
砍第三者应该无罪
研究发现茶水能大幅降低新冠病毒传染力～特别是茶叶泡的红茶
砖块
砖头
砖家背锅
砖庙镇曹家沟村
破历史极值
破坏保护装置后操作
破坏摁钮救人
破坝险情
破拆车辆
破损
破案效率
破门而入
破风支持
砸中职业学校楼顶
砸中路侧一间厂房
砸伤老人
砸店
砸毁黄金专柜实施抢劫
砸车
砸车窗盗窃
砸锅卖铁也要买
砸锅卖铁完成婚事
硕大生物
硝酸铵
硝酸铵储存不当
硝酸铵管理失职问题
硫化氢
硫化痕迹
硬气两位驾驶员霸气
确为真实新闻
确保学生安全
确保安全
确保生命财产安全
确凿医学案例支持
确凿证据
确凿证据支持
确定是首相都没有专车驾驶员保镖不真实
确实
确系在明代蜀王府旧址上修建
确认
确认为东北虎
确认事实
确认属实
确认老人已身亡
确认车型为日产纳瓦拉的评论
确诊35713例
确诊3人
确诊患者
确诊患者先救治后结算
确诊患者密切接触
确诊感染新冠病毒
确诊新冠的内地女子
确诊狱警
碎片四散、一片狼藉
碎片飞溅
碎瓷片
碎石
碎石飞溅
碎石飞溅十余米
碑的一声巨响
碧桂园
碧桂园具体地点
碧波荡漾
碧溪烟花制造有限公司
碧溪烟花制造有限公司出资方
碧溪烟花制造有限公司名下工区
碧溪烟花制造有限公司负责人
碰撞
碰撞事件
碰撞事故
碰撞包袋未道歉
碰撞造成的物理破坏
碰瓷
碰瓷儿? 夏津一女子逼停大货车 却被另外一辆货车撞倒
碰瓷包恶讲
碰瓷行为
碰瓷送命
磁力作用
磁场问题
磨西日報
磨西日报
示威游行活动
示威现场缺乏口罩防护现象
示威者
示意画面
示范带动作用
礼仪之邦
礼县新寨
礼让急救车辆
礼钱太多
社交媒体
社交媒体传播内容
社交媒体广泛传播
社交媒体用户
社交媒体视频
社交媒体讨论
社交媒体评论
社交媒体误传
社交平台
社交平台发布内容
社交平台流传视频
社交平台用户
社交平台讨论
社交平台评论区
社交恐惧情境产生共鸣
社交网络
社交距离措施
社会
社会 生活 法制
社会不公
社会中的善意与正能量
社会争议
社会体育指导员
社会公众
社会共情
社会共责观点
社会关于扶贫中扶志的讨论
社会关切话题
社会关注
社会关注点
社会关注猜测
社会关注讨论
社会关爱卡（合肥通）
社会冲突渲染
社会加强沟通、消除分歧、恢复秩序
社会动荡
社会危害风险
社会压力
社会压力与经济困境对个体的影响
社会压力讨论
社会反响强烈
社会反思
社会各界
社会各界关注
社会各界监督
社会太发达了
社会婚俗现实问题
社会对不同行为的双重标准
社会对外卖从业者权益讨论
社会对弃婴问题的深切关注
社会对心理健康应对机制的检视
社会对执法过当的检视
社会对种族歧视的检视
社会对职业尊严的关注
社会尊重军人
社会广泛关注
社会广泛哀悼
社会广泛悼念
社会情绪
社会情绪对比
社会戾气加重的担忧
社会排斥
社会无业人员
社会正气
社会正能量
社会正能量体现
社会正面评价
社会治安稳定
社会热点
社会热点话题引子
社会监管
社会矛盾
社会矛盾加剧
社会福利中心
社会秩序
社会管理秩序
社会类假新闻
社会紧迫趋势
社会舆论
社会舆论压力
社会舆论反应
社会讨论
社会责任
社会贫富差距问题
社区干部
社区排查及号码核实
社区物业工作人员
社区负责人
社长
社长知道
社长等渠道传播
祁县附近
祈愿
祈愿世界和平的观点
祈愿中国医疗工作者平安健康的正能量
祈愿人员平安
祈愿人员平安评论
祈愿和平
祈愿家乡平安
祈愿家乡平安的留言
祈愿平安
祈愿平安声音
祈愿平安情绪
祈愿平安留言
祈愿平安的情感
祈愿平安类评论
祈愿平安言论
祈愿平安讨论
祈愿平安评论
祈愿性留言
祈愿性观点
祈愿情感
祈愿情绪
祈愿是个误会
祈愿是个误会的评论
祈愿疫情早日结束
祈愿类
祈愿类情感
祈愿类留言
祈愿评论
祈求平安
祈求平安看清坍塌酒店整个建筑的结构破碎的楼层和房间内部让人揪心
祈求表情
祈祷
祈祷与惋惜
祈祷为主
祈祷人人平安
祈祷全球平安的内容
祈祷内容
祈祷平安
祈祷平安浙江临海全城被淹 或发超历史性大洪水 目前水位正下降
祈祷平平安安
祈祷平平安安留言
祈祷性表达
祈祷情绪化表达
祈祷所有人平安无事
祈祷无人伤亡
祈祷无人员伤亡
祈祷没有伤亡
祈祷等祈福类表达
祈祷类评论
祈祷表情符号
祈祷言论
祈祷评论
祈祷都平安
祈福
祈福与关切
祈福与支持
祈福与驱疫意图
祈福乘客平安
祈福声援
祈福康复
祈福所有人平安
祈福类内容
祈福类留言
祈福类言论
祈福表情
祈福表情[祈祷][祈祷][祈祷][祈祷]
祈福言论
祖先真聪明
祖先真聪明评论
祖国万岁
祖国万岁评论
祖国人民盼望你们毫发无损地回来
祖国伟大
祖国加油
祖国威武
祖国强大
祖国强大发展特别快感谢我的祖国带来的幸福
祖国是你们在外游子坚实的后盾
祖国是你们的后盾
祖国杂志社
祖国杂志社 v❤️tiandaochouqinyzzsjc
祖国生日快乐
祖国的强大
祖国的热爱
祖孙
祖孙三代共同居住
祖孙二人
祖孙团聚
祖孙用绚丽多彩的舞姿展现给观众
祖孙组合
祖孙过铁路被火车撞倒身亡事件
祝你化蛟变龙
祝你好运
祝你永远都开心快乐
祝全国人民平安
祝安康
祝宝贝健康成长
祝平安
祝愿华人和岛国人民平安
祝愿所有消防员安全回家
祝所有驾驶员一路顺利安全到家
祝沫沫早日康复
祝法官大人家庭美满婚姻幸福最重要的是家和万事兴早生贵子
祝福受害者
祝福女神
祝福情绪
祝福意图
祝福法官家庭幸福、婚姻美满的留言
祝福甘肃人民安康
祝福祖国繁荣昌盛
祝福类评论
祝融号
祝融号与着陆平台的合影
祝融号任务期间真实拍摄图像
祝融号任务进展
祝融号传回影像
祝融号在火星上的自拍 镜头感十足天问一号首批科学影像图公布首次火星探测任务圆满成功热门抖音小助手
祝融号太可爱了
祝融号好萌
祝融号实地拍摄
祝融号影像技术
祝融号成功登陆火星
祝融号拍摄的360度全景图像为视频
祝融号拍摄的首批科学影像……标题
祝融号拍摄的首批科学影像图
祝融号拍摄的首批科学影像来了祝融号火星车与着陆平台这张合影太萌了
祝融号拍摄的首批科学影像火星车与着陆平台这张合影太萌了我国首次火星探测任务取得圆满成功
祝融号拍摄的高清影像图
祝融号火星摄影作品
祝融号火星摄影作品相关视频
祝融号火星车
祝融号火星车与着陆平台合影
祝融号火星车与着陆平台的合影
祝融号火星车在火星上的自拍图
祝融号火星车影像成果
祝融号火星车拍摄
祝融号火星车拍摄成果
祝融号火星车拍摄的影像成果
祝融号火星车拍摄的首批科学影像图
祝融号火星车看着镜头呢~好可爱
祝融号火星车自拍图
祝融号火星车自拍首秀
祝融号火星车自拍首秀是P图合成的
祝融号火星车行驶至着陆平台南向约10米处
祝融号火星车首批摄影作品公布
祝融号火星车首批摄影作品公布快来看～小祝融发自拍啦航天 火星
祝融号火星车首次多角度成像
祝融号点赞
祝融号登陆火星
祝融号登陆火星事件
祝融号的火星摄影作品公布
祝融号车底
祝融号首批科学影像图
祝融竟如此萌萌哒惹人爱
祝贺
祝贺玉林福绵机场试飞成功
神tm不落鸟
神仙附体
神奈川县
神操作
神秘氛围
神秘现象
神秘的、神奇的、都在这里🔺主页上方加入探秘粉丝群随心畅聊
神秘研究所所长
神秘空中奇观
神秘高科技设备
神秘龙样水怪
神秘龙样水怪描述
神秘龙样水怪描述内容
神秘龙样水怪现象
神秘龙样水怪视频描述内容
神经断裂
神评
神话联想
神速破案系列今早柳州犯下杀人命案的6人下午全被部落网破案
神龙现身猜测
票房价值或吸引眼球的目的
票款自动全额退回
票款退回
祸从天降
祸兮福所倚福兮祸所伏
禁小车
禁小车呼吁
禁止与支付宝等8款中国应用进行交易
禁止人员进山
禁止停车区域
禁止停车路段
禁止化肥、化学农药进入境内
禁止城市养狗
禁止市民前往嬉戏
禁止投喂
禁止村民进山
禁止村民进山从事生产经营活动
禁止游客擅自采摘果实
禁止游泳警示标志场景
禁止破坏植被
禁止美国与八款中国应用交易
禁止美国个人和企业与8款中国软件交易
禁止该游客入园
禁止销售化肥农药
禁止销售化肥农药已开始实施
禁止销售化肥农药已开始实施关键词
禁止销售化肥农药已开始实施相关信息
禁止销售化肥的时代已经来临
禁渔期内
禁渔期规定
禁用区域说明
福 第二种用谁呢用有德无才的人
福利院
福大命大
福州
福州事件
福州仓山区百花洲路
福州仓山区百花洲路一钢构铁皮厂房
福州市台江区
福州市消防救援支队
福州市消防救援支队指挥中心
福州广播电视台资讯融媒体中心
福州新闻网抖音视频中心
福州红星苑小区
福州红星苑小区垃圾分类屋
福布斯
福布斯发布文章点赞抗击疫情的亚洲企业家
福建平潭
福建平潭发生银行抢劫事件
福建日报社东南网
福建是否也有类似政策
福建泉州
福建泉州一宾馆
福建泉州一宾馆倒塌事件
福建泉州一宾馆倒塌约有70人被困已救出23人
福建泉州欣佳酒店坍塌事故
福建泉州欣佳酒店坍塌事故现场
福建泉州鲤城区南环路
福建电视台第一帮帮团栏目
福建省、市、县三级公安机关
福建省内法治事件
福建省内的事情爆料联系私信
福建省泉州市
福建省法治类新闻报道
福建省漳浦县部分非法开采企业
福建省漳浦县非法开采企业
福建省莆田市仙游县郊尾镇湖宅村
福建莆田
福建莆田一男子200公里时速行车撞死摩托车主
福建莆田仙游县郊尾镇湖宅村一家四口死亡事件
福建莆田宁海大桥
福建莆田市城厢区华亭镇356国道
福建莆田市城厢区华亭镇356国道往仙游方向
福建莆田摩托车高速撞桥墩事故
福建融媒体资讯中心直播福建官方抖音号
福建龙岩人
福彩
福特异虎
福特异虎是否为涉事车辆
福田指定隔离酒店满员
福田隔离酒店
福祸关系
福绵区石和镇旺久村
福锦区
福龙中蜂公众号
福龙中蜂的成长历程
禹治洪
离世
离世人数
离你那远吗
离台
离奇且信息模糊
离奇情节
离婚
离婚了刚变成前夫就要如此冷漠吗？
离婚手续
离婚手续办理地点
离婚等方式解决婚姻危机
离婚纠纷可能发生人员伤亡
离家出走
离开
离开时应补贴生活费
离异
离结婚日子仅有三天了女方突然要求增加十万彩礼
禽兽不如
禽兽不如男子暴打儿女致其惨叫还强逼儿女互拍被殴视频 曝光
私了
私人定制
私人捐赠
私信
私信,评论
私信及爆料邮箱tougaolygsjt@163.com
私信我要曝光
私信或发送至指定邮箱
私信或拨打热线0771-5690127
私信或邮件
私信授权
私信方式
私信本报 视频爆料赢千元大奖
私信爆料
私信联系
私信联系作者
私吞存款
私家车
私家车坠河事件
私家车需配合避让
私房钱不少
私生子
私聊
私自格式化监控视频
秋名山车神
秋名山车神啊
秋季安全生产提醒
种族平等议题
种族歧视执法
种族议题讨论
种植过程中可能存在用药情况
种玉米好啊
种群数量达临界值时自发组织集体自杀
种群数量达到临界值
科创汽修厂
科学与实用性
科学事实
科学价值
科学依据
科学依据支持
科学依据支持其特殊天象意义
科学信息和防疫指导
科学合理
科学家
科学家是国宝
科学家研究认为
科学家遇害
科学家遇袭细节
科学常识
科学应对措施
科学影像图
科学影像图为P图合成
科学影像图被质疑P图合成
科学支持
科学数据支持
科学核实
科学核实结果
科学爱好者
科学界强烈反对
科学真实性
科学证据或观察记录
科学防疫与传统文化冲突的关注
科学防疫措施
科学验证
科幻电影中的不可能
科幻电影中的不可能正在实现
科幻电影里的很多不可能现在都实现了
科技复杂性
科技或机器人领域无关
科技现实
科技霸凌
科技馆
科技馆门前
科普
科普号
科普号shb96005900
科普性质的警示信息
科普知识
科普节目风格
科比
科比去世消息
科比及其13岁女儿
科比大女儿听到父亲去世后哮喘发作被送医
科比大女儿因哮喘住院
科比大女儿纳塔利亚
科比大女儿纳塔利亚太让人心疼了
科比女儿
科比球衣号码
科比长女娜塔莉亚·布莱恩特
科目一是否有此说法
科目一里面有这种说法吗？？？？
科章 NE3 WE 四人
科章 NE3 WE 四人打麻将被抓
科陌颜
科音APP
秒变企鹅
秒拍
秒拍平台
秒拍视频
秒河视频
秒间视频
秒闻视频
秒闻视频 发布
租赁法拉利
租赁资格
租车公司
租车行
租金无法兑现
秦园路路口
秦园路路口已临时封闭
秦安
秦安县
秦安县发生特大山洪泥石流造成重大人员伤亡和疏散
秦安县特大冰雹引发的山洪泥石流
秦安县融媒体中心
秦岭
秦岭作为千年鸟道每年9月迎来西伯利亚候鸟迁徙
秦岭千年鸟道上演候鸟迁徙大片
秦岭是我国南北的千年鸟道
秦岭猕猴桃
秦岭谷地平流层
秦汉
秦汉等了她一辈子
秦腔
秦至
秦臻
秦视听
积了大德了
积极、亲切幽默
积极、稳健、有见地
积极抗癌的真实故事
积极救治
积极正面
积极灾后信息
积水
积水严重
积水中跳舞
积水成灾
积水或落石
积水清理和救援工作
积水路段
称不准问题
称另一个视频说不是高空坠物是打架斗殴
称只有动物会说阵亡美军是失败者
称呼准确性
称在北京野生动物园有游客向鹿投喂口罩
称场景如同动漫再现
称很可能是一场恐袭
称朝阳医院内有人持刀伤人
称赞国产实力的内容
称赞外卖小哥身手了得
称赞态度
称赞性评论
秸秆还田
移交仪式
移位下沉
移位下沉事件
移动支付流行
移动新闻客户端
移动方舱实验室
移动方舱实验室投入使用
移动方舱隔离病房
移动楼房说法
移动的房子
移动的房子不断升值
移动的房子不断升值情节
移开广告牌
移花接木式假新闻
移花接木痕迹
程国新
程国新评论
程茗
税务处罚时间
稳如泰山
稳定
稳定收入
稳稳接住
稿费
穆赫森·法赫里扎德
穆赫森·法赫里扎德在德黑兰遭暗杀说法
穆赫森·法赫里扎德座车
穆赫森·法赫里扎德真实情况
穆赫辛·法赫里扎德
穷也有福
穷在闹市无人问富在远山有远亲
穷怕了历史记忆
空
空中
空中出现类似飞碟的不明物体
空中浩劫
空中看长潭水库泄洪壮观
空中飞人
空乘人员
空值
空军一号
空军一号下降过程中
空军一号与小型物体
空军一号与小型物体近距离飞过事件
空军一号曾从一小型物体上方飞过
空军一号险撞疑似无人机事件
空军一号险遭无人机撞击事件
空军一号飞行路径下方
空军多个军团
空列表
空地废弃油桶
空头支票
空手夺刀
空标题
空气环境好评论
空气质量
空的
空秆
空营喷绘条幅制作及舞台印刷
空视频
空评论列表
空评论区
空调外机
空调管道等设施受损
空调连续爆炸两次
空调连续爆炸两次事件
空间
空间受限
空难
空难伤亡情况通报
空难发生
空难逃生
空集
空驶里程
穿上防护服是对他人的负责而脱下防护服陪伴女友最后一程的意大利情侣最终双双离世
穿塑料二厂
穿好救生衣
穿牛仔服年轻男子
穿粉色衣服的女士
穿袈裟人员
穿越时空只想见你
穿过铁道时一定要遵守信号灯和安全员指挥在确认安全的前提下快速通过防止意外发生
穿防护服的警察
穿风衣男子
穿高跟鞋所致
突出中国医护形象
突击队
突发
突发 危险瞬间 消防 @北京消防
突发 杭州钱塘新区一化工厂起火 消防员 正在现场扑救 一定要平安归来 独家
突发 桥被冲毁了
突发!紧急!湖北恩施建始县遭遇大暴雨县城被淹
突发三一大道万家丽高架桥下西往东一面包车翻下护坡车辆竟被撞成这样有人被压车底长沙
突发上海2号线事件我平生第一次摁钮救人
突发事件
突发事件、时事趣闻、热点追踪
突发事件发生时间
突发事件日新东路一塔吊掉落交通中断 昆明
突发事投稿
突发事故类信息
突发今天上午武汉和平大道一工地发生塔吊倒塌有人受伤
突发今早海口一女子从20多层的高楼跳下不幸当场身亡目击者：现场惨烈......警方介入调查海南
突发印尼三佛齐航空公司客机坠毁机上有56名乘客
突发原创视频
突发原创视频与现场监控
突发四川宜宾发生山体塌方3车被砸3人轻伤万幸无生命危险
突发四川泸州发生山体滑坡导致多栋民房垮塌被埋人数正在核实
突发天津港保税区一工厂车间爆炸消防紧急救援
突发天津港保税区一汽车零件厂发生爆炸现场大量碎片漂浮空中事故已造成1死7伤
突发天津港保税区一车间发生爆炸事故事故原因正在进一步调查中
突发小车飞速冲进夜宵摊一桌多人被撞监控记录惊险一幕
突发尤文图斯全队隔离C罗送医祈愿是个误会
突发巨大爆炸
突发性过敏性休克
突发成都武侯区发生严重火灾 4人死亡24人受伤
突发新闻
突发新闻报道
突发新闻线索
突发有警示牌他却还是为了鸟窝倒挂在十几米的电杆上向下呼救……
突发朴槿惠所在监狱出现疫情：一狱警确诊 277名接触者紧急隔离
突发杭州一化工厂火灾
突发杭州钱塘新区大江东一化工厂发生火灾
突发武汉和平大道一工地发生塔吊倒塌
突发武汉市武昌区和平大道一建筑工地塔吊发生倒塌安全生产无小事警钟长鸣
突发武汉武昌和平大道与秦园路路口一工地塔吊倒塌
突发江苏连云港一化工厂爆炸连续3次巨响知情人称工厂内至少8人上班
突发泥石流事件
突发泥石流新闻
突发泥石流楼上居民冲楼下大喊快点跑
突发浙江海宁一印染厂污水罐体坍塌 已致4人死亡 16名伤者送医
突发浙江海宁一印染厂污水罐体坍塌救援仍在继续愿平安
突发浙江海宁发生一起污水罐体坍塌险情已致4死16伤目前现场正在紧张救援中
突发浙江海宁许村一印染厂污水罐体坍塌救援仍在继续愿平安@抖音小助手
突发海口一23岁男子从15楼坠下警方：已排除他杀
突发海口一23岁男子从15楼坠楼
突发海口一公司厂房发生爆燃现场有人受伤
突发海口一名女子从4楼坠下 已被送医抢救
突发海宁一家印染厂污水罐发生疑似爆炸目前有4人死亡16人受伤
突发状况
突发莫斯科街头发生枪战有人疑似持AK47开火
突发车祸事件
突发这一地区全面禁止销售、使用化肥引导农资店下架化肥
突发黑龙江一客车坠桥
突发：杭州一化工厂今早起火并发出巨响消防人员前往处置年关将近希望平安
突如其来的心酸
突感身体不适
突然
突然坍塌的墙体
突然坍塌的墙体压入10米深坑
突然坍塌的墙体掩埋
突然坍塌的房屋
突然坍塌的房屋埋压
突然扑入深水区
突然整体坍塌
突然泪目
突然泪目评论
突然涨水
突然爆炸
突然身体不适
突破10w粉丝
窃取数据
窑洞居住安全
窒息
窒息死亡
窒息身亡
窖井
窖井水中作业
窖井盖被冲起
窖井盖被冲起 公交当船开
窖井附近
窖井附近严禁明火
窗户玻璃碎裂
窘境
窜出去了没让后面的失望最起码能多过两三辆
立下战功
立中原 网天下
立中原网天下 www.zynews.cn
立交桥坍塌
立交桥塌了表述
立即报警
立即马上释放我们的同胞
立即驱逐出境
立志不做最惨官方新闻热线：025-83195110
立杆
立案
立法保障医务人员安全
立法先行、充分授权、分步推进
立法打击碰瓷行为
立秋 人民广场
立足
立足中原面向世界向世界传递河南声音讲好河南故事
立足山东服务全国
立足广东传播世界权威发布直击现场每晚广东广播电视台公共频道7点直播
立足广东传播世界权威发布直击现场每晚广东广播电视台公共频道7点直播 投稿邮箱：dvxcxmt@163.com
立足广东传播世界权威发布直击现场每晚广东广播电视台公共频道7点直播 抱料投稿看这里👇👇👇 邮箱：dvxcxmt@163.com
立足广东传播世界权威发布直击现场每晚广东广播电视台公共频道7点直播 爆料投稿看这里👇👇👇 邮箱：dvxcxmt@163.com
立足广东传播世界权威发布直击现场每晚广东广播电视台公共频道7点直播 爆料投稿看这里👇👇👇邮箱：dvxcxmt@163.com
立足承德、放眼世界有角度、有深度、有温度态度认真、三观正直、传播正能量
立足攀西 看世界
立足本土传播九洲
立足本地文化传播武汉人、事、物第一视角第一时间放眼世界
立足本地讲好郑州故事放眼世界传播郑州声音
立足江淮 放眼世界 用新闻人的情怀 求真知 问真相 我们与你同在
立足法治关注检察这里是广西钦州市钦北区人民检察院
立足西安辐射西北面向全国诚信高效互利共赢13892866722/18202973835
站务员
站在山头上围观炮火
站在山头上看战事
站在山头观看战争
站在山头观看阿塞拜疆和亚美尼亚交战
站在桥上看红水
站姿不当
站点上方商场积水所致
站队言论
竞选集会演讲
竣工验收备案
童书体验官
童年目击经历
端午黑默哀
竹筒中
笑哭
笑容助力全民dou战役
笑死我了
笑死我了[笑哭]
笑死我了哈哈哈哈哈哈哈
笑死我了评论
笔误
符合执法规定
符合条件人员
符合条件的市民
符合高坠死亡特征
第12届中国珠海航展
第15号台风
第19号台风
第19号台风海贝思
第19号超强台风海贝思
第19号超强台风海贝思登陆日本事件
第340224420190003172号
第一
第一个笑到我了
第一个绝对不是美人鱼
第一个违章行为
第一名与第二名成绩首尾数字组合
第一名夺冠
第一头牛
第一岛链
第一张罚单
第一张违停罚单
第一批电竞本科生即将于2023年夏天毕业
第一批电竞本科生要毕业了：就业情况特别好但严格来讲没有从事电竞工作的同学
第一时间
第一时间、第一现场
第一时间分享资讯
第一时间协助
第一时间掌握国际热点动态及时了解海外如何看中国
第一时间第一现场
第一时间第一现场尽在直播南阳
第一次抢劫
第一次抢劫后14小时
第一次案发后两个半小时
第一次看到这么壮观的由北往南的迁徙鸟阵
第一次购买的产品
第一财经
第三代
第三代双季稻亩产3000斤攻关测产
第三代身份证
第三代身份证功能的比喻
第三代身份证增加定位功能了
第三代身份证实施时间
第三代身份证新增定位功能
第三代身份证自带定位功能
第三只
第三只外逃豹子
第三只外逃豹子仍未找到
第三只小豹子被捕
第三只小豹子被捕并被猎狗咬伤事件
第三只豹子
第三只豹子半死
第三只豹子在转塘被捕并被猎狗咬伤
第三只豹子在转塘被捕获被十几只猎狗咬得半死[流泪]
第三只豹子被十几只猎狗咬得半死
第三只豹子被捕获
第三套住房按2.5%年征
第三次世界大战
第三次世界大战后人类文明倒退
第三次世界大战的武器
第三次通告
第三辆18路公交车
第二
第二个是海豚
第二只
第二只出逃豹子
第二只出逃豹子被搜救犬咬死
第二只外逃豹子
第二只外逃豹子已被捕获
第二套住房超人均60平方米部分按评估价1.5%年征
第二师司法局
第二张罚单
第二张违停罚单
第二次抢劫
第二次清理
第二波蝗虫来了数量是上次的20倍有毒不能食用
第八条
第四
第四套住房按4.5%年征
第四届广西梧州粤剧节
第四届广西（梧州）粤剧节
第四次世界大战
等你们平安归来
等候信号灯通行的电动自行车
等待25年终成正果
等待事件清白的那一天
等待拉货任务
等待救援
等待燃气燃尽
等待维修
等待调查结果
等着养肥了再吃
等边三角形
等靠要思想
等风来不如追风而去追逐就是人生的意义
筒瓦宽度
答应赠米
策划师
策划摆拍
筹款
筹款进行骨髓移植
签名
签订契约
简介
简介信息
简介描述为, 关注民生,传播正能量
简单 快乐 平安 健康 就好
简单快乐的女孩刘海燕以理科满分698分考入哈佛大学近期代表中国参加美国学术论坛荣获第一
简单有效分辨
简易程序
简短留言
简阳
算不算虐狗？
算差账了第一遍没抢够
算谋杀吗
管不住[赞][赞][赞]
管也管不住谁听呢
管好自己的路怒症交通安全
管涌
管涌点
管涌险情
管理套路
管理方
管理方监守自盗
管理混乱问题
管理能力有限
篡改虚构内容
篮球
篮球园
篷布
篷布所致
米
米兰
米兰时装周
米国是病毒中的埃博拉
米格-21战机
米格-21战机坠毁
米格-21战机坠毁事件
米格-21战机坠毁视频
米格-21机型
米格-21机型确实老了
米歇尔·奥恩
米油等物资
米猪肉（含寄生虫）
米离开
类似事件
类似事件后果严重
类似事件频发
类似事故
类似企鹅的行走姿势
类似传言
类似反种族主义抗议
类似塌方在农村长期存在
类似天气现象在现实中常见
类似安全隐患存在
类似川剧绝活的变脸特征
类似情况
类似抗议活动
类似案例
类似案例经历
类似桥段
类似水晶的物质
类似浓烟的尘雾
类似现场经历
类似现象曾在河南出现
类似经历
类似老虎的身影
类似自行活动的诡异现象
类似荒诞现象
类似虎啸声
类似虎啸的声音
类似虐待儿童事件
类似行为
类似行为目击陈述
类似遭遇经历
类似问题再次发生
类似飞碟的不明物体
类似高空抛物事件频发
类比调侃内容
粉丝争相购买
粉丝互动
粉丝惋惜
粉丝疑问
粉丝的关注与陪伴
粉丝群信息
粉丝群满员情况
粉尘遇明火引发爆炸
粉紫色天空
粉身碎骨
粗盐
粗盐混合口水才有效
粗盐破窗说法
粤E12844
粤N CH900…你火了
粤NCH900
粤T44222油罐车
粤X0818
粤语
粥粉
粪便等样本
粮仓筒仓
粮仓筒仓的作用
粮食安全
粮食安全应对措施
精准
精准推送现象
精准诊断
精功眼镜【全国连锁】
精干力量开展侦查
精彩绝伦训鸟者付出多少汗水
精杂湖
精神不大正常
精神低谷
精神可嘉
精神困扰被男友报警求助
精神小伙
精神性疾病可能
精神疾病
精神疾病医院
精神疾病可能
精神病还是情绪失控？为何如此残忍？
精选视频
系列报道之二
系打架所致
系真实交通执法事件
系真实新闻
系统性问题
系统标注
系虚假信息
系虚假信息传播
系虚构
系表演
系误标
系迷信行为
素善堂
素心
素材
素材来源
素质
素质修养
索赔200万元
紧张情绪
紧张救援
紧张氛围
紧张进行中
紧张音效
紧急
紧急制动措施
紧急刹车
紧急呼叫
紧急呼叫操作流程
紧急呼叫装置
紧急场景下的卫星消息传输
紧急处理
紧急情况
紧急情况先拆火花塞再砸窗
紧急手术
紧急扩散浙江临海全市被淹今晚或还将发生超历史性大洪水一定要注意防范
紧急抗疫
紧急拦停货车
紧急拦停货车行为
紧急提供1000亿美元资金
紧急提醒
紧急撤离建筑物
紧急救援
紧急救援行动
紧急救治
紧急湖北恩施州建始县暴雨引发内涝已启动防汛I级应急响应
紧急湖北恩施降雨引发内涝正紧急转移疏散受灾群众都要平安
紧急疏散
紧急维修
紧急踩停失控车辆
紧急转移受困群众任务
紧急转移受灾群众
紧急转移和疏散行动
紧急转移工作
紧急转移被困群众
紧急转运和疏散群众
紧急通告
紧急通知
紧急通知发布时间
紧急避孕药千万不要乱吃
紧急避孕药危害大姐妹们千万不要乱吃
紧急防疫氛围
紧握拳头动作
紧贴桥体
紧贴桥体通行
紫外线
紫外线照射人体内部
紫外线照射或注射消毒剂建议
紫红色
紫红色天空
紫红色天空现象
紫色现象
紫荆山路或二七广场附近发现大型墓葬群
紫荆山路或二七广场附近大型墓葬群
紫薇怡萌
紫薯爆料袋
累了困了醒一夏
累了躺会儿
綦江实际水文数据
繁峙县
繁峙县公安局交警大队
繁峙县公安局交警大队一名工作人员
繁峙县公安局交警大队工作人员证实
繁峙砂河镇报道
红光满天
红包信息
红包雨最高888元
红古区融媒体中心
红古区融媒体中心发布内容
红嘴鸥
红嘴鸥为去年到访的一家子繁衍扩大所致
红嘴鸥迁徙
红嘴鸥迁徙 到长江边看鸟了重庆dou知道
红墙黄瓦的美观
红峰
红旗飘扬景象
红星新闻
红星新闻官方账号
红星视频
红果
红桥区咸阳北路街道办
红烧肉常温过夜亚硝酸盐含量
红绿灯弹射起步
红绿灯弹射起步行为
红绿灯弹射起步行为描述
红绿灯弹射起步被罚
红绿灯弹射起步被罚款
红绿灯弹射起步被罚款事件描述
红绿灯弹射起步违法行为
红绿灯弹射起步违章
红绿灯设施
红绿灯路口
红绿灯路口弹射起步
红绿灯路口弹射起步被罚
红网
红网官方账号
红色
红色兰博基尼
红色女式包
红色烟雾
红色精灵大兴安岭雪地惊现火狐狸
红色表示忘我
红色袋子内
红色警报
红色预警
红衣男子
红谷滩小丸子
约1.5万名巴黎民众
约1.68亿桶原油
约1000个床位
约100名高考考生
约10多秒后
约12岁女性乘客
约13公里
约14公里
约1小时
约1米多长镰刀
约2000米
约20分钟
约20岁女子
约22:30
约27000名自卫队成员及警察、消防等救援力量
约2700吨硝酸铵
约291斤油泡
约29岁男性驾驶员
约2万只考拉
约2万平方米
约3.5级地震
约3000升酒精
约30万只老鼠
约30岁、微胖、个子不高
约30辆军用卡车
约37吨沙子
约3万元人民币的黄金手链
约3米长的湖边护栏
约42万元人民币
约4个月大的男婴
约4小时
约50颗类似水晶的物质
约540公斤迷迭香提取物
约550元人民币
约56%的非洲城市人口
约5700名群众
约5亿只鸟类、哺乳动物和爬行动物
约600名被困人员
约600斤
约650万外国游客
约6万人受灾
约7000栋房屋进水
约70人被困
约7万名硕士从事外卖行业
约7万名硕士送外卖的说法
约三分之一无法与父母双方共同居住
约三小时后
约翰·阿奎利诺上将
约翰·阿奎利诺言论
约翰逊
约翰逊亲民
约翰逊无官架子
约翰逊每日骑单车通勤
约翰逊病情进一步恶化
约翰逊骑行是作秀
纪录片珠峰清道夫
纪律作风整顿
纪检机关和公安机关同步介入
纯天然植物
纯属虚构
纯手工面部骨骼调整实现瘦脸效果
纯红细胞再生障碍性贫血
纱窗
纵火可能
纵火可能担忧
纵火相关行为被查
纵观世相
纸尿裤
纸条内容
纸短情长
纸箱
纸箱旁红色袋子
纸糊的都比这牢表述
纸糊的阳台言论
纹身将被拘留说法的回应
纺织品、鲜花等主要出口产品
纽约一能源公司
纽约发生爆炸 天空出现巨大蓝光
纽约商业区
纽约时报广场
纽约消防
纽约港
纽约爆炸
纽约皇后区
纽约皇后区发生爆炸 蓝色亮光照亮天空
纽约皇后区变压器爆炸
纽约皇后区变压器爆炸事件
纽约皇后区商业街大爆炸
纽约皇后区商业街附近Con Edison电力公司电站
纽约皇后区施坦威爱迪生公司变压器爆炸事件
纽约警方
线上咨询与报名通道
线上指导抗疫工作
线索
线索征集
线索投稿邮箱
线路被迫停运
线路途经
练歌房
练车费用
组建巡逻队
组织大规模鸭群赴巴灭蝗
组织疏散与灭火
组织者
细微出入
细思极恐
细思极恐拍照比剪刀手竟然可能会泄露指纹信息？
细节
细节失实
细节夸大问题
细节矛盾
细节缺失
细节被描述
终于有盼头了
终于来接我了
终于看到好消息了
终于等到你❤️时刻关注时事、新鲜事、本地事小强热线 热情不变
终审结果
终将珍惜当下
终生禁止再入行业
终生禁驾
终身保修
终身监禁
终身禁驾
终身软件升级
终身难忘体验
绍兴
绍兴拉响红色警报
绍兴消防队伍
绍兴鸭子
绍兴鸭子军团
绍兴麻鸭
绍兴麻鸭退役后
经120抢救无效死亡
经停站
经典广告 皮卡背飞机紧急迫降你见过没相当震撼
经分析认定
经区金域仕家小区北门
经医院诊断
经历
经国家航天局权威发布及影像分析确认
经常路过该地
经开区
经手红会等机构
经抢救无效死亡
经核实
经核实不存在
经核实不实
经核实不属实
经核实为伪造
经核实为假新闻
经核实为夸大或虚构
经核实为虚假信息
经核实为虚构
经核实信息
经核实属于假新闻
经核实属于真实新闻
经核实无虚假信息
经核实未发生
经核实未证实决口属实
经核实的真实事件关键词
经核实确认
经核实系虚假信息
经核实结果
经治疗已无大碍
经法医鉴定
经济估算
经济压力
经济压力导致生育意愿降低
经济发展
经济合理性讨论
经济和情感上的温暖
经济困境
经济增长放缓
经济损失
经济收入
经济收入较低
经济晚报 速新闻 经济晓银
经济来源中断
经济生活 从今天起合肥有3.6万人可免费乘坐地铁公交
经济补贴
经综合判断
经营服装店
经营秩序
经营者就不怕那个被吓死在上面
经视法眼瞰天下
经视直播就在你身边
经视频 制作中心
经警方通报确认
经诊断
经费支持
经过专业这些的确不是真的已经证实辟谣了真正的马航车主车辆应已被送还家属
经过图像锐化的画面中
经过渲染的真事片段
经过紧张救援
经过约3小时奋力扑救
绑匪爬阳台
绑架勒索作案
绑架勒索案作案手法的类比评论
结伙殴打他人行为
结冰水面
结冰湖面
结冰湖面行走
结冰的湖面
结婚
结婚证
结婚证信息
结婚证真实性
结尾语句
结局令人舒适
结局完美
结局爽
结局舒适
结局舒适留言
结束了桂东南出行靠走路的历史
结束对安邦集团的接管
结构杂乱
结果…
结果一下插到钢筋上了
结果未出
结论尚需更多科学研究证实
结识新朋友保持老朋友
绕行
绕行公告
给上海地铁点赞
给中国军人点赞
给予奖励或发起捐款支持
给予老人物质补偿
给予老人精神补偿
给他500万
给准备离婚的妻子观看
给北京青年报视频发布官方平台
给大家做个示范剪开口罩取中间层用打火机烧一下没有火苗的是正品口罩能着火的是不合格的
给山东人长脸了
给我留一碗哈
给抗洪添堵的恶
给救灾添乱
给木耳打农药
给校长点赞
给点钱表达心意
给美来个20级的台风怎么样
给英雄点赞一定要平安归队
绚丽多彩的表演
绝了
绝命追逃
绝大多数猴子
绝对是不诚实的希拉里干的
绝对是龙
绝对的支持
绝望中不放弃希望
绝症
统一的工作流程与标准
统计数据
绥中县职专在校学生
绥化市文化广电和旅游局
绥芬河
继承手续
继承权公证书或法院判决书
继承权存在争议时
继杨文医生事件之后
继消毒液打入肺部后又一创新
继续封锁以保护环境
继续工作
继续拳打赖先生
继续提价
继续继续
继续行骗
继续说继续说
继续隔离吧
继续骑车上下班
绳子
绳索
绳索套身
绳索捆绑
绳索断裂
维修期间
维护中印边境地区和平与安宁
维护医护人员合法权益
维护医疗秩序
维护国家主权的讨论
维护法律权威
维护物种平衡
维护网络清朗
维拉·松圭
维持偶像形象
维持原不予立案决定
维持原判
维持死刑判决
维持秩序的警察互相叫骂
维生素B2
维生素B2三个多月
维生素B2可治疗小宇病情
维生素B2每片价格
维生素B2治疗
维生素B2治疗方案
维生素C
绵竹
绵竹九龙灵官楼
绵竹九龙灵官楼突发大火号称亚洲第一高木塔被烧毁
绵竹市相关部门
绵阳
绵阳涪江流域
综合事实核查
综合判断
综合研判结论
综合网络
绿了猜测性言论
绿化假象
绿园区西安大路以北地区
绿园居民
绿地工地
绿地武昌长江中心项目
绿地频繁被误关联
绿漆刷山
绿肥种植
绿色不行要喷成草青色
绿色农特产品
绿色喷漆规避
绿色崛起
绿色无公害产品
绿色是防航拍的不二选择
绿色有机农业发展
绿色油漆
绿色表示走神
绿茶
缅怀之情
缅怀先烈铭记历史奋发图强
缅甸
缓冲作用
缓刑一年
缓刑依据不明
缓刑四年
缓慢行驶
缓解
缓解停车难问题
缓解大学生空虚寂寞情绪
缓解火葬场压力
编号
编号为No.020722的车厢
编号为Z1的窑址立面
编的严紧点 正规媒体报道
编织袋
编辑
编辑人
编辑和后期
编辑操作选项
编辑错误
编辑错误或信息混淆可能
编造
编造事件
编造信息
编造的假新闻
编造虚假新闻
缘分啊😂😂@抖音娱乐
缘分的深浅总是忽近忽远；人心的冷暖总是一直变幻
缙云新碧某工厂发生火灾
缝合目的
缠绕吸油纸或锡纸实现
缴纳罚款
缴获赃车
缺乏事实依据
缺乏事实依据的信息
缺乏医学依据的项目
缺乏医学依据问题
缺乏可信度
缺乏可验证事实的虚假信息
缺乏基本安全意识
缺乏实证支持的言论
缺乏感恩之心
缺乏权威佐证
缺乏权威信源佐证
缺乏权威信源支持
缺乏现实基础
缺乏科学依据
缺乏科学依据的美容方法
缺乏科学依据的虚假内容
缺乏科学依据的说法
缺乏育儿常识
缺失
缺失标题信息
缺失肢体的狮子状况描述
缺德恶心抓得好要求对这种没有公德心的人严惩@抖音小助手
罐体前封头
罐体坍塌所致
罐内混入泡沫
罐车被卡住
网上关于五道口·宏楠的个人资料
网上订票
网上请愿
网传38车连撞、17人死亡
网传上海工地视频
网传上海工地视频到底在建啥？参建方：公租房 上海
网传上海工地视频真相核实报道
网传上海立达学院有学生在结冰湖面行走时不慎落水
网传信息
网传信息称上海大宁郁金香公园有儿童在冰面玩耍落水
网传涉事女子为妇联主任
网传男主播直播性侵未成年女性的视频
网传羊群进入二连浩特的视频
网传视频
网传视频实为游戏CG
网传说法
网传车主赔偿3000元
网传辽宁抚顺发现老虎当地回应来了
网传马来西亚巫师施法抓新冠病毒
网友
网友しう忙多坊
网友争议
网友共鸣
网友关切与担忧
网友关注
网友关注与讨论
网友关注和热议
网友前往采摘
网友发布的视频
网友呼吁
网友呼吁内容
网友呼吁评论
网友多数
网友大量评论
网友安慰与感慨
网友实拍洪水过境下的重庆汽车像纸片一样被冲走
网友对其健康状况的质疑
网友对其狱中生活状态的议论
网友对司机平安的祈愿
网友对城市劳动者敬意的讨论
网友对安全操作的讨论
网友对安全的期盼
网友对极端气候下学童生活的讨论
网友对沐梓画作的赞美与鼓励
网友对火星探索的想象
网友对矛盾激化的讨论
网友对该事件的正面评价
网友对遇难者的祈祷
网友对道路安全的讨论
网友尝试呼吁
网友广泛不满
网友广泛关注
网友广泛关注与讨论
网友广泛感动与点赞
网友广泛感动和赞誉
网友广泛点赞
网友广泛点赞与感谢
网友广泛致敬
网友广泛讨论
网友广泛赞誉
网友建议
网友强烈反应
网友强烈愤慨
网友心疼
网友怀疑与调侃
网友态度
网友情感共鸣评论
网友情感表达
网友惊叹与讨论
网友惋惜情绪
网友感动
网友感动留言
网友戏谑评论
网友投稿
网友投稿作品
网友担忧与反对评论
网友拍摄视频
网友指出的事实纠正
网友探访
网友推测
网友提及
网友提及的物资短缺情况
网友提及说法
网友提问
网友提问这是哪儿涨这么大的水？好可怕哟
网友支持孩子
网友支持言论
网友晒出结婚证
网友普遍观点
网友普遍质疑
网友正面评价
网友泪目评论
网友热泪盈眶评论
网友热烈反响
网友热烈讨论
网友热议
网友热评
网友爆料
网友爆料内容
网友爆料小狗倒地被反复拎起
网友爆料福建莆田一名男子驾驶君威轿车超速行驶
网友猜测
网友留言
网友留言你有没有去捡？
网友留言内容
网友留言厉害
网友留言又是天津港
网友留言希望人没问题安全第一
网友留言电城清源湾惠多多
网友留言还有功夫去拍视频要先捡钱
网友祈愿评论
网友致敬
网友落泪
网友观点
网友解释
网友言论
网友讨论
网友讨论内容
网友评论
网友评论中
网友评论内容
网友评论类型
网友评论质疑
网友调侃
网友调侃与畅想
网友调侃回应
网友调侃式评论
网友调侃或质疑态度
网友调侃看着别人吃饭太馋了
网友调侃评论
网友质疑
网友质疑内容
网友质疑评论
网友购买八宝粥又遇新套路这粥能喝吗？
网友赞叹
网友转发助力团圆
网友转发助力寻亲
网友转发帮助寻亲
网友转发扩散帮助寻人
网友追问
网友陈述
网友鼓励留言
网友：上海变海上
网友：严惩狗主人
网易娱乐2019年2月报道
网易新闻
网易新闻旗下热点短视频账号
网曝厦门一女子持砖从天桥跳下 落在过路客车顶后又重摔在地
网曝外卖员殴打商家两人打一人原因引发热议
网曝广西一水库渍坝
网民
网民广泛关注
网民情绪化表达
网民提问
网民提问怎么处理呢？
网民爆料
网民留言
网民留言永远最心疼消防员你们辛苦了
网民评论
网监提取信息后
网监部门提取信息即予拘留
网站建设
网红
网红整骨魔法瘦脸
网红长沙标签
网络
网络不是法外之地抓得好
网络争议
网络传播
网络传播信息
网络传播内容
网络传言
网络传言后车追尾引发爆炸
网络传言威尼斯海水变清、海豚回归
网络依赖性
网络俚语调侃
网络假新闻
网络关注
网络内容
网络创作或影视作品
网络反映的问题
网络宣称身份不一致
网络害死人
网络巡查行动
网络巡查行动已开始
网络巡查行动真实性
网络平台
网络广泛传播
网络广泛哀悼
网络广泛热议
网络恶搞
网络恶搞或PS生成的假新闻
网络恶搞类假新闻
网络戏谑性质的虚假信息
网络戏谑评论
网络扫黄
网络拼接
网络拼接旧视频
网络搞笑评论集合
网络摆拍卖惨博流量行为
网络摆拍卖惨类假新闻
网络旧闻的恶意拼接与夸大
网络杜撰
网络梗
网络梗和夸张描述
网络段子
网络水军刷评行为
网络流传
网络流传事件
网络流传信息
网络流传假新闻
网络流传公告图片
网络流传图像或视频片段
网络流传截图
网络流传模板
网络流传的不实信息
网络流传的伪历史叙事
网络流传的伪科学说法
网络流传的假新闻
网络流传的夸大不实信息
网络流传的夸大性虚假信息
网络流传的夸大性表述
网络流传的掉落画面
网络流传的虚假信息
网络流传的虚假新闻
网络流传的虚假画面
网络流传的虚假警示信息
网络流传的虚假食品安全谣言
网络流传的虚构情节
网络流传的误解
网络流传虚假信息或夸大演绎
网络流传视频
网络流行语
网络游戏影响
网络激烈讨论
网络炒作
网络热议
网络热议中
网络热词
网络现象
网络用语
网络用语大吉大利
网络用语式赞扬
网络短视频内容
网络短视频平台
网络短视频标题
网络素材
网络综合
网络综合整理
网络编造的假新闻
网络舆论
网络虚假信息
网络虚构
网络虚构内容
网络虚构或恶搞类信息
网络虚构或误传
网络虚构类假新闻
网络表述
网络视频
网络视频传播
网络视频转发描述
网络讨论
网络讨论与争议
网络评论
网络评论内容
网络评论讨论
网络误传
网络误传影像
网络误传素材
网络调侃
网络调侃式表达
网络调侃用语
网络调侃色彩
网络调侃言论
网络调侃讨论
网络调侃语
网络谣传
网络谣言
网络谣言或虚假信息
网络赌博输钱
网络转发呼吁
网络违法犯罪举报渠道
网络迷因
网络道德争议
网罗天下 7彩生活
网行千里目至广大
网行千里目至广大发布的信息
网警在线已经辟谣
网警辟谣
网速提升
网页 地图 贴吧 应用 新闻 知道 百
网页链接
罕见
罕见变脸鸟
罕见的事
罕见美景
罗庄区
罗某
罗某日常奢靡生活照
罗永浩
罗永浩直播带货
罗湖区某私立中学
罗纳尔多有这胖吗？
罗马帝国
罗马帝国窃取蚕种事件
罗马帝国贵族
罗马生活不常更新的日常😂
罗马统治者
罚他去喂狮子
罚到倾家荡产
罚单
罚款
罚款100元
罚款150元记0分
罚款1700元
罚款200元
罚款200元至400元
罚款200元记3分
罚款200元记6分
罚款200至400元处罚
罚款500元处罚
罚款500元太少
罚款三百元
罚款处理
罚款措施
罚款本金
罚至倾家荡产
罪业
罪犯当场示范视频
署名作者
羁押地点的4名特区政府工作人员
羊圈周边
羊场
羊坊城
羊城加油
羊城新鲜事
羊城新鲜事与你共关注
羊城晚报
羊城晚报官方账号
羊城晚报投稿邮箱
羊城晚报抖音号
羊来了蒙古国的3万只小肥羊都来了
羊来啦蒙古向中国捐赠羊交接仪式举行
羊群列队行进
羊肉
羊肉价格变化
羊肉分配问题
羊被咬死但没有吃掉
羊还在羊妈妈肚子里
羊：哇塞好爽可以出国旅游了
羌韵佳境、红色圣地地域形象
羌韵佳境红色圣地风貌
美84岁男子为不和妻子讲话装聋作哑62年
美丽
美丽四平 幸福家园
美丽开放的辛集欢迎您
美丽热线：15954492744
美丽的一道风景线啊
美丽的丽乔就成了这样
美丽的皮囊千篇一律有趣的灵魂万里挑一
美丽的神话
美丽的风景线越烧越旺
美丽风景线
美亲您好好心有好报
美亲您好好心有好报评论
美军
美军F-16用激光武器拦截解放军导弹？洛克希德·马丁宣传片暗藏杀机
美军仁慈号医院船
美军使用激光武器成功拦截伊朗导弹
美军军徽标志
美军出动10艘医疗军舰
美军前参谋长
美军十艘军舰一万张配套齐全的病床
美军实战测试两种高能激光武器具备边跑边打能力并可拦截巡航导弹
美军快准狠拦截伊朗导弹
美军战地摄影师
美军战地摄影师拍下抗美援朝长津湖之战九兵团冰雕连牺牲的影像
美军战地摄影师拍下的抗美援朝志愿军冰雕连战士牺牲时影像
美军战地摄影师拍摄
美军战地摄影师拍摄志愿军冰雕连
美军战地摄影师拍摄志愿军冰雕连牺牲瞬间
美军拍到中国志愿军冰雕连
美军拍摄到冰雕连影像
美军拍摄影像展现中国志愿军冰雕连真实场景
美军激光拦截伊朗导弹的场面
美军激光拦截伊朗导弹这场面第一次见
美军激光武器
美军激光武器实战测试计划
美军激光武器拦截伊朗导弹
美军激光武器测试
美军飞行员
美军高级将领
美到眩晕俄罗斯 数百驯鹿转圈跳舞保护弱小......
美印一唱一和
美印借中国之名推动军事合作
美印军事合作
美印海上军事合作
美味佳肴
美团
美团发红包支持外卖小哥
美团外卖
美团外卖员
美团外卖员催餐
美团外卖员发生肢体冲突
美团外卖员杨某
美团外卖官方微博
美团外卖小哥与商家起冲突 双方大打出手当街上演全武行
美团外卖小哥暴打商家
美团外卖骑手
美团小哥暴打商家
美团小哥暴打商家老板谁对谁错？
美团广告吧
美团影帝
美团骑手
美团骑手与赖先生
美国
美国CBS
美国CBS报道
美国N95口罩
美国N95口罩价格飙升事件
美国一位感染新冠病毒的患者
美国一名白人警察
美国一新冠病人在飞机途中死亡尸体在经停站搬下后飞机继续执飞
美国一男子
美国一男子疑因与人争执后放火烧山
美国三叉戟IID5导弹
美国与黎巴嫩人民
美国东海岸附近
美国为幕后主使
美国也开始抢口罩了
美国事件
美国五角大楼
美国五角大楼公布
美国五角大楼官方发布UFO视频了记忆中的第一次
美国人
美国佛罗里达州
美国佛罗里达州的飓风太壮观了
美国全国学术论坛
美国全国学术论坛中夺冠
美国全国学术论坛第一名
美国全国学术论坛记录
美国全国广播公司
美国全境
美国到处干坏事
美国制造出机器人妻子售价10万美金保修终身
美国前总统特朗普
美国加利福尼亚州
美国加利福尼亚州科比坠机事故不符
美国加州
美国加州和密歇根州等多地
美国加州集体跳海自杀特朗布哭了
美国医疗军舰部署行动
美国华盛顿
美国华盛顿特区
美国反种族歧视浪潮
美国口口声声讲自由市场与公平竞争
美国可能另有意图
美国各地
美国名将辱骂中国功夫被功夫快外卖小哥KO
美国名将辱骂中国功夫被功夫快外卖小哥KO的评论
美国哈佛大学
美国哈佛大学录取刘海燕理科698分
美国唯一一艘派往纽约的医疗军舰
美国回国
美国国会
美国国内抗议者
美国国内管理混乱
美国国务院发言人
美国国务院发言人言论
美国国土安全部分析模型
美国国家航空102
美国国家航空102与埃航空难
美国国徽
美国国籍
美国国防部
美国国防部发布过UFO相关视频
美国国防部官员
美国壮汉
美国多地
美国多地社会骚乱
美国多套豪宅
美国大乱了
美国大使馆
美国大使馆前
美国大兵[笑哭]
美国大型能源企业
美国太空总署
美国太空总署实际拍摄
美国太空总署拍到
美国太空总署拍到世纪最强太平洋恶魔风暴
美国太空总署拍到世纪最强太平洋恶魔风暴山竹
美国太空总署拍到山竹风暴
美国太空总署拍摄
美国太空总署拍摄到 世纪最强太平洋恶魔风暴: 山竹 福
美国太空总署拍摄到世纪最强太平洋恶魔风暴——山竹
美国太空总署拍摄到世纪最强太平洋恶魔风暴：山竹
美国太空总署拍摄到台风山竹
美国太空拍到世界最强风暴山竹
美国女婴脸上抓痕
美国好多新冠患者跳海自杀
美国学术论坛
美国宇航员从3万9千米太空跳伞落回地球
美国宇航员从3万9千米的太空以血肉之躯纵身跃向地球
美国官方
美国实则实施科技霸凌
美国密歇根州
美国密歇根州一对父母
美国将领们
美国将领们认为是一场可怕的袭击
美国山火事件
美国康州一对老夫妻
美国开始抢口罩
美国当地时间5日
美国得克萨斯州
美国得克萨斯州南部
美国得克萨斯州境内一段边境墙
美国得州
美国德克萨斯州东部
美国德克萨斯州曼斯菲尔德港
美国总统徽章
美国惊慌
美国惊慌失措
美国投资者持有涉军中企证券
美国投资限制名单
美国抗议示威
美国抗议示威事件
美国拟限制中国科技企业政策动向
美国拳击冠军KONE
美国推出机器人妻子Alice
美国政府
美国政府无能
美国断供世卫组织
美国新冠患者跳海自杀尸体冲上岸
美国新冠患者集体跳海
美国新冠患者集体跳海事件
美国新冠患者集体跳海自杀
美国新冠疫情
美国新冠病人在乘坐飞机途中死亡 尸体搬下飞机后飞机继续飞
美国新冠病人在飞机途中死亡尸体在经停站搬下后飞机继续执飞
美国新冠肺炎二集
美国新冠肺炎感染者在海边自杀
美国新冠肺炎感染者在海边自杀打捞户打捞时目睹惨状令人不忍直视
美国新冠肺炎感染者量
美国是事件责任方
美国是在唯恐天下不乱
美国最大能源私企
美国最新机器人艾丽丝
美国最新机器人艾丽丝面世
美国泼脏水
美国洛杉矶市中心
美国洛杉矶市中心爆炸
美国洛杉矶市中心爆炸事件
美国洛杉矶市中心爆炸及火灾事件
美国派遣十艘医疗军舰进驻纽约港
美国海军
美国海军拍摄
美国海边
美国海边大量死尸图片与视频
美国男子
美国男子上海商场辱骂中国人 购物逃单还骂人你有什么可豪横的 😡支持严查
美国男子新冠去世留下大笔存款好友替他在广场撒钱
美国男子辱骂威胁华裔女子：给美国带来新冠
美国疫情严重导致大量新冠患者跳海自杀
美国病毒学家黛博拉·伯克斯
美国白人女子
美国白人警察
美国白蛾
美国白蛾危害
美国白蛾飞防作业
美国的喜剧家
美国的月亮别样圆
美国的民兵3
美国真实社会场景
美国社会动荡
美国种族问题和执法暴力的质疑与嘲讽
美国籍
美国籍男子
美国纽约皇后区
美国纽约皇后区一处商业街
美国纽约皇后区商业街
美国纽约皇后区商业街大爆炸
美国纽约皇后区商业街火灾爆炸事件
美国纽约皇后区商业街附近
美国纽约皇后区施坦威爱迪生公司
美国美墨边境地区
美国袭击的
美国警察
美国起源说
美国超市抢口罩精彩场面
美国超市抢购口罩
美国防部
美国防部说法不一致
美国陆军
美国黑人抗议活动
美国：火场爆炸消防员被烈焰吞噬
美国🇺🇸最新推出机器人妻子Alice艾丽丝
美墨边境
美墨边境墙
美墨边境墙倒塌
美墨边境墙倒塌事件
美墨边境墙质量
美墨边境墙部分结构
美女你在那看猴子那么多
美女哪里有那么大水
美女早上好这个作品有意思
美女晚上好今年真是不平凡的一年好好保重
美女机器人
美好如你所见
美好湖南你我守护
美好湖南你我守护我是湖南广电金鹰之声官方抖音号😃 欢迎投稿哦💕
美好电力温暖生活关注我更安全更省电
美好美
美姐上午好
美媒关注
美媒消息
美容
美容养生🌹让你健康快乐更漂亮年轻🤴女人不狠地位不稳🍎
美工刀
美工刀和铁锤
美拍中国
美拍中国原创视频创作者
美方
美方不要企图挑拨中非友好关系
美方封杀中国应用行为
美方将精力集中于本国疫情防控
美方应先反省自身
美方派遣十艘医疗军舰赴纽约
美方行为具有虚伪性和双标性
美方行为属无理打压
美方言论
美方言论既不道德也不负责任
美某乙
美欧全境
美白精华水关键词
美白精华水能让酱油褪色
美的
美的产品
美的创始人
美的创始人何享健
美的创始人何享健一家被劫持
美的创始人何享健一家被劫持儿子逃出别墅后渡河报警警方：已抓获5人
美的创始人何享健在佛山市自家别墅遭到挟持
美的创始人何享健被扶持
美的创始人何享健被挟持事件
美的创始人何享健遭挟持事件
美的创始人如何低调到劫持细节和内幕你必须知道
美的创始人自己家中遭遇劫持
美的创始人被绑架勒索案
美的创始人遭挟持
美的老总被劫持相关视频
美的集团
美的集团创始人何享健
美的集团创始人在家中遭挟持
美的集团官微
美的集团英文名称
美籍华人
美籍华人一家三口
美籍华人回国感染新冠肺炎需自费治疗
美籍华人回国治新冠被收费并引发争议
美籍华人回国治疗把医院投诉了@抖音小助手
美籍华人回国治疗新冠肺炎未获免费医疗
美籍华人回国要求免费治疗并投诉医院事件
美籍华人患者
美联社、卫报等外媒
美联航从奥兰多飞往洛杉矶
美舍嘉园
美颜十级磨皮
美食
羞辱与心理伤害
群、群主账号及群员账号
群主加强管理
群主及管理员
群主将被封号
群主账号被永久封号
群主账号被永久封禁
群众
群众23411人
群众4700余人
群众反映强烈
群众受困
群众呼吁加大打击黑恶势力力度
群众围观
群众安全
群众家庭财产安全
群众报警
群众报警维权
群众拦停质问交警违法行为事件
群众捡拾散落蒜瓣事件
群众撤离
群众监督
群众转移
群众转移工作
群众近千人
群体围圈保护弱小
群体性企鹅步态
群体敬意评论
群体犯罪心理
群体行为
群员账号将被永久封禁
群员账号被永久封禁
群居易管理特性
群成员
群成员账号被永久封号
群成员遵守法律法规
群死群伤火灾事故
群殴
群殴情节
群殴行为
群殴表述
群聊截图
群聊被封禁
群聊账号被永久封禁
群马县
羲之故里 商贸名城 物流之都
羽毛形似菜叶
羽田机场
翁东伟
翟雷涛
翟雷涛制作
翻入环江河中
翻我
翻滚打坐
翻滚数圈后坠落
翻炒2018年旧闻
翻船事故
翻越山峰等异常现象
翻车事件
翻车事故
翻转不停
翼877760
老乡们注意安全
老乡喷土色咋收费了
老乡坚强点没办法这是天灾
老人
老人下跪那一刻我湿了眼眶一句感谢已不足以表达……
老人不戴口罩翻墙回家被铁栅栏刺中臀部看着都疼
老人不要横穿铁轨
老人与儿童
老人与孙子
老人丢失包裹事件
老人为老不尊
老人伤势情况
老人伤情是否得到救治
老人余某某
老人使用器材动作危险
老人保暖
老人动作危险应负全责
老人半生积蓄
老人及其子女责任追究问题
老人取500元遭嫌弃随即取走两亿
老人取款请求
老人受伤
老人可能承受压力
老人向交警下跪
老人向民警下跪求助事件
老人和孙子
老人和孙子前往超市求助
老人因丢包向民警下跪求助
老人因没戴口罩翻墙出小区被栏杆插进了身体
老人在人群密集处进行高风险锻炼行为
老人在单杠上锻炼时将小女孩撞飞事件
老人在单杠上锻炼时将小女孩直接撞飞画面看着都疼
老人坐公交车丢失2万元救命钱交警立即载着老人连追三辆公交找回救命钱老人四次跪谢交警
老人安全
老人实施碰瓷逼退小轿车事件
老人家属
老人将公共器材当私人设施使用
老人带娃出行的安全问题
老人带着孙子去超市赊米下跪
老人带着孙子去超市赊米未果下跪
老人应承担主要责任
老人张某某
老人手被地铁门夹住
老人扶起
老人敲诈勒索
老人昏迷紧急送医事件
老人是否懂道理
老人暖脚
老人死亡
老人没有儿女？
老人消极无奈的情绪态度
老人用头撞击小车保险杠事件
老人的下跪感谢
老人的腿脚
老人的金钱感谢
老人眼睛流泪后长出晶体
老人获救
老人被4条恶犬咬伤事件
老人被数次摔倒在地
老人被火车撞击碾压事件
老人被车撞倒事件
老人遗失钱包情况
老人遭遇讹诈争议
老公在呢
老公的心在滴血
老友味道
老司机
老司机用皮卡车应急救援飞机的场景
老司机皮卡车救飞机
老墨
老外现场闹事被外卖小哥KO
老天保佑—切平安
老天保佑能快点化险为夷
老天有眼
老天爷你看看吧
老天爷保佑平安
老天爷别在下雨了
老天爷看顾穷人
老天肾结石
老天肾结石荒诞类比
老天这样就能？人太脆弱了
老天都看不下去了
老天都看不过去
老太
老太向交警下跪
老太太
老太太取五百生活费遭银行工作人员刁难下一秒放狠话取2亿
老太太太可怜了放了吧
老太太挺厉害啊
老太太挺厉害啊评论
老太太肯定很伤心被骗了那么多年
老奶奶
老奶奶去银行取500元遭工作人员嫌弃随后霸气表示那就取两个亿
老奶奶向超市店员请求赊米
老奶奶和孙子
老奶奶靠捡废品抚养孙子
老妈和姐从洪水中逃生
老婆生死在一起看哭无数人
老实人也有极限
老家
老家山东菏泽西安苗子美缝施工团队
老家被水淹
老家评论
老师
老师们
老师们组织学生避险
老师好样的
老师带领考生有序疏散
老师我想你了
老师教学不生动却强迫学生专注
老师教学生躲课桌下自己却跑了
老师数孩子的样子让我很感动
老师此前批评
老年人
老年人生命权的惋惜
老年人记性不好咋办
老年人锻炼
老年免费乘车群体
老年卡使用时段问题
老年妇女
老幼雌鹿
老庄沟村
老式轰炸机
老当益壮
老挝东南部阿速坡省一座水电站大坝
老挝东南部阿速坡省一座水电站大坝坍塌事故
老挝南部阿速坡省一水电站大坝
老挝水电站大坝坍塌
老挝水电站大坝坍塌 致多人遇难数百人失踪
老挝水电站大坝坍塌新闻
老挝水电站大坝溃坝
老挝水电站大坝溃坝事件描述内容
老挝水电站项目
老挝溃坝洪水来袭
老挝近半数水电站
老挝阿桑格诺伊水电站
老旧机型
老普玩的转
老板
老板一生平安
老板你这水漆怎么卖 这个很便宜的
老板兑现承诺
老板发大财
老板可能破产
老板要奖励这些勇敢的员工
老板让付饭钱
老板说：为了躲避航拍直接喷成绿色的吧有厂房的老板们你们有类似的经历吗？
老桥被洪水冲垮
老桥被洪水冲垮事件
老沙河南段
老炮大叔😊分享壮观 视觉震撼
老爷子演员生涯终结
老特迷惑行为大赏
老猴
老百姓太可怜了
老祖宗留下的私房钱
老祖宗的智慧不可思议
老美
老美为幕后主使
老虎
老虎伤人事件
老虎咬人事件
老虎咬人事件后续
老虎咬伤三人事件
老虎咬死饲养员事件
老虎咬死饲养员涉事马戏团回应：知道租给景区违规但无演出养不起
老虎猖獗
老虎身影
老铁们你们认为这些预言会实现吗
老顽童
老飞机性能问题
老鼠
考上大学
考公务员
考取上海公务员
考取上海公务员分配公租房
考古依据
考古工作
考古情况
考古新闻发布无直接关联
考古现场地点
考古记录
考古需上缴相关规定
考场
考场秩序
考察施工现场
考拉
考拉80%的自然栖息地
考拉也会哭泣
考拉功能性灭绝
考拉功能性灭绝报道
考拉功能性灭绝说法
考拉医院
考拉因大火导致功能性灭绝
考拉因山火濒临功能性灭绝
考拉因山火濒临功能性灭绝、数千人请愿迁居新西兰
考拉或将功能性灭绝
考拉或灭绝
考拉或面临功能性灭绝
考拉救助者
考拉数量仍达8万只
考拉正面临功能性灭绝
考拉生存危机
考拉的声音
考拉种群
考拉种群数量
考拉种群数量降至无法繁殖水平
考拉面临功能性灭绝
考核
考生
考生平安顺利
考生有序疏散
考生躲在课桌下避险
考生避险
考证工作
考试未通过
考试结束后
考试费225元
考试费用
考试通过
而事实是这个是广告真实情况这个小车再大十倍也接不住飞机
而今都是这个样往后还敢去指望啥？
而非妻子
耳背没听到
耸动表情
耸动表述博取流量
耿爽
聆听大自然的声音
聊天
聋哑人
职业学校楼顶
职业宠物美容师
职业操守
职业歧视问题
职业码字人
职业精神与人性光辉
职务侵占罪判决
职场宝妈边上班边接娃边照顾家庭努力把孩子留在身边让一家三口的生活更有趣
职工投录信息
职能部门
联乡路
联合国
联合国安理会相关决议
联合国官方声明
联合国宣布将汉语列为全球通用语言
联合国宣布汉语作为国际通用语言
联合国宣布汉语作为国际通用语言相关内容
联合国宪章
联合国怒斥言论
联合国怒斥：不认识汉字吗？
联合国教科文组织
联合国非洲经济委员会
联合国非洲经济委员会报告
联合国非洲经济委员会警告内容
联合国非经委执行秘书
联合国：非洲或将有30万人因疫情丧生
联合指挥部
联合救援
联想内容
联放心
联系人
联系人李占平
联系家长带回严加管教
联系微信
联系方式
联系方式齐全
联系电话
联系电话0571-88909090
联系电话信息
联系邮箱
联邦公路警察
聚乙烯制品
聚乙烯制品燃烧
聚乙烯制品（包装用）
聚众持械伤人
聚众持械伤人事件
聚众斗殴
聚众斗殴罪
聚众斗殿抢劫
聚焦商业 看见趋势
聚焦基层警事
聚焦正能量治愈每一天
聚焦民生 直击现场 欢迎投稿合作+V：habaoQMT 邮箱：772947401@qq.com
聚焦温岭槽罐车爆炸事故：现场炸成废墟肇事司机下落不明
聚焦社会热点 记录时代政能量 投稿&合作VX：zbzhushou
肃哥
肃穆、情感真挚
肆无忌惮的行为
肇东八里湖景区
肇事司机
肇事司机撞人后……
肇事司机杨某
肇事小轿车驾驶员
肇事者
肇事者周先生
肇事者已被捕
肇事者是否被找到
肇事车辆
肇事逃逸
肇事逃逸线索
肇事逃逸者被火车撞击身亡法院判决追赶者无罪
肇事逃逸行为
肇庆市公安局高要分局
肇庆消防力量
肉联厂
肉联厂保安
肉联厂保安言论
肉龄超过40年
肋骨骨折
肌肉萎缩无法站立
肌腱和神经断裂
肌腱断裂
肖像版权
肖女士
肖文晓
肛拭子变企鹅
肛拭子核酸检测
肛拭子核酸检测后
肛拭子核酸检测后疼痛
肛拭子检测后秒变企鹅
肛拭子检测引发异常步态传闻
肛拭子采样
肠粉店人员
肠粉店人员发生争执
股城热点2020年9月10日报道
股城网消息
肢体冲突
肥料
肥料农药信息台
肥料利用效率
肩部
肩部推举机
肩部推举机自行运动现象
肯定有外力作用
肯尼亚
肯尼亚当地华人捐赠的防疫物资
育儿
育儿日常
育儿焦虑传播谣言
育儿责任
育种问题
肺吸虫
肺吸虫传播途径
肺吸虫在人体内新钻出的洞
肺吸虫在人体内新钻出的洞导致出血
肺吸虫感染
肺吸虫感染所致
肺吸虫病
肺吸虫病传播途径
肺吸虫病感染
肺水肿
肺炎
肺炎感染与开枪事件
肺炎疫情
肺被钻出多个洞
肺部严重感染
肺部有寄生虫钻出的洞并出血
肺部有疙瘩
肺部注射消毒剂来杀死新冠病毒
肺部注射消毒剂设想
肺里都是虫子
肿瘤有关
胆大妄为
胆战心惊
背叛
背叛引发悲剧
背后发凉
背后是断食断水、鞭打折磨
背后有后台
背完方可离开
背景倚仗
背景徽章造假事件
背景特殊
背景音乐
背景音乐来源
背景音乐评论
背部、肩部、手臂、膝部等
背靠三条江喝酒当喝汤
胖子海鲜
胜大药房附近
胡万霞
胡先生
胡先生右眼
胡先生右眼严重受伤
胡先生右眼伤情
胡某
胡椒喷雾
胡椒喷雾攻击
胡楠
胱氨酸病
胳膊多处
胶
胶不能吃有毒 剧毒
胶卷
胶原蛋白
胶状物
胶状物质
胸口以上
胸椎骨折
胸腔
胸腹部
胸部
胸针
能不能打成捆了撒这样不好捡还不安全
能不能漂到东北来
能不能给我一条烤羊腿
能不能让我把这个视频保存下来麻烦您设置一下
能做家务吗？
能分辨我和真人之间的差异吗
能力有限管不了
能力有限管不住
能力越大责任越大
能否下高速
能否也给老师戴一个
能否休息后再去
能否发个位置
能否触碰耳垂的评论
能告诉我孩子活着吗
能感知紫外线
能捡
能正常吃奶
能流出水晶泪滴的怪病
能起身行走
脂肪瘤
脐带
脐带尚未剪断
脐针
脑 猪 子 油 勾 蒙 了 了 芡 心
脑出血中最危险的类型之一
脑室引流支架安装救治能力
脑干出血
脑机接口头环
脑瓜疼又扣分又扣分
脖子悬挂腾空式锻炼法
脖子悬挂腾空锻炼一年多
脖子纹身
脚上没看到哦
脚印
脚本与剪辑
脚踏实地做新闻
脚踏实地成就大小事丰富一点点
脚踢行为
脚踹
脚部
脱下自己的警服披在老人身上
脱下防护服陪伴女友最后一程
脱口秀演员
脱水
脱离网络的真正免费通话
脱落墙体
脱落墙体事故
脱险
脱险成功
脱险时机
脸是面子钱才是里子放下面子去赚钱才是成年人最大的清醒你认同吗？
脸朝下拖行数十米
脸部瘦相关的自我评价评论
脾气暴躁
腐败与监管失效
腰椎骨折
腰部
腹泻
腹痛
腹腔
腾出当地医院床位
腾讯
腾讯即将开始封群
腾讯将实行覆盖性封群
腾讯将开始覆盖性封群
腾讯将开展扫黄打非行动
腾讯将开展覆盖性扫黄打非行动
腾讯控股
腾讯新闻
腾讯新闻旗下生活类短视频分享社区
腾讯看点
腾讯看点快报
腾讯视频
腿部
腿部已娩出
腿部形似菜叶
膘肥体壮的羊踏着豪迈的步伐走来啦 蒙古国捐赠的首批活羊22日入境 媒体情报局
膜拜女司机
膨大剂
臀部被刺伤
自1月以来口罩需求猛增
自2019年2月起将在香港、内地及澳门全面实施灵活工作制度
自2020年4月以来
自2020年6月15日0时起暂停持有效中国签证及居留许可的外国人入境
自2020年8月18日起
自3月11日起
自3月1日起
自3月28日0时起暂时停止
自7月1日起向外国游客开放普吉岛
自上方
自主呼吸
自作孽不可活安全出行 莫成马路杀手反被杀s形走位
自作自受
自作自受好至为之好人一生平安
自养3只
自动化产线
自动记录仪
自动记录仪数据
自助农夫山泉[奸笑]
自取其辱
自嘲
自嘲与澄清
自天佑之吉无不利
自媒体从业者
自媒体账号
自学成长经历
自安量趋于无的大时所数的极限
自家住宅
自家安装无法开启的纱窗
自家屋后
自家桃园
自家狗
自家狗无病毒
自工视
自己
自己、妻子、岳母等共8名家人幸免于难
自己不锁车赖谁？
自己为土生土长的中国人
自己去打开教室门
自己并非枪手
自己曾救人的经过
自己烧着
自己走过来
自己走进救护车接受救治
自己运动现象
自带情感、情义并重、高举正能量
自带香火拜佛
自律与杜绝高空抛物
自愿请战抗疫
自我宣传信息我的抖音号
自我意识
自我意识程度
自我放弃倾向
自拍图
自拍效果
自拍自演
自拍视频成了临终遗言
自拍首秀
自拔氧气管离世
自拔氧气管离世情节
自收到决定书起15日内
自救
自救时机
自杀
自杀事件
自杀原因
自杀在海边
自杀式爆炸袭击
自杀式爆炸袭击说法
自杀或他杀
自杀扬言
自杀方式
自杀未遂
自杀案
自杀猜测
自杀行为
自来水
自来水中含有避孕药
自来水公司员工
自残式碰瓷情节
自残行为
自然之神奇
自然保护区生态环境
自然力量势不可挡
自然因素引发的道路风险
自然对特朗普政府的反抗
自然对特朗普政策的抗议隐喻
自然消退过程
自然灾害
自然灾害与人为管理界限
自然灾害与政策失败关联
自然灾害事件
自然灾害引发
自然灾害面前人间大爱与无私关怀
自然现象
自然生态
自然界中的有爱瞬间大盘点人与自然和谐相处有爱 @抖音小助手
自然的神奇与美丽
自然迁徙行为
自然遗产
自然风干滑落
自爱
自理能力
自由与新事物
自由主义
自由人
自由市场与公平竞争
自由职业
自由自在的生活
自由行旅客
自称王牌巫师的Bomoh
自称王牌巫师的Bomoh的表演
自称美国壮汉的外国搏击名将
自称美国壮汉的外国搏击名将掐住脖子
自称美国壮汉的外国搏击名将摔倒
自缴 动车
自行回家
自行步行入境描述
自行游至对岸
自行生产
自行离开医院
自行走进救护车
自行车全责
自行车结构
自行运动
自行运动现象
自觉只拿一个馒头
自豪之情
自豪情绪
自豪感
自豪感内容
自负盈亏试点
自费支付医疗费用
自费政策
自费治疗
自身受伤
自身多次电动车被盗经历
自身漂浮于水面
自身移动过程
自身行为
自身被困
自首情节是否影响量刑
自驾出游遇洪水车主不肯弃车被洪水冲走
自驾前往获嘉县人民医院
自驾区域
自驾车主与当地村民
自驾车辆
自驾车辆乘客
自驾车辆在小河沟中受困
臭味
至少100人溺水身亡
至少100名偷渡客
至少100名偷渡客失踪或遇难
至少10名消防员
至少14人死亡
至少16人死亡
至少20人死亡
至少3000升酒精
至少36人
至少49人死亡
至少70多人死亡
至少73人死亡
至少78人死亡
至少78人死亡、超过4000人受伤
至少三家房屋被毁
至少五家医院
至少五家医院损毁
至当地相关部门
至爱天涯
至通报时
致3人死亡、2人重伤、2人轻伤
致4死1伤重大命案
致9人遇难
致人重伤或死亡的逃逸案件线索
致其死亡
致力于野生动物保护普法宣传的官方账号
致力推動中港影視融合
致司机在内的2人死亡、7人受伤
致命滑倒事件
致命火灾事故
致孩子惨叫、木棍被打断
致敬
致敬 我也养的史宾格
致敬[玫瑰]
致敬与支持之声
致敬与点赞
致敬人民子弟兵
致敬医护人员
致敬司机与工程人员
致敬奋战官兵
致敬好司机但愿人没事
致敬好心人
致敬抗洪官兵言论
致敬抗疫工作者情感
致敬救援人员
致敬救援人员留言
致敬最可爱的人
致敬最有责任感的老师
致敬消防员
致敬消防员的情感表达
致敬消防英雄
致敬消防英雄孙络络
致敬真正坚守岗位的救援人员
致敬等正能量表述
致敬英雄
致敬英雄一路走好
致敬英雄语句
致敬英雄贝贝连夜奋战搜救犬受伤感染的爪子让人泪目
致敬评论
致敬逆行者
致敬逆行者用生命践行承诺
致楼上多名居民被困
致歉
致歉原因
致歉声明
致死风险
致谢两名少年
舅舅
舆论
舆论关注
舆论反应
舆论场
舆论场引发争议
舆论对责任归属的广泛争议
舆论导向
舆论建构
舆论批判色彩
舆论抨击
舆论普遍指向
舆论热议
舆论高度认可
與天奮鬥
與天斗其樂無窮
舍小家为大家的良心之举
舒坦
舒城
舒城一家居厂
舒城一家居厂当天下午突发火灾
舒普国际
舒适号
舒适号医院船
舒鞋主国
舜网
舞姿优美
舞姿翩翩
舞蹈
航拍
航拍、摇臂、5D婚礼拍摄等视频制作服务
航拍一次通过拍到我赔钱
航拍不NG
航拍不NG无人机
航拍子洲老庄沟山体滑坡
航拍子洲老庄沟山体滑坡事件
航拍山体滑坡现场
航拍杭州钱塘新区化工企业火灾现场 应急管理部门通报情况
航拍检查
航拍画面
航拍看的清清楚楚
航拍视角直击爆炸后的黎巴嫩：浓烟大火还在烧 港口被摧毁成废墟
航拍视频
航拍许村事故现场 涉事企业曾多次被罚
航班
航班因大雁主动让路
航班失事地点
航班开通时间
航班线路
航班航线
航班运行
航班运行暂停
航空业
航空事故记录
航空作业单位
航空公司
航空公司航班延误
航空发动机
航空安全
航空安全常规措施
航空安全管理措施
航空实践记录
航空常识
航空总部
航空报国 航空强国
航空梦
航空梦即将成为现实
航运安全
航运通航安全受影响
航通翔高
般配
舱室
船主
船体详细排查
船只从触礁到沉没
船只回国
船只回家
船只返乡
船员
船头
船舶通航净空高度
船舶通航安全性
船舶通行
船舶通行空间狭窄
船长具备雷达和水位数据
船长和船主
良好
良好的应急反应能力
良好的校园应急演练成效
良好秩序
良好素质
良山工业区近20米护栏脱离路面
良山村联排房区域
良心丧尽
良心司机应奖励
良心道德
色彩艳丽的火狐狸
色情直播犯罪团伙
艳湖小区
艺术化夸大描述
艺高人胆大
艺高人胆大在公共健身区域做危险动作
艾丽丝
艾商银行
艾滋病
艾滋病患者为报复社会用针管扎人
艾莎公主号
艾莎公主号游船
艾莎公主号游船和凤凰号游船
节假日旅游高峰
节后交通安全工作
节哀
节杆
节气冷知识
节目命名原因
节目播出后
节目播出平台
节目播出时间
节目效果
节目调侃冠名
节省检测费用未登机
节约用水呼吁
芒果都市
芜湖
芜湖一中
芜湖一中副校长
芜湖一中高三学生
芜湖一中高三学霸跳楼
芜湖一家具厂火灾
芜湖女子河边洗碗偶遇野生扬子鳄
芜湖女子河边洗碗偶遇野生扬子鳄事件
芜湖女子河边洗碗偶遇野生扬子鳄淡定拍视频
芜湖市三山区
芜湖市三山区一厂房
芜湖市弋江区三峨路附近
芜湖市弋江区三峨路附近一家具厂厂房
芜湖市湾沚区厂房火灾
芜湖市湾沚区科百福临附近
芜湖市湾沚区科百福临附近一厂房
芜湖某家具厂
芜湖某家具厂发生火灾
芜湖：厂房不当使用取暖设备不慎引发火灾消防迅速到场救援
花100万美元买回影像
花100万美元买回龙卷风录像
花676
花一百万买一个小视频
花了钱就该坐在车里等
花呗
花器
花开彼岸花开不见叶叶生不见花相恋相惜不相见
花开泉涌玫好平阴世界阿胶之源中国玫瑰之都齐鲁泉水之乡——济南平阴
花生
花生、玉米、小麦
花生作物
花生占地
花生种植技术支持
花生首次收割时
花胸纹身
花胸纹身拘留12小时
花臂
苍白
苏丹与美国关系进展
苏团团官方抖音账号
苏州
苏州一个厂房救火的苏州消防官兵的一位
苏州一公司
苏州一公司喷洒酒精消毒引燃整个办公室
苏州一名女子
苏州一名女子因食用小龙虾感染肺吸虫病
苏州一女子因爱吃小龙虾突然发烧咳血医生看CT惊呆肺被肺吸虫钻出多个洞
苏州一女子突然高烧还咳血医生：看了CT我都怕肺里都是虫子新钻出来的洞
苏州一女子经常吃小龙虾导致高烧咳血医生看CT直呼可怕：肺里都是虫子
苏州一街道疑似发生天然气爆炸
苏州吴中区永旺附近
苏州吴中永旺附近一商业街
苏州吴中永旺附近商业街
苏州吴中永旺附近有企业爆炸
苏州商业街发生爆炸系煤气泄漏引发
苏州商业街爆炸事件
苏州多套豪宅
苏州天然气爆炸
苏州太仓某街道
苏州姑娘因吃小龙虾感染了肺吸虫病
苏州或南通
苏州昆山
苏州昆山某电子厂
苏州某厂房救火
苏州某厂房救火事件
苏州消防员
苏州消防战士
苏州消防某战士
苏州疑似发生天然气爆炸
苏州疑似发生天然气爆炸事件
苏州疑似发生天然气爆炸路面被炸开碎石飞起十几米
苏州老城区餐饮厨房
苏州：吃小龙虾咳血小龙虾体内有寄生虫
苏省
苏苏
苏苏 河南都市报
苏醒
苏门答腊
苏门答腊 锡纳朋 海底火山 2019年6月 爆发 视频
苏门答腊、锡纳朋、海底火山、2019年6月、爆发、视频
苏门答腊岛
苏门答腊岛的錫納朋海底火山
苏门答腊岛的锡纳朋海底火山
苏门答腊岛的锡纳朋海底火山爆发
苏门答腊岛锡纳朋
苏门答腊岛锡纳朋海底
苏门答腊岛锡纳朋海底火山
苏门答腊岛锡纳朋海底火山2019年6月爆发事件
苏门答腊岛锡纳朋海底火山2019年6月爆发视频
苏门答腊岛锡纳朋海底火山在2019年6月9日爆发
苏门答腊岛锡纳朋海底火山爆发
苏门答腊岛锡纳朋海底火山爆发事件
苏门答腊岛附近海域
苏门答腊锡纳朋海底火山2019年6月爆发视频
苗族
若不配合则继续施暴
若人类未来实现时空穿梭回到过去
若外包装
若存在个人劳务关系则接受劳务一方承担侵权责任
若市场价更高则会继续提价
若当晚不购买
若无其事
若无法找到亲属
若无法确定责任人
若无需集中培训
若是野生的怎么办
若未上保险
若物业已尽告知义务并配备防汛设施则车主索赔难度较大
若能证明商场或商铺存在过错则需赔偿
若防洪排水设施失效或管理缺位
苦乐自渡
英勇
英勇护生的感人场景
英勇无畏
英勇无畏、冲锋在前
英勇的蓝朋友和他们无声的搭档你们都辛苦了
英国
英国一网民在街上偶遇骑车上班的首相约翰逊
英国伦敦
英国伦敦南部地区
英国伦敦新警察法案抗议事件
英国伦敦民众
英国内政大臣帕特尔
英国各地
英国外交大臣拉布
英国多地
英国多地民众
英国爆发大规模抗议示威者高喊黑人的命也是命
英国疫情爆发黑人区开始骚动
英国社会动荡
英国街头
英国街头爆发持续骚乱
英国街头骚乱
英国街头骚乱持续抗议者与警察严重冲突
英国首相约翰逊
英国首相约翰逊每天骑单车上班
英国首相约翰逊病愈后骑车上班
英国首相约翰逊被普通网民偶遇骑行上班
英国首相约翰逊骑单车上班事件
英国首相约翰逊骑单车上班被网民拍到
英国首相鲍里斯
英国首相鲍里斯·约翰逊
英国首相鲍里斯·约翰逊出院恢复后继续骑车上下班保镖在后跟随
英国首相鲍里斯出院后继续骑车上下班
英国首相鲍里斯出院后骑行上班
英文和印地语
英文抗议标语
英格兰和威尔士
英模、劳模、抗疫先锋及消防救援人员
英欧谈判情况
英语
英语也这么棒
英语课教师
英雄
英雄 人民英雄永垂不朽一路走好悲痛 @DOU+小助手
英雄一路走好
英雄不死向您们致敬
英雄付出之沉重
英雄大夫
英雄字样
英雄家属的祝福
英雄就是英雄用罐车顶住桥梁让火车过去
英雄就是这样造成的
英雄并非理所当然
英雄暮年泪目看马拉多纳一个人踢网球——没有人比他更懂球哪怕是小一点的球
英雄母亲
英雄永垂不朽情绪化表达
英雄的母亲请节哀
英雄联盟 lol 电竞
英雄行为
英雄还是个孩子啊
英雄逆行奔赴火场的见证
茂名
茂名、电白两级公安机关
茂名、电白两级公安机关联合侦办案件中
茂名一商铺施工砸死人
茂名一超市施工现场
茂名业主哭诉：商铺变伤铺
茂名亿丰商城
茂名亿丰商城商铺
茂名亿丰商城项目
茂名哪里？
茂名市、电白区两级公安机关
茂名市公安局电白分局
茂名市广播电视台官方抖音账号
茂名市民政局
茂名市网络文化协会官方号
茂名某超市施工现场
茂名某超市施工现场突然坍塌 致一人受伤
范志豪
范某
范零倚
茉莉视频官方账号
茨泉社区
茨泉社区党员群众服务中心附近
茫茫网海中认识就是缘分本人玩抖音只是娱乐记录每个我见到的美好瞬间
茭白上
茭白上的小黑点可预防骨质疏松
茭白上的小黑点是什么？到底能不能吃？今天终于弄明白了
茭白切开后出现的黑点
茭白片
茭白表面或内部出现小黑点
茭白黑点与健康功效
茭白黑点与食品安全标准
茶养拉众身美甲
茶叶
茶有香花有魂人却无心
茶树
荆州古城墙
荆州市高新区公安分局太湖派出所
荆州高校弃婴事件
荆日关注
草根说历史
草根逆袭倡导者
荒山变绿山
荒诞
荒诞情节
荒诞感与批评态度
荒诞描述
荒诞改装设想
荒诞滑稽
荒诞的明星周边针头都有人买？
荒诞虚构内容
荔枝新闻客户端获取
荔波县工程段
荔湾区广船鹤洞街道
荔湾鹤洞
荣安平
荣安平病情危重
药品宣传
药品昂贵问题
药店门口
药材
荷花派出所民警曾繁沂
莆田仙游
莆田斑马线事故
莆田男子开车狂飙近200迈
莆田男子驾驶君威轿车
莆田男子驾驶君威轿车以近200公里/小时车速行驶
莆田男子驾驶君威轿车超速行驶事故
莆田系问题
莘姐
莫名收到一张违停罚单竟是交警开错男子直呼：太冤枉
莫名眼泪又跑出来了
莫娜·王
莫娜·王体内无任何非法药物成分
莫娜·王吸毒情况
莫文蔚
莫文蔚余温房销售说法
莫斯科
莫斯科不相信眼泪
莫斯科市南部亚斯内住宅区停车场
莫斯科街头
莫斯科街头枪战事件
莫有爷爷奶奶吗评论
莫森·法赫里扎德
莫森·法赫里扎德所乘车辆
莫森·法赫里扎德遇袭事件
莫森·法赫里扎德遇袭身亡
莫森·法赫里扎德遇袭身亡事件
莫笑穷人穿破衣十年河东转河西相信自己每个人的努力都不会白费
莱茜·布朗宁
莲塘镇莲安南路一店铺
莲塘镇莲安南路一店铺发生入室抢劫
莲花山开发区
莲花山热力
莲花山热力点赞
获取指纹信息
获嘉县
获嘉县北控热力公司
获嘉县城区新华街
获嘉县疾控中心
获得一辆汽车奖励
获救成功
获救群众
获赔4000元医疗费
获释
莺不落墙顶的设计方法
莺不落墙顶设计
莺不落屋顶
莺不落建筑工艺
菌类
菏泽市广播电视台
菏泽越来越好
菜刀
菜刀上的指纹和DNA信息
菜刀从高空坠落
菜坝
菜窖
菜窖囚禁
菜等物资援助
菜赔五千少了两个零
菩提本无树明镜亦非台本来无一物何处惹尘埃
菩萨保佑
菩萨保佑留言
菰黑穗菌
菲利克斯·鲍姆加特纳
菲利克斯·鲍姆加特纳高空跳伞事件
萌
萌发新芽
萌死你
萌生抢劫念头
萌知计划
萝卜
营业执照
营救
营救与疏散数据
营救伤员
营救群众数量
营救行动
营救被困人员
营造生态恢复假象
营销太明显了
萧山居民
萧林中路168号
萧林路168号
萨哈共和国
萨哈共和国首都
萨尔瓦多
萨族
萨族近千年无人得癌症人均寿命120岁
萨杰妮科·卡拉西扬
萨特尼克
萨特尼克连续哭泣分泌晶体
萬家莲
落实赔偿
落水
落水儿童
落水女孩
落水学生
落水点
落水男子
落水者
落水身亡
落水车辆
落泪
落石
著名电影电视剧观众
葛六一
董小姐自创手机壳
董明珠瑟瑟发抖
董晓宇
董某菲
董泽鹏
董泽鹏为救火牺牲
董泽鹏年龄之小
董泽鹏行为的评价
葫芦娃
葫芦岛一女生被欺负事件
葫芦岛天气信息
葱懒帽父子
葱段同煮
蒂鲁帕蒂市
蒋与才
蒋女士
蒋女士被砸中
蒙古向中国捐赠羊
蒙古向中国捐赠羊交接仪式
蒙古国
蒙古国人民
蒙古国向中国捐赠三万只羊的援助行动已进入入境阶段
蒙古国捐赠3万只羊即将入境
蒙古国捐赠三万只羊
蒙古国捐赠中国的3万只活羊
蒙古国捐赠中国的三万只羊
蒙古国捐赠中国的三万只羊已通过二连浩特口岸进入中国
蒙古国捐赠中国的三万只羊正在二连浩特入境
蒙古国捐赠中国的三万只羊正在二连浩特入境消息
蒙古国捐赠中国的三万只羊首批入境事件
蒙古国捐赠活羊
蒙古国捐赠的3万只羊即将由二连口岸入境
蒙古国捐赠的3万只羊来了首批4000只羊今日交付
蒙古国捐赠的3万只羊移交事件
蒙古国捐赠的活羊
蒙古国捐赠的羊肉
蒙古国捐赠羊总数
蒙古谚语
蒙阴县
蒜瓣
蒜瓣散落
蒸汽云爆炸
蓄洪区
蓄洪区启用
蓝V认证账号香金香
蓝佳广场
蓝天哥中午好十年前去北京坐过地铁但不知道是几号线
蓝天救援队
蓝天救援队熊队长及村里村民
蓝天救援队队员
蓝天梦
蓝朋友
蓝朋友们你们辛苦了一定要平安回来
蓝朋友们注意安全
蓝湾小区门口
蓝湾景天大桥辅桥
蓝色亮光
蓝色亮光冲天
蓝色亮光照亮天空
蓝色光现象
蓝色条纹衣服
蓝色的港湾
蓝色表示放松
蓬安是否设站
蔡丽新
蔡崇信
蔡某
蔡江洪峰过境
蔬菜
蔬菜腐烂
蕨溪
蕴含蓄意谋杀
蕾切尔·薇姿
蕾切尔·薇姿出演
蕾切尔·薇姿演的那个
薇兔视频
薛梦昭
薪资吸引力
藏哪都别藏被子里
藤县
藤县人民法院
藤县公安
藤县公安守护平安传递社会正能量
藤县太平某金店
藤县太平某银行发生抢劫
藤县藤州镇某珠宝店
藤县藤州镇某珠宝店抢夺案
藤县警务在线
藤县警方
蘑菇云
蘑菇云状烟雾
蘑菇渣资源无害化处理工程
虎
虎啸声
虎啸声骇人辽宁4村民疑目击巨型老虎镇长：已封山不敢探踪迹
虎毒不食子
虎豹出没警示标识
虐待与操纵行为
虐待动物
虐狗
虐狗行为
虚伪自私的双标狗奴
虚假事实
虚假信息
虚假信息传播
虚假信息传播案例
虚假信息关联
虚假信息关键词
虚假信息内容
虚假信息成分
虚假信息或信息失真案例
虚假信息或偏差信息
虚假信息或关键词错误
虚假信息或表述错误
虚假信息或误导性内容
虚假信息或误导性标签
虚假信息或误导性表述
虚假信息描述
虚假信息文本中
虚假信息标注
虚假信息相关内容
虚假信息组成部分
虚假健康信息
虚假健康提醒文本中
虚假关联信息
虚假关键词
虚假关键词信息
虚假关键词包装
虚假关键词标注
虚假叙述
虚假地缘政治叙述
虚假宣传
虚假宣传内容
虚假宣传类内容
虚假或合成内容
虚假或夸大信息
虚假或误导性信息
虚假技术宣称
虚假描述
虚假新闻
虚假新闻标题
虚假标注
虚假消息
虚假消息关联关键词
虚假玩笑
虚假疫情事件
虚假疫情信息
虚假食品安全谣言
虚拟人物
虚构
虚构、夸张的假新闻
虚构、夸张类假新闻
虚构、恶搞类假新闻
虚构、戏谑
虚构、讽刺类内容
虚构、调侃性质的假新闻
虚构事件
虚构事件关键词
虚构事件标签
虚构事实
虚构信息
虚构信源
虚构关联
虚构内容
虚构创作
虚构剧情
虚构剧情类假新闻
虚构功能
虚构合成画面
虚构场景
虚构场景、拼接文字的虚假信息
虚构夸大、博取流量的假新闻
虚构夸张的假新闻
虚构威胁
虚构定价
虚构宣传内容
虚构情节
虚构情节、夸大渲染的假新闻
虚构情节与亲情表现
虚构情节以博取流量
虚构情节或网络恶搞
虚构情节的假新闻
虚构或传播虚假信息情况
虚构或制造噱头的假新闻
虚构或夸大事实
虚构或夸大事实的信息
虚构或夸大事实的假新闻
虚构或夸大信息
虚构或夸大宣传
虚构或夸大情节
虚构或夸张的假新闻
虚构或夸张的网络段子
虚构或夸张类假新闻
虚构或恶意剪辑的假新闻
虚构或恶搞内容
虚构或恶搞性质的假新闻
虚构或拼凑信息
虚构或拼接现场
虚构或摆拍卖弄
虚构或模拟场景
虚构或炒作
虚构或误传
虚构或误传的假新闻
虚构或误读自然现象的假新闻
虚构拼凑嫌疑
虚构拼凑痕迹
虚构拼凑的假新闻
虚构摆拍或恶意剪辑
虚构数据
虚构新闻表述
虚构权威来源
虚构杜撰的假新闻
虚构渲染的假新闻
虚构演绎
虚构演绎内容
虚构演绎的假新闻
虚构疫情场景的假新闻
虚构病名
虚构痕迹
虚构的假新闻
虚构编造内容
虚构编造的假新闻
虚构英烈故事
虚构调侃性质的假新闻
虚构违法行为和格式真实的事故文书
虛假信息
虞城县政府
虫子
虫洞
虫洞可穿越至宇宙另一端
虫洞相关技术
虫草纠纷
虫草纠纷事件
虫草采集 教育整顿进行时
虹新闻
虹新闻报道内容
虽场面惊险但结局幸运
虽然说抓住了为什么我那么想笑呢？
虾体内白线是寄生虫
虾头白线为寄生虫
虾头里边扯出白色的线
虾的生殖腺
虾的神经链
蚂为大型水生蛇类
蚂蚁河
蚊帐重要性
蚕丝技术外泄
蚕和桑叶
蛋雏鸡及青年鸡销售服务
蛛丝马迹找线索便衣警察当街擒获扒手
蜀王博物馆日门
蜀王在下面看着
蜀王墓
蜀王宫
蜀王府
蜀王府不是蜀王陵指出
蜀王府遗址
蜀王陵
蜀王陵之上
蜀王陵之上建有成都市体育馆
蜀王陵位于成都市体育馆下方
蜀王陵地理位置不同
蜀王陵墓所在位置
蜀王陵遗址
蜂窝网
蜗牛的人
蜘蛛侠在和核电人干架了
蜘蛛侠大战电击人
蜘蛛侠大战电击人联想
蜜杏苗木繁育
蜜蜂授粉
蜜蜂消失将导致人类仅能存活四年
蝗灾
蝗灾成因
蝗灾防治官方行动记录
蝗灾防治工作组
蝗群
蝗虫
蝗虫因有毒不可食用
蝗虫幼虫
蝗虫数量暴增为此前的20倍
蝗虫自身繁殖力强
蝗虫进军上海
蝴
蝴蝶效应
蝴蝶效应网络梗
融合图文、视频、直播的全媒体传播
融合科技与时尚
融水苗族自治县公安局
螺杆空压机购销
血型验证
血液检测结果
血液疾病有关
血的教训
血站献血
血红色
血迹
行业潜规则
行为人
行为危险且幼稚
行为增加风险
行为指控
行为操守问题
行为特征
行人
行人应承担全责
行人摔倒
行人车辆注意安全
行人闯红灯行为
行人陈某
行人需配合避让
行凶事件
行凶者
行到水穷处坐看云起时
行动不便的老太
行动自如
行拘
行摄美景 品尝美味分享生活中的美好商务联系VX：kzj1999
行政区划
行政命令
行政命令签署时间
行政处罚决定
行政岗位
行政拘留
行政拘留15日
行政拘留5日
行政拘留5日处罚
行政拘留5日至9日
行政拘留5至9日处罚
行政拘留七日
行政拘留七日的处罚
行政拘留事件
行政拘留十日处罚
行政拘留十日并处500元罚款
行政拘留十日并处500元罚款的处罚决定
行政拘留和低额罚款
行政拘留处罚
行政拘留时长
行政违法
行程
行程变更与巧合避灾之间的关联
行程轨迹报一下
行至站台边缘时踏空跌落
行船
行视频平台
行车安全
行车安全与暴力冲突
行车安全呼吁
行车安全的关注
行车安全的讨论
行车安全第一
行车安全问题
行车纠纷
行车视频
行车记录仪画面
行车过程
行进过程
行道树倒塌
行驶中
行驶中吃炸串记6分
行驶中吃炸串违法行为
行驶中的轿车
衔着食物
街头
街头丘比特
街头倒地事件
街头垃圾桶
街头裸奔
街头裸奔描述
街心里有的地方水
街心里有的地方水都齐腰深了
街景视图
街道
街道办干部涉嫌性侵事件
街道综合执法与物业联合清理
衣服都不一样
衣物
衣着不一致
衣着不当的情况被暗示
补偿严重偏低
补充或重新鉴定
补充鉴定
补发352元
补发352元政策
补发养老金每人352元
补发政策
补考
补课因素
补课负担
补购不少于30只鸭
补购的鸭
补购的鸭子
补贴
表妹遭强奸报案人
表情符号
表明官方已辟谣
表演过程中
表现为坐地痛哭
表现出戏谑态度
表现出担忧与团结互助情绪
表现出拟人化情感投射
表现出热情
表示不悦
表示其为人友善、助人为乐
表示强烈不满
表示悲痛
表示深切忧虑
表示满意
表示羡慕
表达人生观点
表达共情
表达共情与祈愿
表达同情
表达同情的评论
表达姐妹情谊非塑料
表达娱乐反应
表达娱乐态度
表达对山西历史文化底蕴的认同
表达对河南的热爱
表达对灾情关注
表达对猴子数量的关注
表达对考拉的同情与保护意愿
表达对逆境成长的赞赏
表达对逝者哀悼
表达尊重
表达帮助意愿的评论
表达强烈娱乐情绪
表达忧虑
表达怀疑态度
表达悲伤情绪
表达情感共鸣
表达情感共鸣与怀旧情绪
表达惊叹或讽刺
表达感动
表达所在区域未受影响
表达民族自豪感
表达痛心与担忧
表达祈愿
表达科技成就自豪感
表达鼓励
表述
表述不准确
表述不清
表述偏差
表述夸张成分
表述混乱、车型指代不清
表述矛盾
表述误导
表述误导但内容真实的信息
表述误差
表述错误
表述错误或信息偏差
表里不一
表面光滑的琉璃瓦片
衷心感谢
袁先生
袁先生承包地收获的花生
袁先生方
袁峰
袁峰异常
袁峰状况
袁峰突发疾病事件
袁隆平团队
袋鼠岛大火
被丈夫暴打毁容
被众人接住
被传播
被依法处罚
被依法批捕
被催促
被公安机关抓获
被冲毁
被冲走的拦油布
被判刑
被判处4个月拘役
被判拘役4个月赔偿6万
被别停货车车牌号
被十几只猎狗咬得半死
被卖到了广东
被占座乘客
被卷走的小车
被压老人
被咬伤
被困70人
被困于淤泥中
被困人员
被困人员平安
被困人员未能及时发现水位上涨
被困人数为5人
被困司机
被困女子
被困无法回国
被困民众
被困男子
被困群众
被困群众未注意通知仍前往钓鱼
被困群众转移救助
被困老人
被困货车司机
被困车辆
被坍塌墙体压倒
被埋3人
被处罚人
被大狗咬伤
被夷为平地
被夹在两货车间
被媒体如实报道
被子
被子中
被子里
被实施安乐死
被实施集中隔离管控
被害人汽车
被害人经济损失
被害人谅解
被封禁账号
被建议使用的监控系统
被当作同胞的感动之情
被忽视或无助情绪
被性侵
被恶意扭曲传播
被患者家属持大菜刀砍伤
被感动了
被感染
被感染隔离的幼儿
被打女子
被打女孩
被打者
被扶贫干部怒怼懒惰父子打扫房子迎新年
被抢光
被抢夺的黄金手链
被抢黄金手链
被拐儿童
被拐儿童口音归属
被拐儿童在广东汕头派出所
被拐儿童在广东汕头派出所口音像唐山
被拐儿童在广东汕头派出所被发现
被拐儿童在汕头派出所
被拐儿童在汕头派出所事件
被拐儿童在汕头派出所相关寻亲信息
被拐儿童案件
被拐卖小孩
被拐卖小孩文本
被拽头发
被捕
被捕女子及其客户
被捕黑人
被推倒致伤势过重
被提及
被提问
被搁置
被搜救犬咬死
被摘除
被撞倒
被撞击男子
被撞击身亡
被撞者
被撞车辆
被撞飞孩子没有生命危险 家长已报警
被救出儿童
被救出工人
被救男子
被普通网民偶遇骑行上班
被普通网民如此偶遇骑行上班
被标注
被核实
被核实为虚假信息
被殴打
被殴打视频
被毁
被洪水冲坏的商铺卷帘门
被洪水冲走
被洪水卷走的司机
被洪水围困
被涂抹过量润滑油
被淹
被淹房屋中
被港警性侵
被港警性侵应为被街道办干部性侵
被滞留40多天
被滞留期间
被滞留者
被火车撞倒身亡
被火车撞击致死的遇难者
被火车碾压
被烧毁的被子
被焚毁事实
被父母关菜窖冻断腿
被狗咬伤
被狗咬伤及时打狂犬疫苗
被狗猫咬伤后孩子发病学狗叫
被王某持械行凶
被甩出驾驶室
被电伤后被困高空
被砍伤
被破坏房屋负一层
被砸中男子
被砸伤考生
被砸女性路人
被确诊
被禁应用包括
被禁止交易的中国应用软件之一
被禁止交易的中国软件
被称为八仙过海各显神通
被称寓意生不带来死不带去
被紧急送医
被罚款
被群众用被子接住
被行政拘留
被褥中未取出
被覃永念持刀捅刺和划伤
被警察拳打脚踢
被证实为虚假信息
被证实为虚构
被评论提及
被误导的信息
被调查
被责令整改
被质疑
被跳楼女子砸中头部
被踩头部
被轧死的狗
被迫撤离前线
被追回的赃物
被追尾车辆
被追打过程中的紧急避险情境
被送入ICU
被送往医院抢救
被送往医院救治
被通报景区之一
被遗弃女婴
被遗弃男婴
被遗弃男婴事件
被遗弃的蒜瓣
被邻居合力接住
被隔离
被隔离人员
被隔离的宝宝
被骗资金
被骗钱财
被高空坠落的折叠刀直插后脑勺男子
被黑人酋长绑架当压寨夫人
袭击
袭击事件
袭击他人
袭医行为
袭医行为应依法追究刑事责任
袭警
袭警行为同等定罪
袭警行为同罪
装上高清摄像头
装修灯具
装入塑料瓶中
装备像鱼竿
装有2万元现金的钱包
装有手机银行的用户
装有支付宝的用户
装有瓷杯碎片的垃圾
装有钱人不吃这套
装甲门
装病避人行为
装的是武器载的是和平
装耳聋
装聋作哑62年
装载机
装载汽车的货轮
褐变
襄阳一桥头有司机驾车冲撞
襄阳之声FM104
襄阳清河口桥上一车连撞三人交通事故
襄阳清河口桥上一车连撞三人交通事故标题中
襄阳长虹北路农业银行
襄阳长虹北路农业银行发生抢劫案
西丰是否有类似政策
西乡塘公安分局
西伯利亚北迁
西城公安分局
西城群众
西城警讯
西宁
西安
西安一导游大雨中被轿车撞飞当场身亡家中还有两个孩子
西安一小区居民
西安一小区居民悬挂国旗
西安一小区居民悬挂国旗放眼望去一片红火让人心潮澎湃
西安一小区居民自发在阳台挂出国旗
西安一小区居民自发悬挂国旗
西安一小区居民自发悬挂国旗事件
西安一小区自发悬挂国旗
西安临潼一施工点坍塌被埋3人均抢救无效身亡
西安临潼区环城北路一超市
西安临潼区秦王二号桥
西安临潼塌陷3人均抢救无效不幸死亡
西安临潼塌陷事故
西安临潼昨晚一货车与轿车相撞造成4人死亡
西安到昆明的K165次列车掉入河中无人员伤亡
西安商报
西安小区挂国旗表达爱国
西安工务段退休职工
西安市
西安市临潼区
西安市临潼区环城北路
西安市临潼区环城北路一家超市
西安市临潼区环城北路一施工点
西安市临潼区环城北路一超市
西安市今天晚上12点到3点开始喷撒高浓度消毒液
西安市公安局物流犯罪侦查支队四大队
西安市公安局物流犯罪侦查支队四大队大队长魂文翅
西安市喷撒高浓度消毒液
西安市喷洒高浓度消毒液
西安市将于当晚12点至凌晨3点喷洒高浓度消毒液
西安市旺座曲江
西安市旺座曲江抗疫工作者喷洒消毒液场景
西安市红十字会医院
西安开往昆明的K165次列车
西安开往昆明的K165次列车事故
西安开往昆明的K165次列车发生事故
西安抖ing～
西安报业传媒集团
西安新闻网
西安新闻网抖音账号
西安晚报
西安某小区挂满五星红旗作为中国人我骄傲
西安的说是大唐芙蓉园
西安的说是大唐芙蓉园评论
西安类似经历误以为UFO
西安至昆明
西安警方
西安警方疫情防控期间重点打击销售假冒口罩、散播病毒等违法行为
西客电
西山道站前路口
西心视频
西想视频
西成客专
西方国家的形式主义而已
西昌
西昌宁南扑火队
西昌宁南扑火队21人抵达火场
西昌山火
西昌山火19人牺牲事件
西昌山火事件
西昌山火救援19人牺牲 这可能是他们生前最后的画面送别英雄
西昌山火救援事件
西昌山火救援事故
西昌山火救援途中
西昌山火火场
西昌山火牺牲队员最后出征画面曝光泪目…送别我们的英雄
西昌山火相关新闻正文
西昌山火至19名地方扑火人员牺牲出征最后画面曝光致敬英雄
西昌山火致19名地方扑火人员牺牲 最后出征画面曝光
西昌山火致扑火队员19人牺牲 西昌救火牺牲19名消防最后的画面曝光
西昌市附近区域
西汉时期张骞出使
西汉汉武帝时期
西泉派出所
西法治日报社
西海岸山火
西海岸山火多数初始火点沿森林公路蔓延
西海岸洛杉矶
西海连世界 都市报精彩
西海都市报
西湖雨
西热视频
西班牙
西班牙女子
西班牙女子装瞎28年只为避免与熟人打招呼
西班牙语
西班牙马德里地铁场景
西班牙马德里地铁站
西班牙马德里地铁站台上一名女子
西瓜视频
西瓜视频/抖音
西瓜视频×抖音
西瓜视频×抖音 作者：沸闻天下
西瓜视频×抖音合作账号
西瓜视频×抖音合作账号冰视频
西瓜视频×抖音平台
西瓜视频×抖音平台的深圳卫视正午30分
西瓜视频作者
西瓜视频作者中国网资讯发布
西瓜视频作者沸闻天下
西瓜视频作者湖北昆哥
西瓜视频作者秒闻视频
西瓜视频全网独播
西瓜视频内容
西瓜视频南方plus客户端
西瓜视频及抖音平台
西瓜视频及抖音平台账号
西瓜视频可了解中国功夫知识解读
西瓜视频和抖音
西瓜视频平台
西瓜视频平台传播
西瓜视频平台内容
西瓜视频抖音平台作者百姓关注
西瓜视频抖音平台作者百姓关注发布
西瓜视频抖音账号
西藏藩属
西藏那曲
西藏那曲市比如县
西藏雅鲁藏布江
西藏雅鲁藏布江高昂旅游费用
西西都市
西连弯村一男子
西连弯村男子长期家暴并强迫子女互拍视频
西部网
西铁
西雅图大雁
西雅图大雁在马路睡觉
要不要主动和外星人接触？霍金曾经警告过人类
要严办
要么你加餐要么它加餐
要么拘留15天要么抬桌子走10公里
要么拘留15天要么抬桌走10公里
要出去浪的注意啦受持续强降雨影响四川九寨沟景区18日起临时闭园
要平安注意安全
要是扔在你头上你什么感觉？
要是拿个管子接灶台上是不是能做饭
要是真的就好美
要求严惩肇事者
要求公开处理结果以儆效尤的评论
要求部分居民撤离
要求黑人男子离开
要注意安全
要注意安全呀
要玩就玩最潮的
要碰瓷
要肉不要命
要能实现多少钱都买
覃永念
覃永念与质某争执
覃永念从廉江市乘火车返回河池市宜州区
覃永念犯故意杀人罪
覃永念行凶
覆盖全球无死角
覆盖性封群
覆盖性封群措施
覆盖性扫黄打非行动
见义勇为
见义勇为救援案例
见义勇为精神可嘉
见义勇为行为
见习编辑
见习记者
见习记者向袁媛
见场嗨皮
见怪不怪了都
见者转发
见证
见证富勒烯小安瓶神奇功效酱油立马被瓦解还原性超级棒美白靠它
见证法制进程 建设法治中原
见证法治
见面后双方
见面道歉
见风使舵
观15线六工段、七工段方向
观15线六工段、七工段方向交通管控
观众
观众与合作伙伴
观众关注儿童安全
观众喝彩
观众对其是否为寄生虫的猜测
观众对内容真实性的怀疑
观众对内容语言表达存在困惑
观众担忧
观众支持
观众普遍认为
观众点赞关注
观众猎奇与戏谑态度
观众的戏谑态度
观众认为该内容系表演或迷信行为
观众调侃性讨论
观众质疑与戏谑
观天下爱聊城
观察人间：男子在家拉屎突然房子塌了
观察者APP
观察者网
观察者网报道
观察记录生活中点点滴滴也许你认为的小事就是老百姓心中的大事看人间百态品世态炎凉
观点
观点 态度 价值
观点分歧
观点性评论雪中送炭
观点性陈述
观点类言论
观点评论
观看冲突
观看导弹互射
观看时长
观看机会呼吁
观看行为
观看视频
观看该项目
观社会百态品生活温情
观音桥飞机掉下来了
规划中的兰天汉铁路
规划中的宝汉铁路
规定里没有这条
规范使用
规违规推进项目建设
规避法律责任
规避鸟击风险
视为新的违法行为
视为有骨气的表现
视听海南
视听海南平台
视新 点闻
视点新闻
视网膜
视觉中国
视觉伪装操作
视觉冲击
视觉冲击带来的错觉
视觉特效
视觉特效制作
视觉特效或后期处理作品
视觉现象
视觉误判所致
视觉误差
视觉误解
视觉错觉
视觉错觉制造传播效果
视觉震撼 军事
视觉震撼 火箭发射 危险瞬间
视觉震撼评价
视频
视频、图片、音频及文案
视频、图片或文案
视频下方评论
视频不能俗气
视频中
视频中一位年轻人
视频中一名学生
视频中交通工具非摩托车
视频中低头坐在台阶前
视频中医生
视频中可见
视频中可见人影
视频中可见人影的指认
视频中呈现的情景
视频中学生
视频中年轻人
视频中显示时间
视频中烟花燃放场景
视频中父子
视频中男人的义无反顾
视频中的高楼
视频中的高楼为汇金大厦
视频中穿粉色衣服的女士
视频中绳子
视频中美国拳王扮演者
视频中语句
视频中这位年轻人
视频中黑屏一分多钟后画面
视频中黑屏后景象剧变
视频为旧资料
视频为旧闻
视频为游戏画面
视频为现场拍摄
视频事件
视频传播
视频传播范围
视频作者
视频元信息中
视频关键词
视频内容
视频内容不实
视频内容中
视频内容为2008年旧影像
视频内容为假
视频内容为真实事件
视频内容主题
视频内容发布者
视频内容描述
视频内容提供者
视频内容支持香油防感冒说法
视频内容显示
视频内容来自黑匣子数据
视频内容版权
视频内容男子买药昏倒无人理救护车警察来了又回去6小时后运走遗体
视频内容称
视频制作方
视频制作者
视频剪辑
视频剪辑及脚本
视频剪辑者
视频剪辑背景音乐
视频发布于2019年
视频发布平台
视频发布方
视频发布时间
视频发布者
视频发布账号
视频可能为旧视频
视频可能存在剪辑
视频号
视频场景
视频场景并非意大利
视频均为原创关注我与你分享不一样的视觉留下美丽印象
视频声音均为本人原声录制素材源于网络剪辑题材源自生活
视频实为军事演习或影视特效中的近防炮拦截画面
视频实际内容
视频形式
视频影像
视频性质为广告
视频恢复
视频情节
视频截图或画面
视频投稿
视频投稿方式
视频投稿邮箱
视频投稿邮箱3394636044@qq.com
视频投稿邮箱rmsj@peopledata.com.cn
视频投稿邮箱tougao930@163.com
视频报告
视频拍摄信息缺失
视频拍摄时间为2008年左右
视频拍摄者
视频描述
视频描述内容
视频教学+剪辑软件教程
视频新闻
视频早有流传并非新公布
视频时长
视频是假的
视频是假的质疑
视频是否被篡改
视频是游戏GTA5画面
视频是真实的记录还是电影
视频显示
视频显示黎巴嫩大爆炸疑似飞弹攻击
视频曾多次流传
视频未做调查
视频来源
视频来源为旧广告
视频来源地
视频标题
视频案例
视频正文
视频正文提及内容中
视频清晰度
视频演的而且学狗叫不是狂犬病学狗叫是精神病不一样
视频炫耀
视频炫耀目的
视频炫耀行为的社会影响
视频爆料邮箱
视频片段
视频珍贵又可怕
视频画面
视频画面中有人
视频画面元素
视频画面显示
视频监控
视频监控显示
视频真实性
视频真实性存疑
视频真实性的质疑
视频真实来源
视频素材
视频素材来源
视频素材来源错误
视频线索
视频经过后期调色处理
视频结尾
视频编辑
视频背景
视频背景音乐
视频补帧
视频表现形式
视频被重复传播
视频记录
视频记录地壳运动
视频记录过程
视频证据
视频证据声称
视频评论
视频评论内容
视频评论区
视频评论区用户留言
视频评论区留言
视频语言
视频调侃标题
视频调度会
视频购物车商品分享
视频配乐凉凉
视频配以紧张音效、营造逼真氛围
视频配文
视频配文表述
视频里的所有产品头像下方橱窗都有也可以进直播间咨询直播时间：每天上午06:00－24:00
视频里这几个人难道能穿越？
视频非最新发布
览天下事
角奎镇政府
角奎镇政府党政办工作人员
角奎镇政府工作人员
角奎镇政府获悉事件详情
解决地球问题
解决深圳楼市问题之道
解封后的武汉
解封后的武汉或成中国最安全的城市
解川
解放军
解放军展示巨浪3台名嘴：为震慑美国
解救人质
解答留学问题
解答粉丝疑问
解说工作
解说没跟上 卡了
解除隔离后核酸检测阳性
解雇相关警员
触电
触电上海
触电事故
触电危险
触电身亡
触电身亡事件
触电风险
触目惊心泉州酒店坍塌致29人死亡事故内幕曝光……
触目惊心黎巴嫩多家医院监控曝光 还原爆炸瞬间
言论调侃
言语冲突
言语冲突中
評論內容
評論區
詹姆斯粉丝群信息
調侃言論
調侃評論
警力处置
警力赶赴现场
警告
警告处罚
警员
警察
警察上门执法事件
警察使用武器
警察制服动作
警察制服嫌疑人的视频
警察制服嫌疑人视频
警察和民众
警察执法、禽业品牌、情感口号等混合信息
警察挥手告别
警察暴力
警察暴力执法过程
警察暴力殴打
警察暴起伤医
警察自媒体
警察英雄形象宣传
警察蜀黍来了
警察👹过背摔擒敌危险瞬间
警小V与你携手🤝一同传递世间正能量✊🏻
警情通报
警惕凌晨时段火灾防患于未然小心因一时疏忽酿成大祸
警惕此类行为
警惕用电安全
警惕男子用酒精喷壶给车消毒突然爆炸右眼被炸伤眼球险被摘除
警戒水位
警戒线
警戒线区域
警报响起后
警探号 POLICE LIVE
警方
警方与医院安保人员合力
警方介入
警方初步调查
警方办案效率
警方发生冲突
警方取证难
警方回应女生在警察注视下溺亡
警方处理
警方实施过背摔动作制服嫌疑人
警方巡（特）警
警方已介入
警方已证实是打架斗殴所致
警方执法效率评价
警方持枪包围现场
警方指出
警方控制
警方提供画面
警方暴力执法
警方暴力执法致死案件
警方核实结果
警方爆发冲突
警方维护秩序、打击违法的信息发布行为
警方缴获
警方要求
警方观点
警方记录
警方证实为打架斗殴
警方调查
警方调查后推测
警方调查后认为
警方调查后认定
警方调查结果
警方通报
警方通报19岁女孩抢金店：因无经济来源
警方通报事实
警方通报发布时间
警方通报湖州一女孩被两人殴打
警方通报结果
警方通报美的创始人被绑架勒索案细节：系赌徒策划
警方通报连云港一家四口同日死亡案
警方锁定
警民
警民共治的社会氛围
警犬
警犬小虎
警犬小虎在救援中轴性牺牲
警眼看天下
警示
警示公众
警示呼吁
警示性
警示性描述
警示性描述不要相信表象小人之心永远猜不透
警示性评论
警示意义
警示教育意义
警示标识
警示牌
警示牌和条幅
警示观点
警示视频
警花小钰上线快关注😘
警车
警车和救护车
警车性能差距问题
警车车轮
警车追击
警车驾驶人
警车驾驶人赵某某
警车驾驶人违法行为
计算机专业毕业也不一定都做开发
计算机维护
计算精准
认为事件具表演性质
认为女方父母应负责观点
认为是商业营销
认为是炒作行为
认为是特效制作
认为是特殊时期亲情体现评论
认为是美团营销广告
认为视频真实但飞行器可能来自地球上的隐秘文明
认为该视频源自电影不惧风暴的质疑
认为非主动救援而是被卡住
认为项目像骗局
认可性猜测
认同观点
认清世界观懂得身边人
认真做好每一滴漆
认知错误
认证蓝V账号
认识到自身问题
认识女子身份的人员
讨债引发
讨薪无果
讨论
讨论背景
让世界家上中国道 GREE格
让亲家多尴尬
让人心酸
让人泪目的情节
让他知道厉害
让你付出血的代价
让你皮 下不来了吧
让动物回归自然
让女朋友获得总分第一名
让她跳喝几口水再救上来
让我们一起期待奇迹发生
让我们来康康旅游界的那些巨坑
让我想到了可爱担当乔巴
让新闻可听可看让故事有声有色周一至周五准点直播：08:00-08:30阳光政务热线解读政务信息 回应社会关切
让新闻抖起来
让新闻触动心灵
让暴风雨来得更猛烈些吧
让更多人了解抖音知识
让本就不富裕的家庭雪上加霜😭弹射起步
让老铁们在这里看到世界
让行困境
让行执行紧急任务的救护车
让行救护车
训勉谈话
训导员
训导员易文斌
训导员虐待小狗
训练有素
记3分
记6分
记录万事万物本来的样子
记录了海底火山爆发
记录历史
记录城事传递美好
记录城市美好生活传递河南正能量
记录城市美好生活传递河南正能量 vx：Gummybearr7 🔝欢迎投稿🔝加入河南商报粉丝群
记录平凡看见温暖
记录平凡看见温暖 联系微信：xxcbdyh
记录平凡看见温暖联系微信：xxcbdyh
记录新时代传播正能量
记录生活
记录生活 传递温暖
记录生活中的点点滴滴
记录生活中的精彩瞬间与平凡点滴
记录生活分享日常
记录生活记录美好记录在乡村生活的点点滴滴记录大自然记录自己
记录真实世界把握自己人生
记录社会传递温暖反映时代每天发现向上的力量
记录社会正能量 欢迎投稿小编等您
记录美好生活
记录美好生活传播正能量
记录许昌 记录建安 记录你我他
记得上次是99年
记得回家评论
记者
记者于天
记者宋霞
记者洪君媚与冯表
讲好南阳故事凝聚南阳力量
讲好山西故事
讲好张店故事
讲好政法故事
讲好榆林故事记录美好时代
讲好法院故事传播法律知识弘扬法治正能量
讲好甘肃故事、传递正能量
讲好红古故事见证红古发展
讲好警察故事
讲好闽东故事关注社会民生
讲得好绝对点赞
讲政治 顾大局 谋发展 重自强
讲述凤阳警事 服务人民群众 关注我 就对了🇨🇳
讲述外交故事
讲述球星故事重温足坛经典分享一位传奇的绿茵人生VX🔥：DD9987037
讲述警察故事传递公安正能量
许健
许多人
许多入境人员
许多失业者
许多电竞产品
许愿池
许昌
许昌公交司机在行车途中突发脑干出血昏迷前让乘客安全下车为他点赞👍
许昌市
许昌市公交司机
许昌建安融媒粉丝群
许村
许某某
许标旗
讹诈小学生
讹诈行为
论体重的重要性
论监控的重要性
讽刺
讽刺与夸张修辞
讽刺与戏谑态度
讽刺与戏谑评论
讽刺与虚构色彩
讽刺与质疑
讽刺与质疑评论
讽刺态度
讽刺性修辞
讽刺性台词
讽刺性留言
讽刺性网友评论
讽刺性表态
讽刺性言论
讽刺性认可
讽刺性讨论
讽刺性评论
讽刺性评论内容
讽刺性语气
讽刺性质
讽刺意味
讽刺或博取流量
讽刺或尴尬情绪
讽刺战争娱乐化
讽刺特朗普政策支出
讽刺类假新闻
讽刺评论
讽刺调侃
讽刺调侃言论
设卡布控
设卡拦截等更安全方式
设备一致性要求
设备保养不到位问题
设备倾覆
设备名称纠正意见
设备品牌疑问
设备安装位置
设备故障
设备有限只能优先救治年轻患者
设备有限意大利医生称不再给超60岁患者插管
设备有限意大利医生称限制超60岁患者插管
设备检查不及时问题
设备概念混淆
设备类型
设备编号4112
设备落后现象
设备设置中跟踪选项缺失
设备设置中跟踪选项缺失的讨论
设备质量
设宴答谢邻居
设立两个中央直辖区
设立封闭假减少污染
设置城市生命通道
设置警示牌
设计意图
设计无法普适不同鸟类
设计有效阻止鸟类栖息
设计者
证人证言
证件
证实为假新闻
证实事故情况
证实校外宿舍殴打事件
证据支持
证据确凿
评论
评论1
评论2
评论2000瓦快充
评论丁总必须叫他必须赔
评论不准放烟花还做炮竹必须严惩
评论与位置无关和手机质量有关
评论两三年前就看到过的视频又翻出来了
评论严查
评论中
评论中反思性内容
评论中提及内容
评论中提及的具体地名
评论中有网友询问三代什么时候能实行我的二代身份证刚丢
评论中的哲学推测
评论中的庆幸性表达
评论中的推测性观点
评论中质疑内容
评论为旺座曲江工作人员加油
评论为袁爷爷送行呢袁爷爷一路走好
评论买个定时器插座更安全
评论互射烟花不错不错就是有点费钱
评论人才啊
评论人都沉下去了才跳下去救人
评论他是咋上去的
评论你不出来证明你还是不够穷
评论信息
评论充满了
评论内容
评论内容 [赞][赞][赞]
评论内容 中国好司机[赞]很有责任心[玫瑰]
评论内容1
评论内容2
评论内容一年前的视频
评论内容严惩不贷
评论内容中国应该多多储备粮食
评论内容为四卅平安无事
评论内容人没事就好
评论内容他们早已忘记还有病毒在家等的吧
评论内容像素像08年诺基亚拍摄
评论内容具体时间
评论内容判刑太轻了
评论内容前五年都看过了
评论内容医生超负荷工作和患者过多是主要原因这是国情
评论内容在我们中国有毒就拿来泡酒
评论内容多少年前的事了
评论内容好好公平处理解决了
评论内容好有戏剧性
评论内容希望人没事
评论内容希望和平
评论内容应该不是甩锅
评论内容必须严惩施暴者
评论内容报一下是哪里好吗？
评论内容推卸责任转移视线
评论内容最可怕的是人心
评论内容有毒就拿来制农药
评论内容此案相信法律也是有温度的
评论内容没一个戴口罩的
评论内容法盲
评论内容活该
评论内容特朗普：我只是想看看蘑菇云
评论内容真把病毒抓到自己身上了
评论内容笑死
评论内容给个教训
评论内容要甩锅的节奏
评论内容说谎脸不红心不跳自己都不信
评论内容请判刑谢谢
评论内容谁让你扣的硝酸铵？？？？
评论内容这是为人谋福祉的中坚力量的损失
评论内容这是几年前的视频好不好
评论内容这是汶川地震的时候的事情早就看过了
评论内容这是表演系毕业的吧
评论内容那个棕色衣服不就是我吗
评论内容难道没有监控吗？
评论列表
评论区
评论区@主流日照
评论区@官方
评论区为空
评论区为空的事实
评论区主流态度
评论区主要互动话题
评论区信息
评论区公众
评论区关于真实性质疑的讨论
评论区内容
评论区出现分歧
评论区出现的谴责言论
评论区反应
评论区声音
评论区多为情绪化回应
评论区多位用户
评论区多数用户
评论区多数观点
评论区多条内容
评论区多条留言
评论区展开
评论区建议
评论区建议或联想内容
评论区情感倾向
评论区情绪
评论区情绪化回应
评论区情绪化表达
评论区指出
评论区提及事件
评论区提及非洲活埋新冠感染者
评论区提问与方言讨论内容
评论区整体反应
评论区整体情绪
评论区整体氛围
评论区无关讨论
评论区普遍观点
评论区普遍质疑
评论区本地网友互动内容
评论区正面情绪表达
评论区激烈讨论
评论区热议
评论区猜测
评论区猜测内容
评论区猜测性言论
评论区用户
评论区用户多数观点
评论区用户指出
评论区用户留言
评论区用户留言隔离让世界都变好了
评论区留言
评论区留言共23条
评论区留言内容
评论区疑问
评论区真实性讨论
评论区网友
评论区网友留言
评论区网民
评论区舆论
评论区表达情绪类型
评论区观点
评论区观点不一
评论区观点分歧
评论区言论
评论区言论太漂亮了
评论区言论漂亮
评论区言论舒服
评论区计算
评论区讨论
评论区讨论主题
评论区讨论内容
评论区讨论热烈
评论区讨论话题
评论区讽刺性留言
评论区评论
评论区说出你的看法
评论区调侃
评论区调侃与戏谑言论
评论区调侃与支持言论
评论区调侃内容
评论区调侃回应
评论区调侃性留言
评论区调侃言论
评论区质疑声音
评论区质疑言论
评论区部分言论
评论又是一楼哦
评论发国难财合适吗？
评论可怕
评论告诉你免费的才是最贵的
评论呼吁
评论哥斯拉路过吧……
评论国外的视频？
评论地球是圆的迟早飘回来
评论坑比老板最后没给我觉得阿姨可以去法院告他
评论声音
评论太残忍了
评论太过了70万应该可以
评论好像世界没听他的
评论好可怜加油
评论好豹架不住一群狗
评论希望不是谣言不然呢必须负法律责任
评论希望所有人都平平安安
评论平时的演练很重要
评论年轻人任性老年人买单
评论应使用防滑漆
评论建议
评论建议删了不信谣不传谣
评论怎么看都是碰瓷没成功
评论情绪
评论意思60以上只能听天由命了
评论愿世界平安
评论愿中国没有灾难
评论愿孩子们平安
评论愿逝者安息但是有一说一大货正常行驶电动车横穿马路大货车无责
评论我也在这里上班师傅辛苦了
评论我也姓丁
评论我刚从海宁回来
评论我在床上充了12年电了
评论手机千万不要放在床上充电
评论手机壳来个连接
评论承包商不会是……
评论担橙仔坐头位
评论推测内容
评论提及
评论提及信息
评论摔的漂亮
评论故意抢镜
评论整体情绪
评论早一点拉住她该有多好
评论昨天还去了呢
评论是司机的错不？？？
评论普遍
评论最起码老板真给是个爷们
评论有时候因为不文明的养狗现象让真正喜欢狗文明养狗的人也很无奈
评论没事就好
评论没办法病人太多只能保年轻的
评论没有人员伤亡学生平安是最好的
评论没有想到是丁总现在怎么样了 你也认识他吗？
评论漂亮
评论烟花表演
评论热议
评论熟了吗
评论现在孩子好了没有
评论现场无人施救
评论用户
评论用户1
评论用户2
评论留言
评论看到孩子哭真心受不了
评论看法
评论看着心疼
评论知道为什么一出事故就是死了9个人吗？超过九个人主管部门领导直接下台
评论确认
评论第二天保洁阿姨因右脚进门被罚40万
评论结果病人没死巫师死了
评论继续啊敢不敢放一分钟？
评论美国不是不用带口罩吗
评论老乡下雨了别逗太晚
评论能让我手机响个不停么 可以的多涂些润滑油
评论自驾到夹江需要什么证明不？
评论要栽跟头？
评论观点
评论认为
评论讨论
评论该睡觉啦做梦吧梦里什么都有
评论调侃对象
评论质疑内容
评论走进科学之会动的健身器材第10级正在为您播出
评论辛苦了我们的战士向你们致敬
评论还建方舱医院？是感染病毒的人太多了吗？希望早日结束
评论还没我家厕所墙结实
评论这不就是永动机原理吗？
评论这个不是秀山的吧以前就看见这个视频
评论这个视频以前见过的万幸男孩只是昏迷了后面经过治疗已康复
评论这个解说员一声惊讶的啊一度让我恍惚他们已经把病毒抓起来了
评论这个过肩摔太漂亮了为警察点赞看着开心摔得也开心
评论这也是没办法的办法
评论这就不该管他
评论这是一个各国从小教育的问题
评论这是去年重庆的
评论这是合成视频
评论这是哪啊
评论这是啥料子？
评论这是测试项目老早的旧闻
评论这是老板的丈母娘
评论违章建筑拆了一毛都没有
评论造谣抓起来
评论都是有钱啊
评论都说明了是游戏 不能当真
评论难受[大哭]
评论马上到上海了
评论马来西亚出综艺节目了？
评论鸵鸟滑雪
识别预警信号
识字班毕业入读社会实践大学学无止境为了生存而孜孜不倦的奋斗
诈骗
诈骗分子
诈骗套路之一
诈骗嫌疑人
诈骗对话场景
诈骗罪论处
试图逃离的乘客
试图阻拦的女儿
试飞
试飞事件
试飞任务
试飞成功
试飞环节
试飞降落
诗意与温度
诚信互动
诚信原则
诚信走遍天下
诚恳接受社会监督
诚意待人终有得平心应事自无争
诚挚感谢
话题
话题内容
话题战胜疫情dou行动 武汉加油 催泪系
话题标注
话题标签
话题重庆dou知道
诡异印度公园内健身器材竟自己运动
诡异评价
询问价格
该
该专业学生
该专业实际学习内容为游戏运营、赛事组织等
该专业是否培养职业选手
该专列从浙江义乌至英国伦敦
该主流媒体账号
该事件
该事件不在德州夏津
该事件为夸大恐吓
该事件传播过程
该事件作为仇恨犯罪
该事件信息
该事件关键词
该事件内容
该事件发生时间
该事件叠加其他事件
该事件可能是演练
该事件图片
该事件地点
该事件情节
该事件所述内容
该事件报道
该事件报道内容
该事件描述
该事件描述内容
该事件整体氛围
该事件文本
该事件新闻
该事件是段子
该事件标签
该事件标题
该事件标题内容
该事件核心信息
该事件正文
该事件演出
该事件画面
该事件的荒诞性
该事件监控或拍摄画面
该事件监控视频
该事件相关信息
该事件相关内容
该事件相关文本
该事件相关新闻
该事件相关视频
该事件真实地点
该事件系翻炒2018年旧闻所描述内容为假新闻
该事件系虚假信息
该事件视频
该事件评论内容
该事故
该事故报道
该事故描述内容
该事故救援
该事故现场
该事故背景
该交通事故
该交通事故视频
该交通肇事逃逸案
该交通违法情节
该人物
该人物身份说法
该仓库火灾事件
该信息
该信息为网络谣言
该信息为谣言
该信息传播
该信息含有不实内容
该信息所描述的全城大规模喷洒高浓度消毒液
该信息来源
该信息系虚假传播
该儿童已无生命体征
该公司
该公告
该公安交通管理简易程序处罚决定书内容
该兰博基尼车辆
该内容
该内容所呈现的公交车乘风破浪画面
该内容所描述事件
该内容所描述的场景
该内容所述粗盐破窗
该内容所述部分评论
该内容描述
该内容整体
该冲突事件
该出个这样的情况下的法律规定
该出手时就出手
该动物是否为东北虎
该区域存在较多酒后驾驶现象
该区域是否多次发生类似事故
该厂区
该厂区曾多次着火
该名50多岁女性
该名女子
该名男子
该命案
该团伙全部10名成员
该地
该地区
该地区居民
该地块
该地段
该地震事件
该场景三国相邻处看打仗
该女子
该女子体内无非法药物成分
该女子的调侃性描述
该女生
该孤寡老人
该安全事故
该宠物狗肇事事故
该家庭
该家庭中唯一幸存者
该家庭真实情况
该对话内容
该建筑
该弃婴事件
该患者
该情景
该情节
该情节为虚构
该手段声称能用日常物品破坏车窗
该扬子鳄不怕人
该批影像
该抖音账号发布者自我介绍
该报道
该报道内容
该报道描述内容
该报道整体信息
该报道标题
该措施
该措施合理性
该描述内容
该提示
该提醒内容
该操作
该操作简单
该政策
该政策声称内容
该政策描述
该政策相关信息
该故事
该救援事件
该文
该文关键词
该文声称动物基因超越人类但少为人知
该文声称的技术能力
该文所述内容
该文本
该文本中三折散全南美洲
该文本中的标签
该文本中血货
该文本主题标签
该文本传播
该文本传播内容
该文本传播的信息
该文本传播过程
该文本作者
该文本作者信息
该文本关联
该文本关键词
该文本内容
该文本反映事件
该文本反映情况
该文本反映的事件
该文本发布主体
该文本发布时间
该文本发布机构
该文本发布者
该文本发表时间
该文本情节
该文本所展示的内容
该文本所描述事件
该文本所描述事件内容
该文本所描述事件细节
该文本所描述内容
该文本所描述的上海迪士尼演出中由国产机器人进行舞蹈表演、观众排队四小时观看
该文本所描述的中国地图云现象
该文本所描述的事件内容
该文本所描述的候鸟迁徙场景
该文本所描述的全面暂停所有持有效签证外国人入境
该文本所描述的墨尔本航班满载华人捐赠物资
该文本所描述的寄生虫现象
该文本所描述的巫师手抓新冠病毒情节
该文本所描述的抢劫案及执法过程
该文本所描述的搜救犬小虎牺牲事件
该文本所描述的政策内容
该文本所描述的案件及采访内容
该文本所描述的沈巍相关经历及身份信息
该文本所描述的爆炸等内容
该文本所描述的男孩因踩湿斑马线滑倒致死事件
该文本所描述的羊已入境内容
该文本所描述的街头裸奔等情节
该文本所描述的视频内容
该文本所描述的马拉多纳现状及相关情节
该文本所述事件
该文本所述信息
该文本所述全州禁止化肥销售等内容
该文本所述内容
该文本所述因手机充电爆炸致广西两孩死亡事件
该文本所述因瓦片设计致鸟不落
该文本所述情节
该文本所述政策
该文本所述深圳明年开征房地产税
该文本所述珠穆朗玛峰永久封禁
该文本所述疫情对非洲影响的相关内容
该文本所述董泽鹏在8.12爆炸事故中牺牲并第二次重返火场
该文本所述融资事件
该文本描述
该文本描述事件
该文本描述内容
该文本描述内容海洋公园用狗表演
该文本描述对象口音应为河南
该文本描述的上海暴雨致公交如船行驶
该文本描述的义乌至伦敦货运列车情况
该文本描述的事件
该文本描述的事件内容
该文本描述的事件及相关细节
该文本描述的事故
该文本描述的交通事故
该文本描述的内容
该文本描述的医疗队进驻鹤洞
该文本描述的基本事件
该文本描述的意大利疫情及遗体转运情况
该文本描述的案件
该文本描述的爆炸事件
该文本描述的货车事故及救援事件
该文本描述的车祸事件
该文本整体内容
该文本整体描述内容
该文本标题
该文本标题为俄小学生零下50度顶暴风雪放学回家
该文本标题为动物园
该文本标题为吉林一中学女生在公园遭12人围殴警方通报：打人者均为未成年
该文本标题为我质问扶贫...
该文本标题事件
该文本标题内容
该文本标题哪有什么白衣天使 事实证明选择逆行的都是英雄
该文本标题宣称内容
该文本标题称11月9日浙江衢州一工厂突发火灾暂无人员伤亡
该文本标题称2018年7月23日晚老挝水电站大坝坍塌
该文本标题称今年4号台风黑格比来势汹汹导致镇政府被水淹
该文本标题称加拿大安省给国际生送温暖啦有你的大学吗
该文本标题称因为疫情原因日本烟花提前燃放
该文本标题称因林火死伤惨重数千人请愿将考拉迁居新西兰这段影像或许以后很难看到了
该文本标题称埃航失事客机黑匣子已找到……
该文本标题称小两口吵架男子抛撒巨额现金这种情况能不能捡呢？在线求答
该文本标题称广西柳州奖励援鄂医疗队员每人一辆汽车
该文本标题称扶贫干部怒怼懒惰父子……
该文本标题称昨天10点19分内蒙古锡盟东乌旗发生地壳推移
该文本标题称昨晚入住喜来登酒店早晨发现酒店毗邻成都市体育馆而该体育馆在2017年翻新时意外发现地下为蜀王墓
该文本标题称有学生戴口罩参加香港理工大学博士毕业典礼校长拒绝握手并要其下台
该文本标题称湖北省建始县出现罕见变脸鸟
该文本标题称湖北襄阳民警抓捕抢劫嫌疑人这个抱腿顶摔太帅了为战友点赞了不起的守护者
该文本标题韩国乐天世界 跳楼机 不用想了 我肯定没z坐这个 一秒天上地下
该文本正文
该文本正文内容
该文本目的
该文本结构
该文本背景
该文本评论区
该文本部分内容
该新闻
该新闻事件
该新闻事件描述
该新闻事件描述内容
该新闻事件视频
该新闻作者
该新闻内容
该新闻发布时间
该新闻报道
该新闻描述内容
该新闻文本
该新闻文本所述具体事件
该新闻文本所述内容
该新闻条目
该新闻标题
该新闻标题及内容
该新闻正文
该新闻相关视频
该新闻视频
该方法
该暴力事件
该极限项目
该标语
该标题
该标题内容
该标题称嚣张不佩戴口罩还动手刺伤城管 男子被判处有期徒刑六个月
该标题称微信有一个监听功能一直在泄露您的隐私对话赶快手动关闭
该校学生
该校学生在宿舍所生
该案
该案件
该案件描述内容
该案例
该楼
该楼从安徽飘至南京
该楼房
该段生死相随爱情
该沉船事件
该消息
该消息不真实
该消息为假
该消息已被辟谣
该温馨提示内容
该火灾事件
该火灾事故情况
该灾情通报
该爆炸事件
该物体外观与无人机相似
该现象
该现象实为2019年旧视频
该用户
该用户关注了你
该男子
该男子一家
该男子一家八口
该男子及其家人
该男子多次因酒后施暴被调解无果
该男子家暴事件
该男子患有精神疾病
该男子昏倒事件
该男子死亡
该男子疑似为追求流量的网红
该男子的同伙
该男子系二儿子
该男子系自杀
该男子逃离
该留言
该短信内容
该研究
该社会事件描述内容
该类信息为谣言
该纪录片内容
该网络热传视频内容
该老年妇女
该航班坠毁
该虚假报道
该虚构情节
该行为
该行为实为放生祈福
该观点
该规定
该视频
该视频中的女舞者
该视频为几年前老视频
该视频内容
该视频内容的质疑
该视频厉害了白人警察逮捕了一个黑人一看证件是中情局的赶紧又放了
该视频或图片描述
该视频描述
该视频描述事件
该视频描述内容
该视频来自上海迪士尼4D影视
该视频标题
该视频片段
该视频目的
该视频系网友转发给女孩的网络内容
该视频评论区
该触电事故
该言论
该设备有助于提升学习专注力
该评论
该说法
该说法属于虚假传播
该说法系谣言
该货轮
该起多车追尾事故
该起抢劫案
该起爆燃事故
该起金店抢夺案
该路口封闭
该路段
该车祸
该迁徙现象
该通知
该通知内容
该酒店
该金店抢劫案
该金矿发现事件
该鉴定方法
该钓鱼场
详细信息
详细情况
诫勉谈话
诬告陷害
诬陷小学生
语义不清
语义不清词组
语义不通问题
语义混乱
语义混乱表述
语义混乱词语
语义误写或表达不清
语句不通问题
语句混乱与表达不清
语文成绩至0分
语病和逻辑混乱
语言刺激
语言沟通障碍问题
语言表达能力
语言风格
语音合成设备输出内容
语音记录
误传
误传信息
误传内容
误传或夸大
误传或夸大报道
误传或夸大说法
误传或虚构
误传或虚构事件
误传或误导性表述
误信与传播
误停的主要原因
误关联信息
误写或误导性关联
误劝行为
误导
误导与不实加工
误导为当前拐卖案件
误导传播
误导公众情绪
误导公众认知
误导和情绪化渲染
误导嫌疑
误导性
误导性传播文本
误导性信息
误导性信息传播
误导性偏差
误导性免费采摘噱头
误导性关联
误导性关键词
误导性内容
误导性剪辑
误导性标签
误导性演示
误导性生活妙招
误导性表述
误导性讨论
误把千斤顶当三角警示牌
误标
误标信息
误标关键词
误标或无关标签
误标或误导性
误标或误导性标签
误标或输入错误
误植
误植关键词
误植或干扰信息
误植或混淆
误解
误解或夸大
误解或谣传
误解风险
误读
误读或夸大
误读或夸张表述
误读或恶意传播
误读或摆拍卖弄
误读或误导性表述
误读福锦区
误读视频片段
误配或误导性标注
诱导效应
说中国话
说南京哪里转移人了呢
说得好
说得好我差点就信了
说明
说明他还真抓到了
说汉语
说法
说温州话
说的太好
说的对
说的对心坎里的话
说真话
说话+带货
说话算数是蒙古人的本性
说话靠谱点别张口就来评论
说遍天下奇葩事
请你珍爱生命
请假
请关闭通道
请关闭通道留言
请出示护照 PLEASE SHOW YOUR PASSPORT
请别看手机
请勿打扰
请勿模仿
请勿相信谣言
请勿连赞
请勿连赞 每日一款壶 一泡茶 泡出人间滋味喝出人生百态
请各方加强沟通
请备注原因
请大家关注一下新号：滕州融媒
请大家千万千万要注意❗ 雨天过横道线万万不可踏上斑马线的白漆面非常之滑❗
请大家千万千万要谨记太令人痛心了🙏🙏
请巫师为特朗普驱魔
请平安归队火焰蓝台风利奇马 临海或发生超历史性大洪水 消防员
请您照下图姿势躺好
请战书
请把川普带走吧
请求重新发布视频
请注意行驶安全
请注意：女舞者是位机器人这段视频来自上海迪士尼4D影视有内部人士特别奉献观看只有5分钟但排队却要4小时
请过路车辆绕行
请遵守交通法规
请问这个专业怎么样？
诸暨奶奶
诺曼·阿克拉姆少校
诺贝尔奖
读书
读书是为明理而不是为了学会认字
读书目的
读者
课桌下
课桌下避险的实际可行性
课桌下避震
课桌安全性质疑
课桌设计是否合理
谁会随身带火花塞
谁做了谁的过客
谁发财了
谁啊
谁在握方向盘
谁家的孩子丢了？河南口音
谁家的小宝贝
谁抢罚谁款讨论
谁拍的为什么不拉他一下
谁是抛烟头者
谁没有老的那一天？
谁的责任啊？
谁的责任？
谁能获得救命设备上做出艰难取舍
谁被扣分了
谁让我失望我就让谁绝望
谁说鱼和鸟不能相爱的？看看这个画面人家喂的是鱼食撒给你们的是狗粮
谁赢了
谁走得更远
谁走的更远都与我没有太大关系
谁这么优秀在关注我
谁都不服就服你
调侃
调侃与共鸣
调侃五粮液机场修建
调侃内容
调侃内涝造成经济损失
调侃和称赞为主
调侃够吹一辈子了
调侃尾灯都看不见
调侃干旱地区缺水声音
调侃建议
调侃式祝福内容
调侃态度
调侃性回应
调侃性推测
调侃性标题内容
调侃性留言
调侃性言论
调侃性评论
调侃性评论内容
调侃性质内容
调侃性质评论
调侃意味
调侃或无关言论
调侃或质疑评论
调侃或质疑语气的互动
调侃泄洪场景
调侃点赞类评论
调侃管理问题
调侃类评论
调侃表情
调侃表情符号
调侃表情😄
调侃言论
调侃评论
调侃语句
调侃语气
调侃食量过大评论
调控政策
调整
调查
调查中
调查事故原因
调查取证
调查处理
调查处置
调查并澄清事实
调查案件
调查组
调查结果
调查结论
调查进展
调派消防力量
调用两只警犬
调离执法岗位
调解
调解书、判决书或公证证明
谈古论今标签
谈生意就好好谈生意干嘛搞得像谈婚论嫁
谈论死亡
谈谈交通事提高交通安全知识
谋杀
谋杀未遂、非法武器贩运和流氓罪
谋生工作
谎报伤情原因
谎报火警不能换来自首关注但可换来拘留
谎报火警事件
谎报火警行为
谎称内容
谐音梗制造话题
谚语研究所
谢新聪
谢树山等人
谢泽光
谢海强
谢觉连赞
谢谢
谢谢你 好心人
谢谢你关注
谢谢你的关注
谢谢你的关注知足常乐
谢谢你这么优秀还关注我👍 不取悦他人自己喜欢就好✌️ 感恩遇见🙏
谢谢你这么好看还关注我
谢谢兄弟姐妹们关注我
谢谢关注
谢谢关注点评此刻起我们将是永久好友
谢谢关注点赞
谢谢关注爱抖音感谢抖音平台
谢谢分享
谢谢大家的关注
谢谢大家的关注支持分享
谢谢大家这么久的关注和支持
谢谢姐姐的关注点赞
谢谢您您辛苦了
谢谢父母三声
谢谢美亲的支持和鼓励
谢谢老板的支持和点赞评论
谢龙龙
谣言
谣言啊兄弟质疑
谣言小视频
谣言止于智者
谣言没看到这么多人在摘吗？
谣言质疑
谨慎上传清晰手指照片
谨慎甄别
谨慎转发
谭丽莹
谭浩
谭浩团队
谭添华
谭添华家属
谭添华走失事件
谭添华走失地点
谭队长
谴责人性残忍
谴责偷车行为
谴责凶手
谴责暴力
谴责言论
谷某月
谷某月控制
豆制品批发零售
豆腐厂油窝
豆腐泡
豆腐渣工程言论
象
象山石浦
象山石浦水库倒了
象山石浦被水淹了
象征意义
象棋里有象
象群
象群共有14头大象
象群因饮酒大规模醉倒
象群影响评估统计
象群总计
象群饮酒醉倒茶园事件
豪横
豪车车身
豫A07ZN2车辆
豫A07ZN2车辆事件
豫A07ZN2车辆收到两张罚单事件
豫S83978
豫视频
豫视频记者
贝加莫地区疫情
贝加莫市
贝加莫市死亡人数
贝加莫市火葬场
贝加莫市进行集中处理
贝加莫教堂
贝加莫火葬场
贝尔加莫
贝类体内的晶杆体
贝类正常生理结构
贝贝
贝贝受伤
贝贝受伤的画面
贝贝穿上保护鞋
贝鲁特
贝鲁特大爆炸
贝鲁特大爆炸 疑似飞弹攻击
贝鲁特大爆炸不排除外国介入所致
贝鲁特大爆炸与飞弹攻击相联系
贝鲁特大爆炸事件嫁祸
贝鲁特大爆炸疑似飞弹攻击
贝鲁特大爆炸的归因解释
贝鲁特大爆炸相关信息
贝鲁特大爆炸被描述为飞弹攻击
贝鲁特市长
贝鲁特港
贝鲁特港口
贝鲁特港口仓库
贝鲁特港口区
贝鲁特港口区爆炸
贝鲁特港口地区
贝鲁特港口地区发生巨大爆炸
贝鲁特港口地区岸边
贝鲁特港口地区爆炸
贝鲁特港口大爆炸
贝鲁特港口爆炸事件
贝鲁特爆炸前后卫星图对比：港口区变成一片焦土
负二层车库
负伤
负压隔离功能
负责人小勇
负责人小勇开除
负责人（小勇）
负责报道一切
负面回应
贡多拉之间
财产损失
财产损失但无人员伤亡
财产损失具体报告
财产损失赔偿
财产转移
财富商丘
财富源于梦想、雄心创造奇迹
财政外流担忧
财物损失
财经
财联社视频新闻官方账号
责任
责任 公信 权威 影响
责任主体归属问题
责任人必须付出代价
责任媒体
责任媒体 服务民生
责任归属
责任归属讨论
责任归属问题
责任心强
责任认定
责任调查程序
责任赔偿问题
责任追究
责任追究讨论
败家娘们
败家娘们调侃
账号
账号H您大药房
账号归属媒体
账号湖北广播电视 汉版
账号简介为🙏感谢平台🌸每天分享精彩内容🍃喜欢就关注吧
账号运营者
账户信息
货机地面起火事件
货架倒塌
货架堆垛倒塌
货船
货船卡在了长江大桥
货船沉没
货船沉没事件
货船贴边穿过长江大桥
货船通行风险增加
货船避台停泊
货车
货车上为何有大量人员
货车事故
货车侧翻
货车侧翻掩压路边拾蒜群众事故
货车侧翻掩压路边拾蒜群众事故8死11伤
货车前长时间盘旋挑衅
货车区域
货车及小车共5人受伤
货车可能存在违规载人情况
货车司机
货车司机在途中偶遇大爷并予以救助
货车司机拉住失控车辆
货车司机轻微擦伤
货车引爆炸药
货车引爆炸药致死说法
货车撞击方式
货车自燃事件
货车超载
货车超载嫌疑
货车车头
货车高速上出事故被困车中过路司机勇伸援手
货轮
货轮几乎贴桥而过现象
货轮司机
货轮紧贴桥底通过
货轮通行
货轮通行惊险场景
货轮通行空间变小
货轮通行长江大桥
货轮通过事件
货轮通过时
货轮通过长江大桥事件
货运车辆监管有强烈关切
质某
质某、邓某
质某与其他男性有暧昧关系
质某发生争执
质某身体
质疑
质疑与娱乐态度
质疑与戏谑言论
质疑与讽刺
质疑与诉求
质疑与调侃
质疑与调侃言论
质疑与负面评价
质疑与问责诉求
质疑临牌车辆如何上高速
质疑为何对涉事人员打马赛克的评论
质疑事件处理方式言论
质疑事件真实性
质疑事件真实性观点
质疑事发原因评论
质疑事发真实性
质疑人物身份
质疑信息
质疑信息真实性类
质疑其健康状况
质疑内容
质疑内容真实性
质疑动机
质疑医院制度不公
质疑城市排水系统的声音
质疑声音
质疑居住地选择评论
质疑工程质量问题
质疑并呼吁核实
质疑应急响应
质疑当事人陈述真实性
质疑当地治理不力
质疑当年修建体育馆是否为保护遗址
质疑态度
质疑性留言
质疑性观点
质疑性讨论
质疑性评论
质疑性评论内容
质疑手机像素低下
质疑承包合法性言论
质疑操作可行性
质疑施工标准声音
质疑时速匹配的评论
质疑法律责任
质疑灾前预警机制的声音
质疑烟花爆竹安全性
质疑用户
质疑疑似？这就是爆炸评论
质疑真实性
质疑真实性评论
质疑管道质量声音
质疑若引发事故怎么办
质疑观点
质疑视频来源真实性
质疑视频真实性为骗术
质疑评论
质疑责任与赔偿问题
质疑车辆处置问题的评论
质疑边境墙质量
贪婪导致悲剧
贪污举报应通过纪委等正规渠道
贫困代际传递
贫困户
贫困户懒惰
贫困户的贬义称呼
贫困户负面形象
贫困自嘲言论
贫民窟或非正式住宅中
贫穷救了命
贬低无知行为
购买三瓶农药
购买两身新衣
购买体育彩票和福利彩票
购买及发货事宜
购买对方车辆
购买意愿的互动
购买渠道
购买龙卷风录像
购房
购房者
购物中心和市场
购票排队
购票排队长达四小时
购票排队需四小时
购票方式运送
购置果蔬肉解毒机
购车
贴创可贴
贴创可贴增强信号
贴创可贴增强信号提高网速
贴小东西可提升网速3倍
贴心服务实则令人糟心
贵南高铁
贵南高铁广西段
贵南高铁荔波县朝阳隧道
贵南高铁荔波县朝阳隧道挖到暗河了
贵南高铁荔波县朝阳隧道施工事件
贵南高铁荔波县朝阳隧道施工相关事件
贵南高铁荔波县朝阳隧道施工遭遇暗河
贵州公共频道百姓关注
贵州广播电视台公共频道百姓关注栏目官方账号
贵州惠水县
贵州某地小学生
贵州某地小学生佩戴走神监测头环
贵州毕节
贵州祖龙农业综合开发有限责任公司
贵州祖龙农业综合开发有限责任公司负责人
贵州荔波
贵州都市报橙视频部抖音号
贵州黔灵山
贵州黔灵山的猴儿五天没游客投食饿得集体下山拦路政府发馒头救助
贵港人民
贵港往武宣方向
贵网电视回看不能播放
贵阳
贵阳市
贵阳市及开阳县相关企业或单位
贵阳市政府
贵阳网官方账号
贵阳至中天金融城路段沿高速公路应急道行驶
贵阳荟康医院
贵阳黔灵山
贵阳黔灵山5天没有游客投食猴儿们下山堵路
贵阳黔灵山5天没游客投食了猴儿们下山来堵路 就差拉横幅了
贵阳黔灵山5天没游客投食猴儿们下山来堵路
贵阳黔灵山猴子
贵阳黔灵山猴群
贵阳黔灵山猴群下山堵路事件
贵阳黔灵山野猴下山堵路
贵阳黔灵山野猴下山堵路事件
费县
费好??
费如
费如???
费妍
费妍, 存在姓名不一致
费用过高
费翔的一根胸毛
费翔的胸毛
贺勇
贺州昭平县一马戏团
贺州昭平县有马戏团老虎咬人
贺州昭平县某景区
贾璇
赃物一批
赃物追回
赃物追缴
赃车
资助
资助意愿
资料图片
资料来自烟台交警 交通违法 举报
资江二桥
资江二桥 交通安全 潮汐车道也要多注意安全⚠️
资江二桥儿童溺水事件
资江二桥儿童溺水事件相关
资江二桥淹死一名六岁儿童
资江河边
资江浮邱山乡毛家桥村乱石滩河段
资深文学青年
资深新媒体人
资深生涯规划师
资深设计师
资源错配
资环学院举办一周情侣活动
资讯短视频平台
赊取一些米
赊取一点米
赊取大米
赊米事件
赊米请求
赊账请求
赌博
赌博输掉十几万元
赔偿
赔偿不存在
赔偿争议
赔偿合理性
赔偿处理方式
赔偿孩子精神损失
赔偿损失
赔偿损失没有
赔偿是不可能的
赔偿细节
赔偿能力
赔偿责任归属主张
赔钱
赖先生
赖家长观点
赖布衣玄学文化学会理事
赖某
赖某的行为
赚得盆满钵满
赚点外快
赚脏钱
赚钱
赛事中汽车与车手发生碰撞
赛事安全保障不足
赛事组织
赛事组织管理问题
赛事解说
赞
赞一个
赞助武汉长江大桥焰火活动
赞助焰火活动
赞叹态度
赞叹语气
赞感谢正能量等正面留言
赞扬中国民警
赞扬言论
赞美与惊叹评论
赞美爱情
赞誉言论
赞赏与民族自豪感
赞赞赞
赠予的车辆
赠予车辆
赠送口罩给未戴口罩乘客
赠：徐州叫教目联联下家啥然
赠：徐州市天
赣州
赣州消防救援人员
赣榆
赣榆区一化工厂
赣榆区一化工厂发生爆炸
赣榆区公安局
赣榆区城头镇
赣榆发生巨响
赣榆融媒
赣榆警方
赣江大堤
赣江大堤20个管涌点
赣江大堤发生管涌15名党员组成的突击队率先跳入没过胸口的水中封堵险情
赣江大堤周边
赣江大堤管涌险情
赣江水中
赤峰两车相撞 4死2伤 注意交通安全
赤峰市敖汉旗省道210线536公里处
赤脚
走了大半年
走出了军人的感觉
走在新时代看看新生活
走失儿童身份真实性
走失学生
走失的14岁男孩
走沙 Tm 勇敢的老司机
走神监测头环
走神监测环
走私倡户肉或侵户肉
走私倡户肉或侵户肉上餐桌
走私僵尸肉上餐桌
走自己的路让别人说去吧
走蛟传说
走访工作
走走走快走开
走路一瘸一拐
走路也要戴安全帽
走路玩手机
走路要戴头盔
走过路过别忘了点个关注
走近我温暖你记录身边的故事
走近科学印度一公园健身器材深夜竟然自己运动？
走进科学新一期
赴巴基斯坦灭蝗
赴日中国公民
赴日中国游客及在日侨民
赴欧
赴现场救援
赵丹枫
赵亮
赵亮有期徒刑十年六个月
赵亮的妻子
赵亮阻拦
赵克志
赵宇
赵家岗土家族乡乡长
赵家岗土家族乡党委书记
赵延灼
赵延灼偷拍行为
赵延灼删除视频
赵延灼家属
赵延灼家属不应索赔
赵延灼家属应向被偷拍女生道歉
赵延灼家长
赵延灼确有偷拍行为
赵延灼跳楼事件
赵必志
赵柏基
赵某
赵某及儿童
赵某及儿童跌倒受伤
赵某及车上儿童
赵某某
赵某某三项交通违法行为属实
赵某某交通违法行为
赵某某执法岗位
赵某某有期徒刑十年六个月
赵某某的行为
赵某某驾驶过程中多项违法
赵泳
赵立坚
赵立坚表态
赵立坚：美挑拨中非友好不会得逞
赵露露（实习）
赶两月才能到
赶快去看看
赶快报警救我
赶紧删不然进局子喝茶
赶紧回去晒被子
赶紧回去晒被子调侃
赶紧抢注商标闷倒象
赶赴事故现场
赶赴现场
赶赴现场投食安抚猴子
起刑十年
起火
起火事件
起火事件信息
起火事故
起火仓库
起火储罐
起火原因
起火和爆炸
起火地点
起火地点周边地标
起火地点旁边
起火液化气罐
起火点
起火点并非化工厂
起火燃烧
起落架坏了皮卡真的立大功了
起诉整栋楼业主共同赔偿
起诉解决
起身行走
起车起泵
起飞前画面
起飞后约4分钟
起飞成功
趁低价抄底
趁机输出美元、美联储放水致美元将崩
趁青春去发现 地铁 上海
超1000万公顷土地
超1000小时
超15万公顷森林
超20分钟
超2万只考拉葬身火海
超3000人
超3000人伤亡
超3000人受伤
超300万元用于种植花生
超30万非洲人可能因新冠肺炎疫情而丧生
超30万非洲人可能因疫情丧生
超37万户停电
超40年
超60岁新冠肺炎患者
超6600人失去家园
超乎年龄的懂事
超人妈妈报天气
超前探孔没有打到位
超历史性大洪水
超历史性大洪水风险
超历史纪录的大洪水威胁
超声波清洗机中清水
超大功率无线充电器
超大质量黑洞撕裂恒星
超市
超市不赊账
超市从不赊账
超市内
超市大妈抢特价菜
超市店员
超市施工区域
超市类商业实体
超市老板
超市购买橘子
超市购买的成品挂面
超市青春频道
超强台风利奇马
超强台风海贝思
超强台风海贝思即将登陆日本
超强台风海贝思登陆日本
超感人爱情故事：意大利情侣感染病毒...
超感人爱情故事：意大利情侣感染病毒男友脱下防护服陪女友走完最后一程双双离世
超时处罚
超时风险
超标排放废水
超淡定吃饭
超生背景
超竞集团
超级台风海贝思
超级台风海贝思登陆日本
超自然或未知生物存在
超自然或离奇现象
超自然现象
超自然现象导致
超自然现象猜测
超警戒水位约4.0米的洪水
超越人类的智能
超越国家级运动员的滑雪能力
超越学霸
超越政治与国界的相互扶持
超越生死的爱情
超跑迷一枚清远市佛冈县人征婚中 😉😉
超载导致
超过2万只考拉死亡
超过3000米
超过30万非洲人丧生
超过30万非洲人因新冠肺炎死亡
超过30万非洲人或因新冠疫情而丧生
超过30万非洲人死于疫情
超过30万非洲人死亡
超过6万名登山者
超过两分钟了吗？
超过了
超过日常训练强度
超速
超速全责
超速行驶
超重
超重注意安全
超震撼洪峰过境宝成铁路涪江大桥绵阳再现重车压梁
超震撼的中欧专列
越努力越幸运加油 支持快手传递正能量
越来越像表演
越来越喜欢他的表演了
越来越深了
越炸越厉害
越野车
越野车发生碰撞
越野车司机
越野车坠桥事故
越野车坠湖事故
越野车坠落事件
越野车突遇洪水
越野车驾驶员马某
趣味事投稿
趣闻趣事
足球 马拉多纳 球王
足球领域
趴在祝融号上身临其境看风景
跃龙山
跌落
跌跌撞撞
跌跌撞撞的画面
跑不掉了哈!!
跑掉的第三只豹子 Y 牌接的二 三只约 烟掉的家 有国只豹子……
跑水
跑那么快增加了你的重心
跑都没地方跑
距其船只不远处
距离所谓开征日期
距离震中最近
跟三岁小孩似的还掏鸟窝
跟小会计没关系
跟我走吧 我们来听一下专家的见解
跟特朗普的头发一样
跟看烟火表演一样
跟真人没有区别
跟着小鱼看新闻
跨境列车
跨栏练习
跪下那一刻再也忍不住了
跪地受袭
跪地求助
路 还是要走 只是 不再回头
路上汽车
路中间
路亚产品
路亚产品经营者
路人
路人与消防官兵
路人惊呼危险
路人拍摄
路人杨先生
路人砸破车窗实施救援过程
路人行为
路人阿姨
路侧一间厂房
路况提示
路北区人民法院
路口平坦处
路合路与石板湖大道交叉口
路基不稳
路怒事件
路怒症
路怒症 发作？消消气 有话好好说 平安出行
路怒症一触即发俩司机竟在高速上持械斗殴相约服务区单挑
路怒症何时休德阳一司机居然停车去打另一司机依法严惩
路易斯
路某
路某死亡
路某的母亲
路某的请假申请
路桥
路桥某私立中学
路桥某私立中学学生
路桥某私立中学学生跳河
路桥某私立中学附近河流
路漫漫其修远兮我们成互动老铁
路由器上放置某物
路由器上贴个创可贴作用太棒了信号增强网速快方法真实用
路由器上贴个小东西网速立马快3倍玩啥都不卡
路由器上贴创可贴
路由器上贴创可贴可增强信号提高网速
路由器上贴创可贴可增强路由器信号提高网速
路由器网速太慢？只需上面放个小东西网速立马提升再也不掉线
路考三个项目
路边
路边停放的车辆
路边正在行驶的车辆
路边群众
路过公交司机
路过的小女孩
路过考生
路透社
路透社报道
路透社消息
路随行安全最重要
路面
路面严重积水
路面大量积水
路面开裂
路面情况
路面积水
路面积水情况下仍工作
路面被炸开
路面震动
跳下身亡
跳井女孩
跳入府河
跳崖自杀
跳得太棒了根本看不出年纪
跳桥
跳桥事件
跳桥原因
跳桥轻生事件
跳桥轻生行为
跳楼
跳楼事件
跳楼女子
跳楼女子家属
跳楼机
跳楼机+旋转飞椅
跳楼机+旋转飞椅极限项目
跳楼机+旋转飞椅项目
跳楼机体验
跳楼机的体验感
跳楼机项目
跳楼自杀
跳楼高度
跳江男子
跳河事件
跳河自杀行为
跳河轻生事件
跳海自杀
跳的就是车
跳窗男子
跳窗逃生
跳窗逃生者
跳窗逃生行为
跳站
跳舞
跳舞视频
跳车逃生
跳车逃走
踏上雨天的斑马线白漆面
踏空身亡
踢完球赛
踢着网球的这个胖子我曾想过无数次该怎么发这个视频调侃可是想着想着一个时代的彻底结束了马拉多纳去世
踩上斑马线白漆面
踩上斑马线白漆面的年轻人
踩上湿滑斑马线白漆面
踩上雨天湿滑的白漆面
踩头
踩头行为
踩踏
踩踏事件
踩踏雨天斑马线白漆面
踮起脚尖亲吻你👠本人莹莹💃
蹲在墙角痛哭
身临其境观看火星风景的技术基础
身为土生土长的中国人应享受免费治疗
身为山东人感到骄傲
身亡
身份的象征不是名牌或豪车而是身份证
身份确认
身份确认工作
身份认同问题
身份证
身份证号重复
身份证被冻结
身份证阅读器
身体不适
身体健康时不为国家做贡献生病了跑回来
身体吃不消
身体多处挫伤
身体损伤
身体状况良好
身体软组织损伤已无大碍
身体长角
身体青紫
身心严重创伤
身心俱疲
身穿内衣被香迷
身穿外卖服的小哥
身穿外卖服的小哥一指禅KO对手
身穿白色防护服的人
身穿黄色衣服的女子
身边事天下事新闻资讯一网打尽
身边拍客
躲债
躲在课桌下避险
躲过印尼空难
躲避拦截
躺卧睡觉
躺类生物
车一族
车一族宣传语
车一族请严应对不给病
车上20多名乘客的安全
车上乘客
车上乘客全部安全下车
车上乘客及路过司机
车上乘客无人打电话急救
车上人
车上人员
车上人员先下车
车上人员先下车再牵车
车上人员先下车再用绳子拉车
车上人员因固执导致错失救援
车上人员错失救援关键时机
车上傻子太多
车上其他乘员
车上所有乘客安全下车
车上谈论温州下吕浦的学区房后收到精准推送
车主
车主不肯弃车被洪水冲走
车主与死神擦肩而过
车主六年
车主回来免费开走
车主回来即可免费开走车辆
车主困惑
车主幸运之至
车主归来可免费开走
车主支付3000元赔偿了事
车主未支付任何赔偿
车主未锁车
车主死里逃生
车主烧伤事件
车主烧伤致死说法
车主用尽一生运气
车主终将归来
车主联名起诉维权
车主质疑
车主购买涉水险
车内
车内不要放贵重物品
车内人员
车内人员未及时弃车
车内人员跳车逃生
车内喷香水+抽烟引发爆炸致两人死亡
车内恐怖画面曝光关注
车内放置香水、打火机等物品
车内爆炸
车内画面
车内画面曝光
车内画面曝光说法
车内监控镜头
车厢内有乘客晕倒
车厢左侧冒烟
车在水中游
车坊升级音响氛围灯改灯一件启动电尾门电踏板
车型指代不清
车头受损严重
车头朝下坠落桥下
车头碎裂严重情况
车子
车子全部滚了好吓人哦
车子违停一次为啥会被贴两张单？
车底分离相机
车慢慢移向深水中
车房
车手
车拉乡
车拉乡受灾情况
车某某
车标
车次为25032、机车号HXN550650的列车
车次信息HXN50650
车流整体平稳
车牌
车牌PO-6222轿车
车牌号为冀D5369警的警车
车牌号或编号
车牌号皖K895T9
车牌号码
车牌桂B99999被拍卖400多万
车玻璃一看就不是国制造
车电厂大门
车的后档也不行啊 一碰就碎了
车票
车祸
车祸事件描述
车祸事故
车祸去世
车祸发生地点
车祸或持械斗殴
车祸未实际发生
车祸真实性
车祸碎片
车站都带口罩
车管所
车联超市
车胎
车船税就是这么来的
车船税就是这样收的
车船税没白交
车距保持不足
车距保持不足加剧事故后果
车辆
车辆IDF6766
车辆一次违停被开具两张罚单的疑虑与原因
车辆不同程度受损
车辆从长沙波隆立交桥坠落
车辆保险杠
车辆信息
车辆停稳行为
车辆冲上绿化带
车辆出入
车辆压碎冰面
车辆受损
车辆受损情况及数量
车辆变道
车辆后玻璃
车辆后玻璃被撞碎
车辆和货物全部烧毁
车辆品牌
车辆品牌疑问
车辆在一次违停过程中被执法人员连续开具两张罚单
车辆在小河沟中陷得不深
车辆在隧道中停车灭火失败
车辆坠桥事故
车辆坠桥过程
车辆坠河、女子被困、三位好汉救人
车辆坠河事件
车辆坠河后乘客不愿逃生错失救援时机
车辆坠落
车辆声响
车辆失控
车辆失控原因
车辆失控损毁
车辆存在盲区
车辆安全
车辆安全差距
车辆安全差距感叹
车辆完整性
车辆惊险通过
车辆持续停放
车辆持续停放超24小时未移动视为新的违法行为
车辆损失数量
车辆损毁
车辆操作不当
车辆无法通行
车辆泡水
车辆泡水获利现象
车辆滑向深水区域
车辆状态
车辆看似有挣扎痕迹
车辆瞬间起火
车辆翻下桥
车辆被冲毁
车辆被冲毁后的保险赔偿困扰
车辆被冲走
车辆被卷走
车辆被吹倒情况
车辆被埋
车辆被掩埋
车辆被洪水冲走
车辆被用作攻击工具
车辆被砸
车辆起火
车辆超载为主要诱因
车辆轨迹数据
车辆载有20万元货物
车辆进出小区
车辆违停一次 交警贴单两张
车辆违停现象
车辆违停现象严重
车辆速度极高
车辆配置如天窗
车辆陷入水中的深度
车辆颠簸
车远了还有下一趟...
车远了还有下一趟人远了再也找不回来了在这个多变的世界里请好好珍惜对你好的人世界这么大有人对你好是你的骄傲；人心如此小有心装着你是你的自豪这世上钱能买得起真正的奢侈品但是你用多少钱也无法买到一颗真正惦记你的心… 让我们在这个薄情的世界深情的活着无言对错只需珍惜
车速
车速km/h
车速可能达140码
车速过快
车门
车门被打开
车间线路短路
车顶
轨道交通
转动
转发
转发亲友同事
转发出去让更多的人看到
转发助力团圆
转发并远离危险区域
转发扩散
转发提醒
转发未经官方证实的新冠肺炎相关信息
转发自他人
转发警示
转型难题
转塘
转战B站更新内容
转移
转移措施有效
转移煤气罐
转移矛盾质疑
转移行动
转行
转贴通知
转载
转载转发
转运危重病人任务
转运物品
转运遗体
轮回观念评论
轮换下来的消防指战员
轮换洗消措施
轮椅上的霍金
轮流休息
软件技术
软组织挫伤
轰走
轴性牺牲
轴承涂油不会自转
轻伤
轻则几百万重则好几亿
轻功水上漂失效
轻微伤
轻微发炎与开裂
轻微误导性表述
轻松
轻松娱乐情绪倾向
轻生
轻生原因的猜测
轻生女子
轻症患者
轻钢结构不合格
载一棵树最好的时间是十年前其次是当下
载六人小车翻入环江河里
载六人小轿车
载客能力
载客飞行
载有炸药的货车
载蒜车掉入沟里
轿车
轿车冲向人群致3名食客被撞飞
轿车在火海中惊险逃出
轿车被巨石砸中事件
轿车驾驶员
轿车高速冲入夜宵摊画面
较为专业
较为混乱
较为碎片化
较低
较场坝街
较多
较大安全隐患
较大身心压力
较差
较弱
较强误导性
较温和设施
较轻
较远处有环形坑
较陡坡度
较高公信力
较高社会关注度
较高起薪
辅警
辉哥
辉哥发布
辐射问题
辐射问题担忧
辐射风险
输液袋
辖区交警
辖区公安机关
辖区内一名七旬老人
辖区巡逻防控
辖区派出所
辖区派出所带走一名男子
辖区派出所民警
辖区派出所民警与巡特警
辖区消防救援人员
辖区警方
辛冠
辛冠与费妍
辛冠和费妍
辛冠费妍名字引人注目
辛冠费妍的孩子应该叫什么名字？？？
辛冠费妍结婚
辛冠费妍结婚证
辛冠费妍结婚证信息
辛冠费妍结婚证相关信息
辛冠费妍😂
辛苦了
辛苦了愿你们都平安
辛苦了注意安全
辛苦了白衣天使愿所有人平平安安
辛苦了的武汉百姓
辛苦了评论
辛苦啦蓝朋友们
辛苦消防员了
辛苦的又是火警小哥哥哎
辛赢冠
辛集发布
辛集发布带你看世界
辞职上岗
辞职不能免责
辟谣
辟谣了
辟谣了 不是峨眉山的
辟谣了假的[捂脸]
辟谣了我家住江边都没看到
辟谣了贵州的哦
辟谣信息
辟谣性质
辟谣辟谣
辨别口罩真假
辱骂事件
辱骂情形
辱骂执法人员
边充电边玩手机
边境地区的和平稳定
边境墙
边境墙坚不可摧
边境墙非常坚固可有效阻挡非法移民
边境局势复杂化
边境山头
边境管控与追踪密切接触者
边境难民人数激增
边缘分布颜色较深、棱角分明的石块
边跑边打能力
辽G4292牌照大货车
辽G|4292
辽G·14292
辽宁
辽宁一对新人
辽宁丹东人
辽宁公安
辽宁大连
辽宁大连游乐设备骤停
辽宁广播电视台官方账号
辽宁广播电视台经济广播（FM88.8）
辽宁扶贫干部
辽宁扶贫干部怒怼懒惰父子
辽宁扶贫干部怒怼懒惰父子相关文本
辽宁抚顺
辽宁抚顺, 地理位置不同
辽宁抚顺市新宾县永陵镇
辽宁抚顺新宾县发现东北虎
辽宁抚顺新宾县发现东北虎事件
辽宁抚顺新宾县永陵镇
辽宁抚顺新宾县永陵镇疑似发现东北虎事件
辽宁抚顺疑似发现老虎出没事件
辽宁日报官方账号
辽宁男子结婚买房买车彩礼18万婚礼将近女方却要临时加要10万彩礼
辽宁省
辽宁省抚顺市新宾县永陵镇
辽宁省抚顺市新宾满族自治县永陵镇
辽宁省抚顺市新宾满族自治县永陵镇政府
辽宁省抚顺市新宾满族自治县永陵镇羊祭台村四道沟组
辽宁绥中
辽宁葫芦岛
辽宁葫芦岛绥中县
辽宁葫芦岛绥中县六股河边
辽宁警方
辽宁阜新
达则兼济天下穷则独善其身不惑之年目标仅仅是财务自由
达利园
达川融媒体中心
达州门诊楼
达瓦次仁
达闲梧州关键词
迁徙
迅速恢复
迅速抱头并快速逃离
迅速查明原因
迅速行动
迅速赶到现场
迅速逃离
过万港人挤爆深圳湾口岸
过于夸张
过亿
过境免签政策
过失致人死亡罪
过山车故障
过山车脱轨
过年、返乡等话题
过年了当心点
过度劳累而牺牲
过度发展人工智能
过度发展人工智能可能导致人类灭亡
过度恐慌
过度消毒害人害己
过度溺爱导致心理扭曲
过度繁殖
过往车辆
过往鸭兵治蝗传闻
过户
过敏
过敏性休克
过来吧钱少点人安全
过激网友评论内容
过火面积约1000公顷
过硬
过程中被砍伤
过背摔
过路司机
过路男子
过路车辆绕行提示
过轻
过量润滑剂
过量食用河鲜
迈入通航倒计时
迎接新生活
迎面而来的货车
运动
运动员
运动器材
运动鞋、帆布鞋等库存鞋类商品
运城政法
运抵中国
运营
运营与管理能力
运营商免费通话
运营岗位
运营管理
运营类岗位
运蒜车
运蒜车侧翻时间
运行18天
运走
运输周期过长
运输周期问题
运输工具
运输新冠死者遗体
运输时间
运输蒜瓣的货车
运输车
运输遗体
运输问题
运送新冠病人尸体
运驾校
近160亿元
近200公里/小时
近200公里/小时车速
近20万元
近20万元花费
近20名群众
近20名路人
近20针缝合
近2700万人陷入极端贫困
近27年
近300片维生素B2
近30米长塔吊构件
近400台
近400台车
近400台车辆
近400台车辆受损
近400辆车受损
近400辆车被泡
近500位轻症患者
近5小时
近60年来最强风雨
近一小时
近三小时
近二十针缝合手术
近千年无人得癌症
近年
近年来
近年来在环境保护大力工作下濒危野生动物频频出现
近日
近日凌晨
近日北京四岁白血病女孩给妈妈擦眼泪
近日各地纷纷实行错峰开学
近日网曝一正规肉联厂洗白病死猪数千斤病死猪肉流入市场
近日蝗灾威胁巴基斯坦中国蝗灾防治工作组抵巴随后10万鸭子军队也将出征
近日被大火烧成灰烬
近日陕西西安一小区居民自发在阳台挂出国旗
近期
近期持续强降雨
近期有人盗用其作品、照片、头像用于抖音、微信及视频软件进行诈骗
近期某小区
近期灾害证据
近期连续降雨引发
近观吉林 远明世界
近观吉林远跳世界
近邻
近防炮拦截过程
返乡杀妻烧车男子落网事件
返回家中
返回岗位继续工作
返回教学楼检查空教室
返回检查的老师
返回继续施暴
返程途中失踪
返航
返赃仪式
返还诉讼
还不快捡你傻吗？
还不能松懈
还不能松懈评论
还可处理11分违法
还回来吗？直接卖给他们了吧
还好人没事
还好在地面上没在空中飞着
还好我不会开车
还好没有人员伤亡
还建方舱医院？是感染病毒的人太多了吗？希望早日结束
还招人不
还是中国好
还是中国好言论
还是中国🇨🇳比较安全
还是俺山东大菏泽
还是好人多
还是祖国母亲伟大
还是自己看好孩子吧
还有什么颜色更好
还有更厉害的没展示
还有没我现在去还来得及嘛
还有评论呼吁
还有谁要卖 NEOLALRES
还有这种说法
还没来得及一睹
还真是像
还能有老婆有孩子
还要学高数
还要彩礼吗？还要吗？
还要彩礼吗？还要吗？评论
这62年他到底经历了什么
这tm是分神
这一刻你在飞机上你会想些什么
这一套都是在骗人
这一次真的天上有掉馅饼的好事
这一结合现在好啦弄出个德尔塔安逸了吧
这一跪温暖了一座城
这下坐得更舒服了
这下好了全没收了
这下得跪榴莲了
这下得跪榴莲了调侃
这下要感谢老祖宗评论
这下通了
这不是城轨明珠站吗
这不是我们楼吗
这不是狂犬病是精神病
这不是电影这不是特效
这不是真的
这不是美的老总的家吗
这不是自信这是傻
这不是遛狗吗？
这不是马拉多纳
这不错
这两个位置都是我们的
这两个船打起来了
这两台车等了车主六年了……原来车主在马航失联的客机上……
这个2017年发生在贵州的一段视频
这个世界没有对比就没有伤害
这个人很懒什么都没有留下😱
这个人很懒留下的都是人生
这个古镇很不错
这个可以
这个国家举行史上最大规模阅兵现场战机坠落飞行员遇难
这个在哪里
这个塔造娇九亿
这个塔造娇九亿评论
这个女人半夜抖音刷到的立马发来给我看
这个女人半夜抖音刷到的立马发来给我看我相信我们不是塑料姐妹花😄很有幸认识我所有的亲爱闺蜜感恩有缘
这个好看[赞][赞][赞]
这个宝宝后来安全出院了
这个家伙很懒 什么都没有留下～
这个家伙是睡觉吗
这个尺寸把握得也刚刚好
这个山竹有点大注意安全
这个巫师功力深厚啊把病毒都抓到自己身上去了
这个平台真棒我在这三天的业余时间赚了1000多
这个故事告诉我们以后发生什么事啥都别看直接跑
这个方法不错
这个是俄罗斯的演习视频[呆住][哦]
这个是俄罗斯的演习视频[呆住][哦]评论
这个是我们柘皋么
这个是故意的
这个有点意思😂😂
这个标题……肇事司机下落不明……可能都气化了还下落不明
这个民族太团结了
这个民族太团结了发展太可怕了
这个狠
这个用的脸上有用吗这东西贵不贵多少钱一瓶？怎么买
这个真响
这个真狠
这个视频希望对有些人带来帮助最美白衣天使🙏🙏🙏
这个视频是美的君兰前几天的
这个该不是河南的吧
这个该不是河南的吧评论
这个责任谁来扛？
这个跳楼机 谁敢坐😂@抖音小助手 韩国
这个轮贩子胆儿肥了
这个里面全是药
这么多呀
这么多污水
这么多猴子
这么多钱
这么大一箱八宝粥里面装的全是泡沫打开就几瓶黑心的商家
这么大啊好吓人哦
这么大洪水啊
这么大的老爷们就在屋里吃屋里尿呗
这么大的雨你还去哪里哦小心被台风刮跑了
这么年轻心疼啊英雄走好
这么恶劣天气为何不放假
这么懂事的孩子一定要好起来
这么爱国的华人赞起来呀
这么重要的人不好好珍惜
这也太搞笑了吧
这也忒明显了
这事故怪谁应该严查
这事故连发的也太快了吧
这些东西在风里晃就像我说的都是些什么鬼
这些水从那来的啊
这些烟火不能存放到2021年
这些羊肉不知道进哪些人的口
这位富豪真的很低调也很有格局美的创始人何享健遭挟持
这位校长要赞香港理工大学校长拒与戴口罩毕业生握手
这几位才是真男人
这几部干的厉害着呢
这到底是不是真的为什么四川观察里说是假的
这刺进去的角度有点……
这刺进去的角度有点……评论
这办法好评论
这医生我向你致敬
这反应可以了还是挺佩服
这可真是个非常敬业的演员了
这司机若是还活着肯定是外星超人
这哥们挺执着啊
这回想起来求生啊
这回羊肉该便宜了
这回老板要回到解放前了
这地快黄了去了一次再也不想去了无聊到疯
这地方又没监控
这场疫情也许是地球在净化环境
这天上下钱我也没法捡啊
这太危险了
这好像过年一家人出去看放礼花的感觉呢
这威力太猛烈了
这孩子被卖到了广东
这完全是PS上去的
这家人无语了
这家伙够聪明够幽默
这就对了两个超高颜值早就该……
这就是个游戏
这就是中国世界唯一宇宙唯一值得你去爱
这就是中国力量
这就是中国子弟兵
这就是中国的正能量
这就是中国速度
这就是体育馆
这就是你用生命去爱的祖国
这就是国外的民主民危所做的国难所为世界上一个像中国90岁、100岁都在救
这就是成都体育馆挖出来的蜀王陵？
这就是我一直不敢去游乐园玩的原因
这就是拒绝made in China的美国质量
这就是现实珍爱生命
这就是祥云 万事如意 全家健康
这就是责任这就是担当
这属于抢
这属于抢言论
这师傅是在冒着生命危险压桥啊
这应该是个娱乐节目
这应该是广告吧
这张图全国各地方都说在自己那
这很值得研究
这很美国
这得配合得天衣无缝
这才是值得我们点赞的英雄
这才是实力抄底
这才是患难见真情
这才是真正的亲人
这才是真正的人民警察
这才是真正的明星
这才是真正的明星评论
这才是真正的网红
这才是真正的越野
这才是真爱评论
这技术已经远超国家运动员鸵鸟世界
这招我经常用
这新闻不是辟谣了么？
这方唱罢我登场
这方式可能也最有效[赞]
这方法值得测试一下
这明明就是江中集团的总部
这明明就是爆炸哪是疑似
这是2019年的视频
这是ps
这是一个宝藏账号关注我超值权威资讯、民生热点、暖心故事、百姓心声……这里都有
这是一位感染冠状病毒的小朋友孩子加油你会好起来的🙏🙏🙏武汉加油
这是一场全国性的灾难
这是一所大学该干的事？济南大学 @济南大学 @DOU+小助手
这是上海哪里呀有这么夸张么
这是不想走啊
这是不是为最近霸座划上了一个句号不要多管闲事一切有警察
这是个女的警察
这是个钓鱼的人
这是人干的事吗
这是什么世纪大新闻
这是什么神仙运气男孩飞机上突发过敏竟遇到钟南山院士亲自问诊
这是什么鸟524坐等更新 @抖音小助手 @天猫
这是你们那里？
这是俄罗斯的北风之神
这是假新闻
这是假新闻哦真的是假新闻
这是假的
这是假的消息
这是去年的视频麻烦严谨点
这是司乘人员休息的位置
这是哪儿涨这么大的水？好可怕哟
这是哪啊
这是哪里呀
这是哪里姐
这是哪里的事
这是哪里？怎么会这样？
这是哪？
这是在哪里我过来学点技术学会了出来单干有一起去学的么
这是在坐车还是坐船
这是在拍戏吗
这是在撸铁
这是在酒泉卫星发射中心违章的吧
这是外地的公园今天已被盗用了很多地方了
这是多么伟大的一群人
这是多大仇多大怨啊
这是天堂
这是娜塔莉亚？
这是广告
这是德国汉莎航空和波音747原涂装
这是怎么回事？这个女的有病
这是成都市体育馆下面是蜀王陵曾经有多少人在上面蹦过迪
这是成都市体育馆下面是蜀王陵曾经有多少人在上面蹦过迪哭过尖叫过
这是我们应该做的
这是我姐
这是我家的飞船那天喝多了醉驾
这是我见过最恐怖最刺激的跳楼机（没有之一）
这是战争的炮火 而他们好像在看烟花
这是把电视剧剧照p上了 是我的作品
这是报复中国人
这是拍戏还是真实事件
这是摄像头的问题还是人工的问题呢
这是摔角剧情
这是故意杀人
这是救命的钱啊
这是新型骗局
这是新型骗局有的人说是联想的有人说是华为的还有人说北斗芯片
这是来自大自然的愤怒
这是死亡飞车
这是游戏模拟
这是游戏画面啦
这是游戏画面啦质疑内容
这是溺爱的苦果
这是演习
这是电娃儿？
这是电影不惧风暴
这是电影也是特效
这是电影吧
这是电影片段评论
这是直播？还有两个在拿着相机再拍评论
这是真实的但是有好几年啦
这是真正的豆腐渣
这是真的了？
这是真的了？评论
这是真的吗
这是真的吗？
这是真的吗？评论
这是真的大家可以试试……
这是祖国要成为世界第一之强国的标志
这是祝融号在火星上的自拍
这是私房钱啊兄弟你太不小心了
这是积德行善的回报
这是童话故事成真了吗？这要是真水晶的话岂不是发了😱有没有懂行的小伙伴来解释下？神奇 童话
这是罐车刮坏的卡在那里出不来了
这是要让三网破产吗
这是谋杀吧
这是谣言
这是赶着来的大半年了
这是跟美国货杠上了
这是造谣他是打架造成的
这是那里？
这是面筋说明面很劲道
这是面筋说明面很劲道评论
这是风的压力所致
这是黑色星期五超市抢购
这条新闻配这个音乐不合适
这条街最靓的仔
这栋楼又废了
这样不怕被打到吗？
这样做得好应教育不顾大局的人
这样做法没病也会吓出病来
这样判别是不科学的
这样支着我能洗碗吗
这样的家长要狠罚
这样的就该不让回来
这样的总统应该是这个宇宙的一个误会
这样的机器人女友你还会要渣女吗
这样的男人太恐怖
这样的老师
这样的钱给我来一打
这样禽兽不如的人配当一名父亲么？
这楼是纸糊的吗
这次疫情是地球妈妈的警告
这次疫情给了地球一个喘息的机会
这次美国的民众真慌了蜂拥而上地抢口罩女士们大打出手场面壮观火爆真有一种美国大片的感觉
这次美国的民众真慌了蜂涌而上地抢口罩女士们大打出手场面壮观火爆真有一种美国大片的感觉
这水晶值钱么？
这水晶值钱么？评论
这滤镜开的评论
这版图绝了
这玩意儿野外就200多条碰到几率比熊猫还小
这生态环境不错已经适合野生动物生存了
这真是高手
这真的假的啊
这真的假的啊评论
这码只是阻新来外地的
这社会压力不单是人顶不住老鼠也顶不住
这种东西都是这样的
这种人哪来的就让他回哪去
这种人应该抓起来
这种人真的没有烦恼心胸开阔
这种人要严惩
这种做法合适吗？
这种庙不用去拜
这种悲哀啊？太伤害啊？
这种木耳你敢吃吗？
这种爸妈不要也罢
这种狂犬病还能治疗吗？
这种现象很奇怪一笑就倾心
这种综合效应可能给国家带来巨大灾难
这种营销号不会还有人信吧
这种说法不成立评论
这种路不应大卡车上压就不会塌陷了
这种道歉不接受必须起诉他让他得到应有的惩罚
这给执法人员吓的
这群人才是真正的英雄
这胆儿真大 还敢下去走
这要不是特效我把喜马拉雅的雪水喝完
这要是电车就完蛋了
这责谁来担
这趟飞机座位上全是华人募捐的物资感动
这运气也是没谁了……一女子睡梦中被房顶脱落的腻子砸中也许这是天意@抖音小助手
这还是南京上次吧
这还赔钱了？要助长这种风气？
这都是高手啊趣图 看一遍笑一遍
这都行？
这配音绝了
这里好漂亮
这里就是鞍山
这里是中国新闻周刊我是有料、有聊、有趣的周刊君
这里是有料、有趣、有爱的视频集合地关注我和我一起传播正能量
这里有临沂新鲜事儿全球新闻不必切换尽知天下事欢迎投稿
这里有古今中外让人眼界大开的奇趣见闻
这里有好看、新奇、有态度的热点内容
这里有好看、新奇、有态度的热点内容 关注我带你看天下 投稿邮箱：vistatougao@163.com
这里有好看、新奇、有态度的热点内容关注我带你看天下
这里有最全的教育快讯最有趣的亲子体验敬请关注
这音乐怪吓人的
这鸟绝对是迷路了毕竟江津是个鸟不拉屎的地方
进一步中
进一步依法办理
进一步侦办
进一步侦办中
进一步侦查
进一步办理中
进一步处理
进一步审理
进一步救援与协调工作
进一步核实中
进一步治疗
进一步诊断治疗
进一步调查
进一步调查中
进一步调查事故原因
进一步调查处理
进一步调查处理中
进一步调查阶段
进一步阶段
进京赶烤
进入
进入女厕偷拍
进入小区
进入监狱服刑
进发动机损失就大了
进口丝绸
进口俄罗斯材
进口货
进展状态
进店打人就是不对喽评论
进德
进快手粉丝群
进来的点个关注👆👆👆 立足广东传播世界权威发布直击现场每晚广东广播电视台公共频道7点直播
进来的点个关注👆👆👆 立足广东传播世界权威发布直击现场每晚广东广播电视台公共频道7点直播 投稿邮箱：dvxcxmt@163.com
进来记得给个爱心哦
进水事件
进监狱冷静一下
进监狱冷静一下的想法
进群交流
进群观看更多内容
进行360°环拍
进行分析
进行处置
进行威胁
进行营销推广
进行讽刺
远亲不如近邻
远光灯
远光灯使用
远光灯害人
远光灯滥用
远光灯滥用问题
远在美国
远处
远处可见火星地平线
远字标注
远离冒险娱乐活动
远离大货车保命
远离病毒传递正能量
远程战略打击属性
远程指导
远程指导即可
远观珠穆朗玛峰
远距离拍摄清晰图像
违停一次却收两张罚单？交警解释着实没毛病
违停一次收到两张罚单
违停处罚
违停处罚以24小时为一个计罚周期
违反中国法律的外国人
违反居家令 玩滑板？恐怕您只能滑沙
违反禁止标线指示
违建项目
违法
违法主体、时间、地点及具体违法行为
违法但予以警告处罚
违法停车行为
违法地点
违法处理页面
违法生产烟花爆竹
违法类型
违法行为
违法记分处罚
违法违规建设、改建和加固施工导致
违法驾驶炫耀倾向
违章建筑导致
违章操作
违规使用禁用农药
违规停车
违规停车在书院路
违规变道
违规垂钓行为
违规抗议者
违规操作
违规行为
连云港
连云港一化工厂爆炸
连云港一家四口同日死亡
连云港一家四口同日死亡事件
连云港人
连云港宏兴研磨材料有限公司
连云港市东海县四营村一化工厂发生大爆炸
连云港市赣榆区
连云港市赣榆区城头镇一家化工厂
连云港市赣榆区墩尚镇
连云港广播电视台FM90.2新媒体中心
连云港手机合
连云港楼市领域的内容创作者
连云港消防支队
连云港消防支队处理
连云港观察
连云港赣榆化工厂爆炸
连云港赣榆区
连云港赣榆区一化工厂
连云港赣榆区一化工厂发生疑似爆炸事故伤亡不明
连云港赣榆区一化工厂爆炸事件
连云港赣榆区一化工厂爆炸事故
连云港赣榆爆炸现场
连云误写
连人带车被河水冲走
连体拉爆
连压箱底的猪都吃了
连夜抢建的方舱医院
连夜抢建的方舱医院能够缓解武汉一床难求吗？疫情全知道
连平县
连平县村民
连日强降雨
连沙特都租不到
连环大撞车
连环大撞车事故
连环撞车事故
连环碰撞
连环车祸
连珠炮式齐射
连续5天
连续5天未获游客投食
连续9天降雨
连续三次巨响
连续两天针对同一家珠宝店
连续强降雨
连续强降雨及上游泄洪
连续强降雨引发
连续搜捕行动
连续施用有机肥
连续阴雨
连续降雨
连续驾驶
迟来婚姻氛围
迫降后
迭部县农业农村局
迭部县农业农村局、市场监管局开展拉网式排查
迭部县农业农村局与市场监管局
迭部县农业农村局与市场监管局执行
迷之自信
迷信化言论
迷信行为与科学防控之间的冲突
迷信观念尚未根除
迷信说法
迷彩色会不会也行
迷惑行为
迷惑行为大赏
迷惑行为大赏 日常vlog
迷惑行为大赏？马来西亚王牌Bomoh巫师施法抓新冠病毒表演后被感染目前已被隔离
迷惑行为评论
迷路且精神状态不佳
迷路事件
迷路老人
迷迭香提取物
追位年青人
追光者
追击任务
追击过程
追回效率
追回的电动车等财物
追回的财物
追尾了
追尾碰撞
追打杨某
追查到底
追梦=相信-敢闯-坚持-成功 集约客人 人人持股共同致富
追求完美是为了自己将来的幸福
追求最出色的新闻塑造最具公信力媒体
追求流量
追求真善美
追求精致生活
追求自由导致疫情后果严重
追砍过程中
追究刑事责任
追究故意伤害责任
追究相关责任
追究责任
追缴赃物返还仪式
追责
追责事故责任人
追赶违法车辆
追赶违法车辆引发
追踪导弹都没有他准
追踪导弹都没有他准评论
追踪时政热点
追问事故原因声音
退一步海阔天空
退婚风波
退烧后再次发热
退烧后复热
退程财控
退货
送医
送医前已无生命体征
送医后抢救无效死亡6人
送医救治
送医检查精神状况
送医检查醉酒乘客
送外卖
送朋友回家任务
送羊代表着最美好的祝愿
送餐下班回家被保安拦下外卖小哥坐地大哭：我是这里的业主
送餐任务未完成
送餐回家被保安拦下
送餐纠纷
适合我
逃生
逃票行为存在经济动因
逃离
逃离现场
逃跑
逃跑场面
逃过一劫因嫌机场核酸检测贵一家八口躲过印尼空难
逃过空难
逃避执法
逃避执法检查
逃避环保督察
逆向行驶
逆境忍耐顺境收敛得意看淡失意随缘…
逆天啊
逆着光驱散黑暗
逆行
逆行出征
逆行出征欧洲
逆行救援的消防勇士
逆行的英雄
逆行者
逆行者平安回家
逆行英雄
选房签约阶段
选手突然变线
选择性救治新冠患者
选择的格斗场地很讲究
选音
透气孔
逐间检查教室
递还手机
途宁消防
途经电动车
途经车辆注意安全
途虎养车失火
途虎养车失火不是酒店
途虎养车门店所在地
逗你笑的人可能会突然走了
通乳功效
通体纹身
通俄门争议
通关及入住流程耗时15至16小时
通关开始
通关期间
通关耗时16小时
通化市东昌区人民法院
通化市东昌区人民法院采用的审理方式
通往九寨沟景区的环线交通
通往九寨沟景区的环线道路
通往九寨沟景区的环线道路受阻
通往景区的环线道路受阻
通往景区的道路受阻
通报
通报最新进展
通报来了：打捡废品大爷的人拘留10天
通报灾情
通河
通灵节目能不能救助一下
通知
通知内容
通知收费站封锁
通知缺乏时效性与明确信息
通航前的关键阶段
通航时间
通行安全性由设备保障
通行空间变小主因
通行车辆
通讯员
通话界面示例中
通辽市扶贫开发办公室
通过光和热治疗新冠肺炎
通过喷漆颜色躲避卫星监测
通过家庭团聚叙事
通过将厂房彩钢瓦喷漆成绿色等方式应对无人机或卫星地图监管考核
通过抖音私信爆料投稿
通过抖音类平台
通过指纹鉴定追查刀具上的痕迹
通过改变喷漆颜色
通过放大画面
通过燃烧测试判断口罩真假
通过直播带货挽回损失
通过绑架获取快钱
通过群体行为保护弱小
通过荒诞设定吸引流量
通过视频方式交流
通过解析猪肉内激素及各种添加剂都被解析出来了
通过车窗逃生机会
通过这次疫情咱们国人凝聚力更强了
通过远程连线向国际社会分享防疫经验
通道提示
逝者出殡队伍
逝者安息
逝者安息伤者平安祈福留言
逝者安息愿伤者早日康复
逝者棺材
速度与激情兰博基尼超跑高速应急道飙车交警追80多里拦下
速度过快
速看
速看外交部发布重要公告暂停持有效中国签证的外国人入境
速豹映像
造化弄人
造成人员伤亡
造成四名工人受轻微伤
造成大量伤亡
造成头部受伤
造纸术、印刷术、火药等技术
造谣
造谣传谣者将被刑拘
造谣生事
造谣者应该被举报封号
造谣要判刑
造谣质疑
逮住了
逮着剁碎
逻辑不清
逻辑混乱
逻辑混乱、信息失真
逻辑混乱表述
逻辑混乱问题
逻辑漏洞
逻辑矛盾
逼停
逼停货车
逼真
逼真细腻
逼迫前男友现身
逾期未缴纳罚款
遂宁
遂宁人民广播电台
遂宁人民广播电台发布者信息
遂宁人民广播电台频率
遂宁市消防救援支队蓬宝路消防救援站
遂宁消防
遂宁消防接报事件
遂宁网
遂平县2019年度产油大县花生项目
遂平县嵖岈山乡大里王村1000多亩地
遂平县花生项目
遂驾车撞向人群
遇事不要慌先发个朋友圈
遇到 鳄鱼 大家都淡定
遇到什么困难都不要怕
遇到鳄鱼大家都淡定
遇明火
遇火灾跳窗逃生众人用被子接
遇行人过人行横道未停车让行
遇见的都是天意
遇险时应立即逃跑不回头
遇难
遇难人数
遇难者
遇难者基本确认为中国公民
遇难者身份
遇难者遗体
遇难题问律师vx：广州司法问律师24小时在线法律咨询
遍地
遏制医疗暴力事件频发
遏制投机炒房
道德争议
道教才是中国本土宗教
道歉
道谢
道路
道路上空
道路严重拥堵
道路严重积水
道路中间
道路交通中断
道路交通事故
道路交通事故处理程序规定第五十六条
道路交通事故认定书
道路交通安全法实施条例第五十二条
道路交通安全法第五十三条
道路内侧绿化带
道路冲突事件
道路划线作业
道路千万条安全第一条
道路受阻
道路堵塞
道路堵塞、交通抢修等情况
道路塞车
道路安全
道路安全事故
道路安全状况
道路安全隐患
道路拥堵
道路无法通行
道路积水
道路被淹
道路设施损坏
道路设计缺陷
道路遍布漂浮物
道闸设施
遗书
遗书内容
遗体
遗体处理方式
遗体处理系统承压
遗体处理能力不足
遗体处理过程
遗体处理问题
遗体处理需求
遗体排起长队等待焚烧
遗体转运行动
遗体运输
遗弃
遗弃事件
遗弃决策
遗弃动机
遗弃婴儿
遗弃新生儿
遗弃罪
遗弃罪调查中
遗弃者
遗弃至围墙外
遗弃行为
遗憾
遗迹出土
遣送回去
遥控装置
遭后方货车鸣笛提醒
遭遇建筑坍塌
遭遇恶劣天气
遭遇扣分罚款
遭遇暗河
遭遇触电事故
遮挡号牌
遵守交规、安全出行
遵守交通规则 安全驾驶 平安出行 不嫌弃农村人扣个爱心 上热门🔥🔥
遵守法律法规
避免与妻子交流
避免与熟人打招呼
避免前往人多场所
避免前往低洼地区
避免喉干
避免在不可信设备上录入指纹
避免在室外晾晒食品衣物
避免悲剧重演
避免报警
避免民众聚集
避免爆炸风险
避免网络暴力误伤无辜
避免聚集
避免进一步复杂化边界问题
避免食用该时段生产的油泡产品
避免鸟击风险
避开居民区
避开空难
避暑
避疫
避让动作
避让救援通道
避让特种车辆
避险
避险全过程
避险并撤离
避难指示
避鸟珠
還有第4段飞机卷起的
還有第4段飞机卷起的評論
邓先生
邓朝霞
邓朝霞（实习）
邓某
邓某彪
邓某生
邢台
邢台发生严重交通事故数十辆车连环撞
邢台市南和县漂河新桥
邢台辰光大酒店玉石礼品部
那个男的好淡定
那个硕士调查都是随便填的
那个那个油啊直流啊
那么久自己要出自己的生活费
那么安静没人评论
那么问题就来了这鸟就一直站着这里给你们来了62天
那乘客呢
那些外国人还能来吗？
那些背叛祖国的明星禁止使用中国护照
那些警察家里就没有老人了吗
那天我亲眼见人被罚款
那完了 至少影响三代
那就取两个亿
那放哪里最好？
那是俄罗斯北风之神
那是俄罗斯北风之神评论
那是我老家叫柘皋
那是来自他和我的其他朋友的礼物
那曲和丁青县交界处
那曲和丁青县交界处因虫草纠纷导致5人死亡10人受伤
那曲和丁青县交界处因虫草纠纷导致5人死亡、10人受伤
那曲和丁青县交界处虫草纠纷致5死10伤
那曲和丁青县的交界处
那曲和丁青县的交界处因虫草纠纷导致5人死亡10人受伤
那桥吃得住房这么大的水吗
那白娘子快要出来了
那移动能同意吗？
那辆白色小轿车直接被压了
那里猴子出事只有峨眉山的猴子顶包
邦长就职仪式
邮箱
邮箱3367564530@qq.com
邮箱xxcbdy@qq.com
邮箱及求助指引
邮箱电话
邮箱联系方式
邮箱：2602803394@qq.com
邮箱：scgcnews@163.com
邮级宜点技工学校
邮级重点技工学校 广船
邯临路县城段
邯报小记者
邯郸
邯郸事 天下事 事事关心
邯郸交巡警支队
邯郸交巡警支队丛台一大队
邯郸交巡警支队丛台一大队事故中队
邯郸交巡警支队永年大队
邯郸交巡警支队永年大队因追赶违法车辆发生事故
邯郸交警违法被质问事件报道
邯郸人邯郸事
邯郸公共频道民生大视野栏目
邯郸唯一一档权威性电视法治节目账号
邯郸地区
邯郸市
邯郸市主城区公租房分配2297套
邯郸市主城区公租房分配事件
邯郸市交巡警支队
邯郸市交巡警支队复兴一大队
邯郸市交巡警支队开展122全国交通安全日主题宣传活动
邯郸市交巡警支队永年大队
邯郸市内五区
邯郸广播电视台直播邯郸栏目
邯郸永年区107国道
邯郸永年区107国道发生一起交通事故请注意行车安全
邱县
邱县一中及涉事班主任
邱县人民法院
邱县人民法院提起诉讼
邱县开展飞机施药防治美国白蛾保障林木资源和生态安全
邱县新闻官方抖音号
邱县新闻官方抖音号发布的内容
邱城林场
邱某志
邵东公安快速破获一起故意杀人案
邵东县黄比桥镇卫生院
邵东县黄比桥镇卫生院发生爆炸火灾
邵东县黄比桥镇卫生院酒精消毒引发爆炸火灾
邵东双凤乡人
邵东妇联主任带人殴打快递点工作人员
邵东警方
邵东警方通报
邵东黄桥乡人
邵东：男子持刀伤人后跳楼身亡
邵县温泉镇西连湾村
邵小芸
邵市
邵阳
邵阳一名老人
邵阳一名老人在推孙子去菜场买菜时孩子被不法分子抱走
邵阳一老人买菜时孙子被偷
邵阳一老人买菜时宝宝被偷
邹姓导游
邹家渡大钓线石年村
邻厂员工
邻居
邻居们
邻居们的行动
邻居们的鼓励话语
邻居及时赶到施救
邻居大妈
邻居恶狗袭击
邻居撑起毯子气垫
邻居鼓励话语
邻水县公安局
邻里互助温暖场景
邻里互助温暖行为
邻里互助的正能量行为
邻里互助精神
邻里团结互助的赞扬
邻里暖心互助场景
邻里纠纷引发的暴力事件
邻里间危急时刻的温情与团结
郑义溶
郑义溶举行会谈
郑冰颢
郑城县
郑州
郑州5 核载人数49 执 武汉
郑州东大街
郑州东大街发现大型墓葬群
郑州东大街闹市考古
郑州农商银行建设路分社
郑州农商银行建设路分社尝试取款
郑州华强重工科技有限公司
郑州发布
郑州城区
郑州城区建设过程
郑州市中心
郑州市中心出现古墓群
郑州市区二七广场附近
郑州播报
郑州晚报
郑州民生
郑州瓦利照明科技有限公司
郑州电全媒
郑州紫荆山路附近发现大型墓群
郑州闹市区
郑州闹市区现大型墓群
郑州闹市区现大型墓葬群
郑州闹市区现大型墓葬群的辟谣说法
郑州闹市惊现大型墓群
郑州闹市惊现大型墓群新闻
郑州闹市惊现大型墓群的评论
郑颖
郑颖 报道
郧县17岁男孩在二桥游泳淹死事件
部分UFO/USO影像
部分专家的探索性课题
部分中国网友
部分中国网友评论
部分中国领土
部分中老年人
部分临街门面
部分临街门面及武夷滨江小区售楼大厅进水
部分乘客
部分乘客欲逃离现场
部分乘客欲逃离被警察开枪射击
部分事件
部分人
部分人员分流至东莞
部分人认为新疆变沙漠
部分人转向使用电动车
部分传播内容
部分低洼居民房屋
部分信息传播中
部分党员干部和公职人员
部分公众
部分公众评论
部分内容
部分冲击波
部分区域
部分区域积水深度
部分医疗费用
部分医院
部分单位
部分受访者
部分商家
部分四川地区
部分回应
部分围观群众
部分土壤留作纪念
部分地区
部分声音
部分失实传播
部分失实信息
部分婴儿用品
部分媒体报道
部分学生
部分寺庙世俗化倾向
部分寺庙商业化乱象不满
部分居民
部分居民区
部分山林
部分已处理违章
部分市民反映
部分房屋地基
部分描述
部分撤离市民
部分教师
部分更改国籍者
部分村庄
部分校舍受损
部分毕业生
部分毕业生仍进入电竞及相关行业就业
部分民众
部分消费者
部分游行队伍
部分猜测
部分现金和香烟
部分用户
部分用户反映
部分用户发表评论
部分用户留言
部分用户留言称旧新闻大家不要上当这个是2018年12月5日发生的
部分用户表达想前往游玩
部分用户观点
部分用户评论
部分电竞本科生
部分电竞毕业生
部分留言
部分登山者
部分目击者
部分示威者
部分突变
部分素材来源于网络
部分细节
部分网友
部分网友表示愿意提供住宿帮助
部分网友观点
部分网友解释
部分网友言论
部分网友评论
部分网民
部分网民评论
部分网络信息
部分群众
部分航班
部分表述
部分观众
部分观众认为
部分观点
部分观点倾向货车方
部分视频
部分视频素材
部分言论
部分评论
部分评论内容
部分评论建议
部分评论用户
部分评论者
部分评论认为
部分该专业毕业生
部分说法
部分财物被哄抢
部分赃物
部分超市
部分路段
部分路段严重积水
部分车厢
部分车厢掉入河中
部分边境墙结构损毁
部分遇难者遗体
部分道路
部分遗体
部分门窗被炸飞
部分首批电竞本科毕业生
部分骑手服务态度差
部分鸭子
部级领导带队的工作组
部队
郭某平
郭茂勇
郯城县
郴州
都不容易都是为了吃饭
都关了权限还是有推送
都市口直播
都市快报
都市快报官方账号
都市报道评论员
都市时报
都市时报 我在现场官方号
都市条形码
都市条形码新闻团队
都市热线
都市生活类报纸
都市青春
都市青春频道
都市青春频道作者简介信息
都市频道
都市频道主持人
都提前通知了的他们都不看通知还去钓鱼
都散了吧
都是中国的
都是为了生活 义乌狂风暴雨三挺路夜市好惨
都是为了省点钱
都是为了钱
都是人扮演的
都是军严了灾弹演习结果
都是孩子啊
都是家里的顶梁柱
都是广东和福建的
都是彩礼惹得祸
都是水了
都是美国公民了还差这点吗
都江堰
都点开主页了再点个关注呗 槌槌每天给你最好看的❤
都离我远一点
都要平安
都要平安回来
都说我是最惨官方那你还不快来点赞转发哼╯^╰
都辟谣了 视频还不打算删吗
都郭京都白风医院
都都广播电视台新闻综合频道
鄂尔多斯广播电视台主持人
鄱阳
鄱阳湖
鄱阳湖主动决堤事件
鄱阳湖水位
鄱阳湖水位破历史极值
鄱阳湖水位破历史极值并引发严重溃坝
鄱阳湖水位突破历史极值
鄱阳湖水位突破历史极值事件
鄱阳湖水位突破历史极值达22.52米
鄱阳湖水位达22.52米
鄱阳湖水位达22.52米事件
鄱阳湖水位达22.52米并多地破坝
酋长·汽车实验室
酋长先生
酋长玩转汽车实验 解答疑惑分享知识
配乐
配乐绝了
配偶、子女、父母
配合公安部门处理
配合应急工作
配合调查处置
配图
配图中的消防员背影
配图信息
配图及来源标注
配图标语
配备远程超声探头的救护车
配套建设
配套话题
配文
配文中国加油武汉加油
配文内容
配文动物们安好 沈阳 平安
配文浏阳烟花祈福中华驱灭病毒疫情止刹
配送骑手准入管理
配音
配音和评论引导
配音解说 播音教育
酒
酒仙附体
酒后发生口角九人饭店内围殴两人法院云庭审法官视频宣判
酒后口角引发冲突事件
酒后口角引发冲突事件无直接关联
酒后持木棍殴打亲生子女
酒后滋事？厮打辱骂民警？一招制敌
酒后驾驶
酒后驾驶现象反映
酒店
酒店全满
酒店和婚车
酒店在不到3秒内迅速坍塌
酒店坍塌
酒店起火
酒气
酒精
酒精使用安全风险
酒精在空气中
酒精消毒
酒精消毒引发火灾
酒精清洁空调
酒精爆燃
酒精肝和肝硬化
酒糟资源无害化处理工程
酒香
酒驾
酒驾与妨碍执法
酒驾可能性
酒驾所致
酒驾要不得
酚类物质氧化
酱油
酱油褪色实验
酱油褪色现象
酷似中国地图的云彩
酷爱房地产的老炮乡村振兴实践者
酸甜苦辣咸
酸甜苦辣咸传播法治正能量
酸甜苦辣里醒过也醉过我们都在用力的活着
醉了醉了马来西亚用巫师抓新冠病毒
醉倒在山上茶园中
醉美烟花 献礼绵阳
醉过多少回谁会关心笑脸背后藏着的狼狐有多少身不由己你撑的好瘦急
醉酒
醉酒乘客处置方式
醉酒乘客应有陪同人员
醉酒女子
醉酒女子在路中间拦车砸车
醉酒报警诬告陷害民警后果很严重结局很舒适
醉酒状态
醉酒男未戴口罩躺地拒下车地铁工作人员霸气抬人
醉酒驾驶
醉钓山水间
醉驾
醉驾所致
醉驾标准
醌类
醴陵哪里
采取措施避免类似悲剧再次发生
采取极端讨债
采取过激教训行为
采取防护措施
采取降温措施
采摘油菜
采样
采样姿势
采访冯某某堂妹
采访动机
采访山围杀妻案嫌疑人冯某某堂妹
采访部
释放分离相机拍摄
释放底部分离相机完成拍摄
释放涉事中国女生
里浦派出所一名辅警
里面太烤挺啦快成火烈鸟了
里面的乘客该买双倍票价
重伤
重伤失忆
重伤送医
重创
重判
重判以震慑黑恶势力
重判涉事女子
重判涉黑行为
重判言论
重判评论
重判起步无期
重型仓栅式货车
重型罐式货车
重型货车
重复处罚的合理性
重复字符
重复性网络跟风言论
重复标语
重复留言
重复表述
重复问题
重大交通事故
重大人员伤亡
重大伤亡
重大伤亡事件
重大伤亡误解
重大刑事案件
重大命案
重大地质找矿突破
重大宣传和突发事件报道职责
重大战略举措
重大损失
重大敏感案件快速反应机制
重大案件侦办机制
重大灾害影响
重大生产安全责任事故
重大科技传播意义
重大紧急事件
重大自然现象记录突破
重大警情应急处置预案
重大贡献
重大财产损失
重大车祸
重大险情
重奖
重庆
重庆22路公交坠江
重庆22路公交车
重庆22路公交车坠江事件
重庆22路公交车坠江事故
重庆dou知道
重庆一名男子
重庆一名男子被高空坠落的展开式折叠刀插入头部
重庆一名过路男子
重庆一名过路男子被高空坠落的折叠刀插入后脑勺
重庆一土豪患绝症后乘坐直升机在南纪门转盘上空撒钱3000万
重庆一城管与商贩发生激烈冲突追打商贩时被拿刀砍伤
重庆一女子疑因家庭纠纷持菜刀劫持出租车2人受伤
重庆一男子
重庆一男子被展开式折叠刀插入头部
重庆一老人被4条恶犬咬死
重庆一老人被4条恶犬咬死相关新闻
重庆一辆皮卡车意外坠河
重庆到利川
重庆到利川自驾游一家老小坠入河中不先选择自救盲目等待最后……
重庆到利川避暑的自驾车不幸坠河
重庆到利川避暑的自驾车不幸坠河车上傻子太多人固执导致错过救人关键时机车慢慢移向深水中
重庆到利川避暑的自驾车坠河
重庆到利川避暑的自驾车坠河事件
重庆到利川避暑的自驾车坠河事件细节
重庆到利川避暑的自驾车坠河车上人不愿逃生
重庆南岸区
重庆南岸区余山镇水果店主
重庆南岸区余山镇水果店主持刀砍伤城管事件
重庆南川
重庆南川一座桥梁
重庆南川桥梁
重庆南川桥梁垮塌
重庆南川桥梁垮塌事件
重庆南川桥梁塔两人瞬间跌落
重庆南川桥梁塔两人跌落
重庆南川桥梁突然垮塌两名村民跌落被埋
重庆南川熊昌友
重庆发大水
重庆发大水 洪水冲毁汽车 房屋
重庆发大水 洪水冲毁汽车房屋
重庆发大水、洪水冲毁汽车房屋
重庆发大水洪水冲毁汽车房屋
重庆合川
重庆同期
重庆因新一轮强降雨引发多地暴雨洪水
重庆土豪
重庆土豪乘直升机撒钱3000万
重庆土豪坐乘直升飞机撒钱
重庆城管与商贩冲突事件
重庆城管伤人事件
重庆城管追打女商贩被砍伤案
重庆女子因家庭纠纷持刀抢劫出租车并砍伤两人
重庆女摊主遭追打割伤城管被认定为正当防卫当事人：公平公正
重庆市
重庆市万州区
重庆市万州区22路公交车坠江事故
重庆市公安局南岸区分局
重庆市南岸区涂山镇
重庆市南岸区涂山镇东海长洲片区
重庆市南岸区涂山镇城管执法事件
重庆市南岸区涂山镇城管执法大队
重庆市沙坪坝区
重庆市渝北区某街道
重庆市渝北区融媒体中心出品报道
重庆市石柱县
重庆广电融媒体新闻中心
重庆抗洪
重庆有人撒钱是因为夫妻吵架
重庆某小区
重庆某小区附近
重庆沙坪坝
重庆沙坪坝区
重庆沙坪坝区天降百万现金事件
重庆沙坪坝因夫妻吵架撒百万现金事件
重庆沙坪坝女子撒百万现金事件
重庆沙坪坝女子撒钱事件
重庆涪陵
重庆涪陵一名男子
重庆涪陵一小车
重庆涪陵一小车坠江事件
重庆涪陵小车坠江事件
重庆涪陵男子被高空坠落折叠刀插入头部
重庆涪陵男子被高空坠落折叠刀插入头部事件
重庆渝北一老人被四条恶犬咬死事件
重庆渝北区一老人被4条恶犬咬死事件
重庆渝北区真实发生的狗咬人致死案件
重庆渝北区石船镇一超市附近
重庆渝北区老人被4条恶犬咬死
重庆渝北区老人被狗咬伤事件
重庆渝北老人被狗咬死事件
重庆父老乡亲平安
重庆电视台天天630栏目
重庆男子
重庆男子被高坠折叠刀直插后脑勺自己走进救护车接受救治
重庆男子被高空坠刀直插后脑
重庆男子被高空坠落的折叠刀直插后脑勺
重庆的一个土豪患了绝症坐直升飞机在天空撒了3000万
重庆的街道好干净啊连个带子的招牌都看不到
重庆石柱暴雨来袭汽车如纸片被冲走学校被淹一层楼
重庆石柱暴雨造成严重内涝、车辆被冲、学校被淹
重庆秀山十字街农商行对面
重庆綦江
重庆綦江洪水227.4米
重庆肖塘河
重庆自驾前往利川避暑的游客
重庆至利川
重庆至利川方向
重庆至利川路段
重庆至利川近日发生自驾车坠河事件
重庆至利川途中
重庆至利川避暑的一辆自驾车
重庆至利川避暑自驾车坠河事件
重庆街头
重庆街头冲突事件
重庆街头奔驰车主狂扇法拉利车主耳光
重庆西海岸新区
重庆西海岸新区人民医院
重庆通报城管追打女商贩被砍伤案
重庆通报城管追打女商贩被砍伤案：女商贩被认定为正当防卫城管被行拘
重庆长寿合兴
重庆长寿合兴讨论
重庆飞刀从天而降直插男子后脑勺自己走进救护车接受救治
重庆餐饮船
重庆餐饮船相关谣言
重庆高空坠落折叠刀直插男子后脑勺事件
重建
重心不稳
重心不稳险些跌倒
重新发现乡村理解行进中的中国
重新开始
重新鉴定
重油储罐
重油储罐起火
重点不清
重点地区
重点建设工程信息
重点违法行为
重点违法行为举报
重点防护
重男轻女背景
重症
重症区
重症监护室
重症监护室的男孩哭着问：医生我可不可以晚点死？我妈妈会哭的
重症隔离病房
重症隔离病房中的孩子与医生的对话
重症隔离病房中的小朋友
重磅暂停持有效中国签证、居留许可的外国人入境
重罚
重要
重要器官
重要贡献
重要通知飞机撒药涉及临沂这些地方……
重视孩子心理变化
重视安全责任
重视施工安全
重视高科技人才安全
重车压梁
重车压梁8100吨火车开上涪江大桥抗洪
重车压梁8100吨火车开上涪江大桥抗洪加油祝福一切平安
重车压梁事件
重车压梁保护涪江大桥事件
重车压梁抗洪方式
重车压梁护桥操作
重车压梁措施
重车压梁操作
重车压梁方式
重金寻子
野兔
野牛
野狼
野狼出没事件
野狼出没地点
野狼战队
野狼进村事件
野猪
野猴
野猴下山堵路
野猴下山堵路因无游客投食
野猴下山堵路索粮事件
野猴因5天无游客投食下山堵路索粮
野猴因无游客投食下山堵路
野猴堵路获政府发馒头
野猴有序领取馒头未哄抢
野猴活动区域
野猴行为
野猴领馒头秩序
野生东北虎
野生动物与人类活动区域重叠现象
野生动物保护法
野生动物保护法真正落实
野生动物出没
野生动物出没风险
野生动物出现在城市河道
野生动物占领城市
野生动物园
野生动物园禁止投喂
野生动物活动范围变化
野生动物迁徙
野生动物频繁下山现象
野生扬子鳄
野生扬子鳄上岸可能性增加
野生扬子鳄出现
野生生活观察家
野生的
野生美食博主
野生蜂蜜
量上海经圈
量刑是否合理
量刑过轻
金也淘
金也淘遇难
金价可能下跌担忧
金华市武警支队官兵
金号了
金城江火车站
金城江火车站附近发生砍人事件
金堂淮口
金字塔
金山公司高管
金山寺
金山寺僧人
金山总经理
金山铁路
金平公安
金店
金店抢劫事件
金店而非银行
金店被抢事件
金店金器
金式6方善丝301e工9
金某
金某家属
金某有期徒刑三年缓刑四年
金某涉嫌暴力威胁索财案
金桥路
金桥路出车祸了
金桥路车祸现场惨不仁睹
金沙镇政府
金沙镇派出所
金牛扬鞭辞旧岁虎跃龙腾报春来新年快乐[比心]
金矿发现
金羊网
金色乡村·助农驿站
金融等于卖股票
金针菇
金钱和尚
金钱戒呢？
金钱豹
金银有多少 你猜……
金银财宝
金领冠菁护
金额损失
金鹰955电台
金黄色瓦片
金黄色瓦片反光
鉴别口罩真伪
鑫/教援
鑫东傲金属制品有限公司
鑫州大玛疑似错别字
鑫州大药房附近的区人民医院
鑫然大药房
鑫牌大锅房品
鑫福环卫
鑫视视频
针口发炎
针头、输液袋、床单
针对60岁以上患者
针对不遵守法律法规行为
针对中国人的暴力风险
针对亚裔商户的暴力事件
针对儿童
针对发布内容
针对外国人的系统性不公平待遇
针对外籍人员的系统性不公平待遇
针对宜宾菜坝被洪水腌了
针对成人
针对某一地点的预警
针对汉巴南高铁今日正式通车视频
针对湖南山体滑坡救援事件
针对特定人群的差异性做法
针对疫情生态变化
针对皮卡车救下飞机
针对该事件
针对跳井女孩身份的猜测
针对防疫措施有效性
针对阿塞拜疆的米格-25与亚美尼亚地面防空系统的对决
针对非洲人歧视性做法问题
钉钉
钓鱼
钓鱼人是不是太安逸了
钓鱼场老板跑不掉关系高压区域开钓鱼场
钓鱼时触电
钓鱼爱好者
钓鱼者
钓鱼者行为
钓鱼被吓跑
钓鱼要紧
钓鱼途中遭遇险情
钞票为其丈夫藏匿的私房钱
钟南山
钟南山12日飞青岛
钟南山不必亲赴欧洲
钟南山亲赴欧洲分享防疫经验
钟南山再次逆行出征
钟南山出征欧洲
钟南山出征欧洲指导抗疫
钟南山出征欧洲的说法
钟南山向欧洲各国介绍
钟南山年事已高外出风险大
钟南山视频报告
钟南山赴欧洲作报告
钟南山身体健康至关重要
钟南山院士
钟南山院士即将出征欧洲
钟南山院士即将出征欧洲介绍中国抗击新冠肺炎经验
钟南山院士将出征欧洲向欧洲各国指导防疫经验
钟南山院士身体健康
钟某仕
钟某仕 和 周某文
钟某仕、周某文
钟某女儿
钟某家中老人
钟某父亲枕头下
钟楼
钟老辛苦了全国人民感谢你
钟考
钟考平安归来
钢构铁皮厂房
钢筋
钢筋贯穿
钢结构
钢钉
钢钉出售信息
钦州人民
钦州机场距离较远处境尴尬
钦州灵山人民发来贺电
钦州男子街头拖拽暴打女子
钱包能否找回
钱塘新区公安局
钱塘新区化工厂起火救援现场
钱塘新区应急管理局
钱塘新区消防大队
钱江晚报官方账号
钱江晚报记者团
钱江晚报记者团提供支持
钱江视频
钱皓频道
钱真有可能是大风刮来的
钱竟然从天而降？晒被子晒出三万私房钱
钱能否捡拾
钱财
钱都不重要可我的东西没送出去啊
钱飞了都不管去拉老公这才是真爱
钻出洞导致出血
钻制度空子行为
钻石公主号邮轮乘客
钻石吊坠2套
铁中蛀虫
铁卫石保安
铁塔等高大建筑
铁岭发布
铁岭天气信息
铁岭日报新媒体
铁腕治狗
铁西视窗
铁警
铁路交通事故
铁路人员
铁路安全规范
铁路安全警示教育视频
铁路安全问题
铁路工作人员
铁路工作人员为人民英雄
铁路或公安部门依法处理
铁路轨道未设安全防护栏
铁路部门
铁路防护措施不到位
铁路领导霸座辱骂司乘
铁轨
铁轨上
铁道设施
铁道设施构成威胁
铁锤
铜仁人
铜仁市广播电视台官方抖音号
铜陵大通古镇
铝线替代铜线
铭园街与铭园小区东卡口
铭记历史
铲屎官洋哥
铲车
铲车冲击事件
铲车暴力事件
铲除狗患
银保监会
银川百辆消防车
银川百辆消防车支援凉山
银州区187套公租房分配到户
银州区住房保障服务中心
银州区公共租赁住房分配大会
银州区政府官网
银行
银行卡等关联个人信息被冻结
银行取款
银行名称混乱
银行名称艾商银行
银行回应款项归国家所有
银行处理方式
银行实际行为
银行工作人员
银行想私吞等言论
银行想继承
银行成第一继承人
银行抢劫细节
银行方面
银行现钞被风吹散事件
银行称:这笔钱应该归国家所有
银行称存款应归国家所有
银行称款项应归国家所有
银行称：这笔钱应该归国家所有
银行程序不合理
银行系统风险问题
银行规定
银行规定不合理
银行账户
银金州
铺级重点技工学校 广船
销售人员
销售假冒口罩违法行为
销售员
销售员感慨这个民族太团结了发展太可怕了
销赃窝点
锁了也被偷了
锁定肇事车辆
锁定车辆轨迹
锂电池运输
错别字
错别字或不一致表述
错别字或异常表述
错别字或拼写错误
错别字或语义不清内容
错失投资机会
错失逃生良机
错误
错误信息
错误健康担忧
错误关联
错误关联信息
错误关键词
错误关键词标注
错误名称
错误标注
错误标注信息
错误标注关键词
错误标签
错误标题
错误称呼
错误表述
错误表述或虚构实体
错误表述或误导性信息
错过救人关键时机
错配
锚鱼工具
锚鱼捕捞方式
锚鱼等非法捕捞活动
锡林郭勒日报社官方快手账号
锡林郭勒盟权威新闻资讯发布平台
锡纳朋
锡纳朋海底火山
锡纳朋海底火山在2019年6月9日爆发
锡纳朋海底火山爆发
锡纳朋海底火山爆发事件
锡纳朋海底火山爆发事件及画面
锡纳朋海底火山爆发事件及视频内容
锡纳朋海底火山爆发的影响
锡纸增辐
锡纸增辐说法
锦旗落款信息
锦鲤
锻炼的大爷倒挂单杠一个大回环撞倒小女孩
锻炼身体
镀金挂牌1块
镀金项链2条
镀锌丝杠
镇定
镇政府
镇政府和派出所
镇政府和派出所已联合行动
镇政府干部
镇政府干部组织实施
镇村干部
镇村干部巡逻值守
镇江
镇江一黑天鹅主动衔着食物喂锦鲤
镇江一黑天鹅主动衔着食物喂锦鲤正文
镇江寺山金
镇江市法治宣传教育领导小组办公室
镇江文广集团民生频道
镇海
镇海防疫措施
镇长称已封山
镜头
镜头感十足
镰刀
长丰大道
长于四个月
长城新媒体集团官方账号
长安
长寿之乡
长寿果
长寿群体
长岭县
长岭县公安局
长征南京医院
长快手VLOG
长数米形似蛇类生物
长数米的硕大物体在水中如游蛇般移动
长时间在废墟中穿行
长时间的老虎叫声
长明灯
长春
长春38车连撞、17人死
长春一女司机斑马线处撞到老人后竟驾车离开
长春一海洋公园疑似虐狗狗狗多次累瘫仍被拎起练习
长春市
长春市停水通知
长春市公安局交警支队汽开区交警大队
长春市净月区金城街百林客购周边
长春市创业大街与洛阳路交会处
长春市北部快速路
长春市受影响区域
长春市吉林大路开往莲花山方向一路口
长春市水电热工作应急响应工作群
长春市水电热应急响应
长春市环卫工人
长春市环卫部门
长春市西部快速路南湖广场下桥口处
长春市西部快速路南湖广场下桥口车道内
长春市路面积水
长春广播电视台
长春新区
长春无关
长春的吉林省唯一海洋公园
长春路医院
长春飞机撒药治白蛾
长期任职四大事务所的财会主编
长期保管该笔款项
长期保管该笔资金
长期关押子女
长期冷冻肉类
长期受冻坏死
长期囚禁所致悲剧
长期在斐济吗？
长期存在家暴行为
长期家暴
长期寄居应自觉分担开支
长期寄居未提费用承担
长期床上充电未出事
长期征集正能量、暖心、有才有趣的短视频
长期征集现场监控、突发新闻、趣闻暖闻
长期征集现场监控、突发新闻、趣闻暖闻爆料邮箱3204172166@qq.com
长期未获照料与受冻
长期滞留带来的生活压力
长期积累的种族矛盾
长期能源基地地位
长期遵守防疫规定者
长江
长江 新间号
长江大桥
长江大桥燃放烟花驱疫
长江宜宾段
长江宜宾段发生决口
长江宜宾段洪峰过境情况
长江岸边
长江新间号
长江新间号作者
长江日报
长江水位
长江水位上涨
长江水位高
长江汛期高水位
长江江津段
长江洪峰
长江洪峰过境宜宾
长江涨水
长江涨水期间
长江涨水期间的河岸
长江纤夫渝约之旅
长江纤夫渝约之旅创始人
长沙
长沙一小区
长沙一小区晒被子掉下3万元
长沙一越野车从波隆立交桥上掉落
长沙一越野车从立交桥坠下车头砸地2人受伤
长沙一辆汽车
长沙一高架桥掉下一辆车
长沙市三一大道万家丽高架桥下西往东方向
长沙市岳麓区某小区
长沙杨家山立交桥
长沙杨家山立交桥大型货车侧翻
长沙某小区
长沙榜
长沙橘子洲的橘子竟然今天随便摘？
长沙波隆立交桥
长沙波隆立交桥中间段
长沙波隆立交桥事故
长沙波隆立交桥小车坠落事件
长沙波隆立交桥掉下
长沙波隆立交桥掉下一辆车
长沙波隆立交桥越野车坠落事件
长沙湘府路大桥
长沙特勤
长沙网8 - CHANGSHAWANG
长沙芙蓉路波隆立交桥北往东方向
长沙高架桥
长沙：17楼坠下两床被子路人被砸晕
长津湖之战
长着人类上半身的生物
长着人类上半身的生物抬上担架
长着鱼尾的人形生物
长空
长约1厘米的虫子
长航部门
长达26年捡废品流浪生活
长达400年
长达40公里的追击行动
长达数米
长途跋涉的小羊们你们辛苦了
长途陆运直达
长野县
长长幼幼早早晚晚点点线线一荤一素美哉美哉
长青
长靴作为临时漂浮工具
门外水果展示柜
门外水果展示柜被吹飞
门框被炸飞
门票价格
门票全额退款
门窗尽毁
门窗震动
门诊治疗
闪电新闻
闪电新闻发布的爆炸事故文本
闫亮文
闭园公告
问世间情为何物直教人生死相许
问我刚才的演讲如何亲爱的
问诊
闯红灯
闯红灯、逆行等违章行为
闯红灯发生争执女子遭警察枪杀 美国 @抖音小助手
闯红灯过马路
闲聊性质留言
闲逛公园被要求背防疫手册
间接故意杀人罪
闹事的大部分都是女子
闹事者多为女性的评论
闹市区
闹市惊现大型墓群
闹市惊现大型墓群 会出土怎样的国宝级文物呢？
闹市男子持刀砍人 被特警制服!
闹市考古
闹鬼
闹鬼事件
闹鬼传闻
闹鬼现象
闹鬼的香看守所
闽G 00000
闽侯县荆溪镇关西村
闽侯县荆溪镇关西村一单层厂房
闽侯县荆溪镇关西村一单层厂房起火
阀门盖
阀门能关上吗
阅兵
阅兵式
阅兵彩排中发生事故巴基斯坦F-16战机坠毁
阅兵彩排期间巴铁空军F-16战机坠毁指挥官遇难
阅兵彩排飞行
阅读与作文教学研究
阅读者
阎王爷不收
阔以
阔以这速度直接转给我们官方抖音
阜南县一家购物超市二楼游乐场
队伍管理
队友用手机拍摄
防卫星抓拍摄方法
防城港东兴市马路市场有人抢猪肉
防城港人民
防城港市东兴市
防城港市公安局防城分局
防弹车？？？确定？
防御性施工行为
防护措施
防护服
防护标准与场景需求
防护栏
防护需求激增
防控小组
防控疫 人人有责
防控疫情我们在一起 你们可知道这首背景音乐的故事@抖音小助手
防控疫情我们在一起 核酸四件套 加油中国
防控疫情长宁在行动
防控美国白蛾等有害生物
防暑提示
防止乘客滑倒
防止传染源扩散
防止儿童走失等意外发生
防止动物进入村屯
防止卫星抓拍
防止喉咙干燥
防止复燃
防止影响自身及他人安全
防止悲剧发生的最后一根救命稻草
防止掉线
防止搬运过程中受伤
防止新型冠状病毒在珠峰大本营爆发
防止桥梁被洪水冲毁
防止溺水
防止漏电
防止犬只外出乱吃地上食物
防止珠峰大本营爆发新冠病毒
防止类似事件再次发生
防止类似事故再次发生
防止老人冻伤
防止酿成更大事故
防止高空坠物意外
防止鸟类停留
防止鸟类抓握站立
防水性差
防汛I级应急响应
防汛Ⅰ级应急响应
防汛Ⅱ级应急响应提升为防汛Ⅰ级应急响应
防汛一级应急响应
防汛一线
防汛工作
防汛应急响应
防汛应急响应机制
防汛应急响应级别
防汛形势
防汛形势严峻
防汛救援第一线 65岁老人被泥石掩埋命悬一线消防徒手挖泥紧急救援 湖南防汛
防汛救灾特别报道
防治成效
防治美国白蛾
防洪设施有效性
防滑安全考虑
防灾意识
防灾措施
防灾能力
防疫卫士 白衣天使
防疫卫士 白衣天使话题
防疫安全前提
防疫宣传舞蹈视频
防疫小组成员
防疫工作人员
防疫意识
防疫抗疫东方在行动
防疫措施
防疫措施建议
防疫政策适用于所有人
防疫检查
防疫消杀
防疫消杀工作
防疫物资运输事件
防疫物资运输方式
防疫管理制度
防疫风险
防航拍
防航拍伪装网
防航拍伪装网售卖行为
防航拍挂网
防航拍措施
防航拍操作
防航拍有效手段
防范措施
防范野外用火
防范风险
防裤工
防裤工公寓
防风险、查隐患、遏事故；创新、协调、绿色、开放、共享
阳光下POLICE公安容恶人肆虐五昨炎上午杭州西湖断桥边突发事件
阳光救援队
阳光禽业海兰罗曼红粉系列精品蛋雏苗
阳光蔚蓝的天空张开苍劲的双臂过往如烟云都随风而飘散
阳台
阳性
阳谷县
阳谷县农业农村局
阴性
阴谋论
阴谋论倾向
阴谋论猜测
阴谋论猜测评论
阶段性管控措施
阶段性试点灵活办公措施
阻拦行为属正当维权
阻挡对向车道另一辆大货车
阻挡非法移民
阻碍疫情防控工作案件
阿Q汽车资讯
阿三思维结论调侃
阿坝州哪个地方？
阿城
阿塞拜疆
阿塞拜疆Su-25战机被纳卡军队防空系统击落
阿塞拜疆Su-25被纳卡军队防空系统击落瞬间火星四射
阿塞拜疆与亚美尼亚之间的武装冲突
阿塞拜疆与亚美尼亚交战
阿塞拜疆与亚美尼亚交战期间
阿塞拜疆与亚美尼亚交战被围观事件
阿塞拜疆与亚美尼亚冲突现场被当作观赏点
阿塞拜疆与亚美尼亚发生战争
阿塞拜疆与亚美尼亚战事
阿塞拜疆与亚美尼亚正在打仗被伊朗人围观
阿塞拜疆与亚美尼亚边境
阿塞拜疆与亚美尼亚边境与伊朗接壤伊朗民众在伊方山头上观看两国炮战
阿塞拜疆与亚美尼亚边境附近
阿塞拜疆和亚美尼亚
阿塞拜疆和亚美尼亚两个国家打仗
阿塞拜疆和亚美尼亚两国交战
阿塞拜疆和亚美尼亚两国打仗
阿塞拜疆和亚美尼亚交战
阿塞拜疆和亚美尼亚交战引发伊朗民众观战
阿塞拜疆和亚美尼亚冲突
阿塞拜疆和亚美尼亚战争被围观场景
阿塞拜疆和亚美尼亚打仗
阿塞拜疆和亚美尼亚炮战
阿塞拜疆和亚美尼亚边境地区
阿塞拜疆外长
阿塞拜疆的米格-25
阿塞拜疆的米格-25与亚美尼亚地面防空系统的对决
阿塞拜疆的米格-25与亚美尼亚地面防空系统的对决太精彩了
阿塞拜疆的米格-25与亚美尼亚地面防空系统的对决的评论
阿塞拜疆的米格-25与亚美尼亚防空系统发生对抗
阿塞拜疆的米格-25战机与亚美尼亚地面防空系统的对决
阿姨的爱国行为
阿姨的行为
阿姨起诉老板
阿姨身份特殊
阿寒拜到国防部发布前线视频
阿尔卑斯山
阿尔卑斯山平均海拔3000米的雪地
阿弥陀佛[祈祷]
阿彬哥的日常记录
阿拉伯语
阿梅
阿梅家庭
阿梅自拔氧气管离世事件
阿波罗16号任务拍摄照片
阿泰
阿泰坠楼事件
阿消 一直在你身边
阿省
阿福观察
阿萍
阿萍与两名男性股东
阿达玛·特拉奥雷
阿达玛·特拉奥雷的家人
阿里巴巴
阿里巴巴、腾讯、百度被移出黑名单
阿里巴巴捐赠千台呼吸机
阿里巴巴捐赠千台呼吸机事件
阿里巴巴旗下相关企业应用
阿里巴巴本地生活相关账号
阿里巴巴项目
阿里方面
阿里旗下4PX等物流渠道运输
阿里股价
陀螺坠落
附于简介中
附带话题
附近两家企业的相关车间
附近交通严重拥堵
附近公司3名保安及社会救援力量
附近出租屋抓获嫌疑人
附近医院
附近卫生所医护人员
附近可用停车场
附近居民
附近居民恐慌
附近居民报警
附近巡逻民警
附近村民
附近村民围观
附近的房子
附近餐馆玻璃
附近餐馆老板
附送温馨提示小地图
陆军多个军团
陆地动物
陆地动物中唯一能看见紫外线的动物
陆川铁锅发源地涯婆垌铁锅生产
陆续救出被困人员
陆运铁路直达线路
陇南
陇南市宕昌县
陇南抗洪救灾 宕昌暴洪泥石流灾害损失惨重⑶宕昌挺住@甘肃观察 @四川观察
陇南抗洪救灾 挺住宕昌洪灾过后损失惨重
陇南日报社官方快手号
陈伟
陈南飞
陈女士
陈女士一家
陈女士我要砍你全家
陈女士母亲
陈女士父亲
陈女士父母、2岁幼子及陈女士本人
陈女士父母与陈女士本人
陈尔真
陈店村村书记的说法
陈承德
陈某
陈某斯
陈某服刑期间可委托父母照护
陈某死刑
陈某清
陈某航
陈洋
陈渝娜
陈美江
陈警官
陋习
陌生男子
陌生男子捅伤
陌生男子躺在自己床上
降低
降低新冠病毒感染力
降低虫口密度
降水
降水将持续
降水持续
降级时间
降薪安排信息
降雨频繁
限制60岁以上新冠肺炎患者使用呼吸机
限制他人人身自由
限制使用农药定点经营专项治理行动
限制老年人插管政策
限号外地车如何知晓
限学天上120071802
限期出境、遣送出境或驱逐出境
陕北风土人情
陕西一村庄发生山体滑坡所幸未造成人员伤亡
陕西一老太自残式碰瓷坐地用头猛撞保险杠车主赔偿3000元
陕西人陕西事
陕西头条
陕西子洲
陕西子洲发生山体崩塌 已致2人死亡
陕西子洲发生山体崩塌致2人死亡10孔窑洞被掩埋
陕西子洲发生山体滑坡 5人被埋
陕西子洲山体崩塌
陕西子洲山体崩塌事件
陕西子洲山体崩塌事件信息
陕西子洲山体滑坡
陕西子洲山体滑坡事件
陕西子洲山体滑坡关键词
陕西子洲山体滑坡泥土如洪水一般倾泻而下
陕西安康
陕西宜川壶口瀑布观景台
陕西广播电视台
陕西广播电视台896汽车调频官方抖音号
陕西广播电视台官方信息平台
陕西广播电视台新闻中心
陕西广播电视台新闻中心官方信息平台
陕西广播电视台都市快报
陕西广源物业管理有限公司前三坊服务中心
陕西广电融媒体集团
陕西广电融媒体集团新闻中心
陕西新闻广播FM106.6 AM693
陕西新闻第一声 时代万象传天下
陕西新闻第一声时代万象传天下
陕西新闻联播
陕西榆林传媒中心官方抖音号
陕西榆林子洲县
陕西榆林子洲县发生山体崩塌事件目前救援还在进行中
陕西榆林子洲县发生山体滑坡 初步确定5人被埋 正全力救援
陕西榆林子洲县山体崩塌事件
陕西榆林子洲县砖庙镇曹家沟村
陕西榆林市子洲县苗家坪
陕西榆林市子洲县苗家坪镇徐家河村
陕西榆林市子洲县苗家坪镇徐家河村山体滑坡事件
陕西汉中
陕西汉中前进路电视塔附近
陕西汉中前进路电视塔附近事件
陕西汉中电视塔附近
陕西汉中电视塔附近事件
陕西汉中老太碰瓷 车主赔3000元了事
陕西汉中老太碰瓷事件
陕西汉中老太碰瓷车主赔3000元了事
陕西汉宁
陕西汉宁、安康口音说法
陕西省
陕西省大荔县晟济农业科技有限公司
陕西省子洲县
陕西省子洲县老庄沟
陕西省子洲县马岔乡冯渠村
陕西省榆林市
陕西省榆林市子洲县
陕西省榆林市子洲县砖庙镇曹家沟村
陕西省榆林市子洲县马岔镇大堡盆村
陕西省紫阳县
陕西省西安市临潼区秦汉大道中段
陕西省高压电线塔
陕西科技传媒网
陕西科技传媒网传播
陕西科技报官方账号
陕西科技报榆林记者站
陕西西安
陕西西安一小区居民
陕西西安一小区居民自发在阳台悬挂国旗
陕西西安一小区居民自发悬挂国旗事件
陕西都市广播官方抖音号
陕西都市广播官方抖音号发布的内容
陕西都市快报
陕西都市快报抖音号
陕视新闻
陡坡路段
院内
院子的合法性
院感专家
院长
除少数头部企业外
除恶务尽犯罪必究
除湖北外其他省份
除草农药直接喷在木耳上
除草农药直接喷在木耳上这样的木耳你还敢吃吗？
除非是乳猪
陨石坠落
陨石坠落猜测
险些摔倒
险些砸中儿童
险些跌倒
险情
险象环生云南怒江一轿车行驶中被巨石砸扁险些翻下公路驾驶员死里逃生
险遭撞击
陪聊
陪都陪不起
陪餐评议
陵水小女孩永辉超市前被撞
陶冉等人
陶勇
陶勇医生
陶姓医生
陷入深度昏迷
隆定嫌疑人身份
随即下山报告
随性、随心、随喜、随行
随意丢弃烟头
随意购买小龙虾放入超声波清洗机后清水中爬出长约1厘米的虫子
随手拍
随手拍 举报交通违法 奖励
随手拍举报交通违法奖励
随手拍举报交通违法行为
随手拍奖励
随手拍平台
随手拍方式举报交通违法
随手拍方式举报交通违法行为
随手拍有奖举报活动
随机配对单身学生
随波摆动
随警直击抓捕现场探秘行动背后秘密
随身备水少量频饮
隐形人
隐形人存在
隐患点监测
隐私保护意识讨论
隐私泄露普遍性
隐私泄露风险的关注
隔夜菜亚硝酸盐知识
隔夜菜是否会致癌
隔山观虎斗
隔着屏幕都感觉酸爽🙈🙈🙈
隔着屏幕都能感受到他的艰辛和绝望
隔着屏都不敢喘气
隔离
隔离之下没了游客威尼斯河道变清出现海豚
隔离之后环境变好了人类是该反思了……疫情全知道
隔离区的女友
隔离密切接触者
隔离治疗
隔离治疗中
隔离状态
隔离观察
隔离让世界都变好了
隔离逃避行为
隔离重症病房小朋友相关叙述中
隔离重症病房的小朋友相关情节
隔离重症病房的小朋友说出我不想妈妈哭
隔离重症病房的小朋友说出我可不可以晚一点死啊
隔离防控
隔肌
隧道开挖挖到暗河😭
隧道开挖过程中遇到暗河
隧道施工中遭遇暗河的情景
隧道施工暗河隧道工程
隧道照明及防爆灯具
难以制动
难以存活
难以置信的科技产品
难以追踪非法活动相关人员
难以避开
难得一见
难搞咯丢我们柳州人的脸
难辞其责
难逃监管慧眼
难道不是防刺客吗
难道这女的吃生的了？
雁群
雁阵
雁阵、风浪、流云般壮观景象
雅加达
雅加达CGK起飞
雅加达到Pontianak
雅印 福 G 工口 工 57 IOTELLAK
雅库茨克
雅库茨克学生
雅龙派出所
集中堆放废品
集中抓捕隔离
集中隔离场所
集会事件中
集会参与者
集体上访
集体下单差评方式施压商家
集体下山堵路
集体单膝下跪
集体单膝下跪、紧握拳头
集体商铺
集体回国
集体回国追随中科院王光力院士
集体背诵防疫手册内容
集体自杀以维护物种平衡的说法
集体自杀是正常自然规律
集体自杀现象
集体荣誉感
集体行为
集体跳崖
集体跳崖事件
集体跳海事件未发生
集体跳海自杀
集体醉倒
集体醉倒事件发生地
集贸市场
集里消防站
雕像吧
雕腾正交 江医人民星厨新成办公室
雨·老风破装的小
雨伞
雨后放晴时出现的云彩
雨后路面大量积水时洒水车作业
雨天
雨天不可踩斑马线白漆面非常滑路人因踩上白漆面而滑倒后脑勺着地一分钟丧生急救
雨天斑马线事故
雨天斑马线存在危险
雨天斑马线滑倒致死事故
雨天湿滑的斑马线白漆面
雨天湿滑的白漆面
雨天行人踩上人行横道白漆面滑倒
雨天行走
雨天路滑
雨天路滑千万注意不要踩斑马线的白色部分短短一分钟鲜活的生命就此终止雨天出行注意安全
雨天路滑摔倒 后脑勺看地一分钟死亡
雨天过人行道不要踩白色斑马线
雨天过横道线切勿踏上斑马线白漆面
雨季一定注意安全
雨季期间的人行横道
雨季注意安全
雨已经下了两个小时了路面已经有了积水洒水车还在辛勤的工作着为了挣钱也真是辛苦啦👎👎👎
雨水
雨水侵蚀等自然因素影响
雨水冲刷
雨水分配不均现实困境
雨水湿润路面
雨衣
雨辰账号
雨过天晴
雨还没停长春市环卫部门立刻开展行动你们辛苦啦
雪中送炭
雪天路滑注意安全
雪然
雪豹一家三口出没
零下30摄氏度
零下30摄氏度天气
零下45摄氏度
零下4度
零下4度山东济南交警跪地为老人披衣暖脚这一跪温暖一座城
零下4摄氏度
零下50度暴风雪中步行回家事件
零下50度极寒天气
零下50度顶暴风雪上学
零下50摄氏度
零下50摄氏度极寒环境中顶着狂风前行
零下四度你脱下警服的样子真帅
零增长
零容忍
零容忍态度
零时
零星落石
零距离
零食
雷克萨斯
雷军
雷军与马云的实业贡献
雷军任何采访或自述
雷军时任金山总经理
雷军是否错失机会展开讨论
雷军走得很稳
雷军错过了亚洲首富的机会
雷洪礼
雷电
雷电黄色预警
雷神
雷达
雷达、超声波测距传感器、激光测高仪
雷阵雨
需三辆救护车仍不足
需减速通过
需动用军方力量处理遗体
需承担相应赔偿责任
需承担责任
需持续关注
需按流程提交资料
需接受隔离
需绕行
需自费医疗
需花钱找人
需要呼救
需要推荐好物养活小编
需要破碎锤 锤配件管路安装 维修保养 加微信13670080941
需要行程规划可联系15398581678
需进一步调查取证
需进行集中隔离健康观察的外地人员
需频繁更换鞋码
震动
震动天地 为民猫挂 二011o日 小科 产号:18936028
震得灯都快掉了
震德注塑机车间
震惊
震惊与同情
震惊与后怕
震惊与哀悼
震惊与唏嘘
震惊与唏嘘情绪
震惊与嘲讽并存
震惊与恐惧
震惊与愤怒
震惊与谴责
震惊与质疑
震惊与质疑评论
震惊为主
震惊和愤怒
震惊并努力假装不认识他
震惊情绪
震感强
震慑不足
震慑美国
震撼
震撼与赞叹
震撼心灵的迁徙
震撼性
震撼阿塞拜疆Su-25被纳卡军队防空系统击落瞬间火星四射
震撼革命
震撼革命普华永道正式宣布：下月起全员在家办公
震级
震级与关键词不符
震耳欲聋
霍某
霍金
霍金临终前三大警告
霍金临终前提出三大警告
霍金临终前留下三大警告的说法
霍金临终前的三大忠告
霍金五大预言（三）人工智能取代人类
霍金外貌
霍金已死33年
霍金已死33年轮椅上的是傀儡
霍金根本没说过这些
霍金照片
霍金留下最后警告人工智能将毁灭人类
霍金的三大警告
霍金老照片
霍金观点
霍金警告的合理性
霍金警告的回应
霍金语音合成设备
霍金辐射
霍金逝世
露天采区挖出大量黄金
露天采区现场
露纹身会被拘留
霸座及冲突事件
霸座行为
霸气女子回国后抗拒隔离大闹医院 民警劝说无果当场将其抬走
霸王餐引发冲突的可能性
霸道、鲁莽、傲慢
青口贝几乎只只都有寄生虫
青口贝几乎每只都有寄生虫
青少年/稚嫩脸庞
青少年发展
青少年教学
青少年暴力成因
青少年自杀
青岛
青岛一人不幸上天遭受多次雷击
青岛一人被雷电击中并卷入空中
青岛事件
青岛事件误植为温州
青岛及天下事
青岛崂山区疾控中心
青岛市市南区八大峡街道西藏路社区
青岛市市南区八大峡街道西藏路社区火灾事件
青岛新闻网
青岛暴雨
青岛暴雨、一人被雷电击中、卷抛到空中、多次被雷击
青岛暴雨一人被雷电击中卷抛到空中多次被雷击
青岛暴雨中一人被雷电卷入空中并遭多次雷击
青岛暴雨期间一人被雷电击中并卷入空中
青岭隧道
青年路中贤一村
青年问题
青弹视频
青春之我都市之鲜
青春期学生
青春终结感
青春落幕
青松西服
青流视频
青流视频发布的事故视频
青流视频的作者简介
青浦方向的喽看样子浦西雨下得比浦东大
青海国道旁
青海生活频道官方账号
青海视界官方账号
青藏高原
青藏高原西部边缘
青蜂侠
青蜂侠 编辑发布
青蜂侠作者简介
青蜂侠报道
青衣江雅安城区段
青衣江雅安城区段出现百年一遇洪水
静冈县
静冈县清水区
静电
静电引发爆燃
静静的夜
非专用车辆
非典疫情防控一线
非典防治领军人物
非刑事案件
非合成图片
非国内发生
非官方媒体对境外事件的非常规报道
非常之滑
非常措施予以严惩
非常支持
非常滑
非常良好的关系
非常重要的词
非执法岗位
非推责但需提供完整证明材料
非权威渠道
非法、无效的
非法供应链
非法加工病死猪
非法性服务
非法性服务从业者与客户
非法拘禁
非法拘禁罪
非法拘禁罪定罪
非法捕捞行为
非法捕猎
非法捕鱼行为
非法经营
非法药物成分
非法药物检测结果
非法行为
非法设立
非洲
非洲 疫情全知道
非洲一些国家
非洲人在华因疫情原因遭虐待
非洲人在华遭虐待事件
非洲华人被害事件
非洲国家
非洲国家和人民
非洲国家和人民在疫情期间给予中国有力声援和支持
非洲国家采取严格社交距离措施仍可能有超1.22亿人感染
非洲在新冠疫情背景下
非洲在新冠疫情背景下遭遇饥饿危机并引发社会动荡
非洲地区
非洲多地
非洲大陆抗疫形势严峻
非洲或成下一个疫情重灾区
非洲抗疫形势
非洲抗疫形势雪上加霜
非洲本土疫情影响
非洲活埋感染者
非洲活埋新冠感染者
非洲活埋新冠病毒感染者
非洲疫情
非洲疫情相关文本
非洲社会矛盾激化
非洲经济
非洲经济增长放缓
非洲经济增长率
非洲经济将遭受重创
非洲蝗灾
非洲蝗灾, 存在地理矛盾
非洲蝗灾与上海地理不符
非洲裔男子
非洲裔男子实施暴力执法
非洲裔男子遭美警暴力虐待 痛苦叫喊：杀了我吧
非洲裔男子遭美警暴力虐待事件
非洲面临饥饿与新冠肺炎双重威胁 内罗毕发生踩踏事件
非洲黑帮当街打砸抢事件
非洲：蜂虫/皇灾再次来袭规模为上一轮的20倍
非洲：蝗虫再次来袭规模为上一轮的20倍
非浙江户籍人员
非浙江户籍人员留杭过年
非狗咬
非理性消费
非疫病非寄生虫的正常结构
非真实事件
非科学事实
非科学建议
非紧急情况
非职业佛系货郎
非职业背景
非自然科技
非自行步行
非英勇行为
非虚构信息
非裔人士
非裔群体
非遗烟花节
非遗烟花节将于5月28日至5月30日举行
靠 和平好不
靠边停稳
靠近水域
面临停产的人民币
面临停产的人民币文本作者
面包被抢购一空
面包车B8532
面包车上一家四口
面包车与大货车相撞
面包车与大货车相撞事故
面包车事故
面包车内
面包车内一女士喷香水、一男士用打火机点烟引发爆炸起火
面包车环境
面包车起火事件
面包车里一位女士在驾驶室内喷香水旁边男士点火抽烟当场引发爆炸燃烧两人被活活烧死
面坊散装面条
面坊散装面条, 存在对比描述
面条中淀粉与蛋白质
面条中淀粉和面筋成分
面条放在水中泡十多分钟出现胶状物
面条浸泡后产生胶状物质
面点主管
面目全非
面筋口感的正面评价
面筋成分
面筋我服你了
面筋我服你了评论
面粉中人为添加胶
面粉中的正常蛋白质成分
面粉中的面筋成分
面粉洗出胶状物现象的科学解释
面粉洗出胶状物现象的调侃
面粉洗后出现胶状物现象
面粉用水洗后出现的胶状物是添加了胶
面粉里面有胶
面谈后雷军拒绝投资
面部不对称
面部正骨瘦脸
鞋内
鞍山千山晚报
鞠躬致谢
鞭炮
鞭炮厂必须离住宅楼有一定距离
鞭炮引爆沼气引发
韦刚
韦刚家属
韦刚家属共同指控陶冉等人
韦刚强拆相关事件
韦刚驾车撞人
韦某
韦炳初
韦炳初实施
韦炳初有重大作案嫌疑
韩先生
韩先生遭遇大规模哄抢
韩前总统
韩国
韩国16名医护人员辞职
韩国16名护士集体辞职事件
韩国SOLET公司
韩国一跳楼机兼具飓风飞椅和上下伸缩功能
韩国中央日报
韩国乐天世界
韩国乐天世界GYRO DROP项目的实际运营情况
韩国乐天世界推出的新型极限游乐设施
韩国前总统朴槿惠
韩国外交部长
韩国建筑公司
韩国建筑公司承建
韩国总统文在寅提名前海军参谋总长
韩国护士集体辞职说法
韩国推出相关项目
韩国推出跳楼机+旋转飞椅项目
韩国新冠肺炎定点医院16名护士集体辞职
韩国新鲜事儿一边儿看韩国一边儿评天下欢迎评论区聊聊亮出你的观点
韩国某监狱
韩国正式运营
韩国法务部
韩国游乐场
韩国游乐场推出
韩国游乐场推出跳楼机+旋转飞椅极限项目
韩国点鞋工学超
韩国版
韩国首尔拘留所
韩国首尔拘留所一名狱警
韩国首尔拘留所疫情
韩媒报道
韩森东路全段
韩联社报道
韩长赋
音乐伴美食
音乐推荐
音乐搞错了大姐
音乐🎵是人类真正的共同语言
韶关
顶住涵洞行为
顶包
顶包未得逞
顶升套架滑落
顶着暴风雪回家
顶级掠食者
项晓刚
项目停了
项目建设周期
项链
项链2套
项链、钻石吊坠2套
顺其自然
顺利
顺势摆pose化解尴尬
顺势行为
顺庆区人
顺庆区派出所
顺德区北滘镇美的集团君兰生活村附近
顺德大良博澳城旁凤翔工业区的震德注塑机车间
须为原创
须要注意毕竟是上了年纪的人了
顽强精神象征
顾客
顾客投诉风险
顾客霍某未结账离开
预制板房
预约成功的记录
预约编号19758
预警时间范围
预警通知是否到位
预防EB流感
预防EB流感的方式
预防建议
预防措施
预防新冠病毒感染
预防方式：保持喉咙黏膜湿润
预防溺水珍爱生命
领事保护热线+86-10-12308
领养女婴
领头雁
领头雁名为拉基那亚特拉姆
领导
领导不应特权霸座
领导体验完沙滑后把项目停了负责人开了
领导叫停
领导开除
领悟人生😄 活到老学到老
领略大自然的馈赠感受动物千奇百态的瞬间保护环境爱护动物看更多视频加关注商务wx：lpc132395178企鹅勿扰
领航角色
颈椎断了
颈椎断了（作为事件后果）
颈椎断裂
颈椎病
颈部扭伤
频繁参与佛学禅修
频繁灾情
颗粒物为激素所致
题为看祝融号的火星自拍照 萌翻地球人的正文
颜色隐秘鸟
额外增加10万元彩礼要求
颠球样子让人心疼
风
风云古谈
风力作用
风力影响
风吹动涂抹润滑剂的健身器材
风吹时健身器材运动
风声、雨声、人间声声声入耳；大事、小事、天下事事事关心
风声雨声热点声声声入耳；大事小事天下事事事关心
风景优美
风暴山竹
风暴山竹被拍摄事件
风暴山竹被美国太空总署拍摄
风暴影像归属NASA的说法
风水问题
风火轮
风王海贝思逼近日本：天空变紫红色 民众搬空超市
风筝失控
风筝失控事故
风筝尾巴
风筝故乡品质潍坊
风筝等空中漂浮物
风闻社区@大陆男孩
风雨
风雨中的安全卫士
风高浪急
飓风
飓风哈娜
飓风哈娜刮倒一段美墨边境墙
飓风哈娜刮倒边境墙事件
飓风哈娜吹垮了特朗普边境墙
飓风哈娜对边境墙的破坏
飓风汉娜
飓风汉娜吹垮了特朗普边境墙
飓风汉娜吹垮特朗普边境墙事件
飓风汉娜登陆期间
飓风汉娜造成边境墙损毁
飓风：美墨友谊天长地久
飙升至3000以上
飙车行为
飙车过程中
飞书
飞刀 后脑勺 抖音小助手 祸从天降
飞刀从天而降直插男子后脑勺事件
飞向中国
飞天椅
飞天椅旋转秋千
飞弹攻击
飞弹攻击说
飞得太低
飞机
飞机✈️也不安全还是那也别去了呆着在家安全
飞机乘客可能感染新冠肺炎 逃离警察被警察开枪射击
飞机作业
飞机停飞
飞机停飞不是为让路而是怕撞上大雁
飞机停飞事件
飞机列队表演意外惨烈相撞事故
飞机列队表演意外相撞事故
飞机喷洒药物
飞机喷洒药物防治美国白蛾事件
飞机喷洒预防美国白蛾药剂
飞机喷药防治白蛾事件
飞机在空中撒药防治美国白蛾
飞机在空中相撞
飞机在空中相撞导致十架飞机损毁
飞机场大飞机
飞机坠入其船只附近海域全过程
飞机坠毁在乌兰察布市发生火灾
飞机坠毁现场
飞机坠落事件
飞机型号
飞机失控风险
飞机并非主动让路
飞机应急救援
飞机怎么掉下来了希望人没事搞什么都有风险
飞机打药灭白蛾
飞机掉下来
飞机掉下来了你们看看
飞机撒药治理白蛾
飞机撒药灭虫
飞机施药作业
飞机施药防治美国白蛾
飞机施药防治美国白蛾事件
飞机施药防白蛾公告
飞机是否应配备降落伞
飞机残骸
飞机洒药
飞机洒药防治美国白蛾
飞机灭白蛾
飞机的谐音称呼
飞机空中相撞
飞机老化问题
飞机落地速度
飞机落地速度270km/h不匹配
飞机表演惨烈事故
飞机表演惨烈事故评论
飞机违停了交警还不来开罚单
飞机迫降在京通快速公路八里桥前
飞机迫降地点
飞机防治美国白蛾信息
飞机降落速度那么快怎么可能配合
飞来横刀直插男子后脑勺
飞来横祸吃个饭招谁惹谁了
飞沫传播
飞碟状物体
飞碟状物体悬浮并吸走车辆
飞蛾扑火 抖音小助手 情感 到底是什么样的爱情才能配得上这样的拥抱？
飞行千万条安全第一条杜绝黑飞从我做起
飞行员
飞行员5780万元人民币
飞行员不幸遇难
飞行员兼指挥官
飞行员成功迫降过程
飞行员紧张
飞行员致敬
飞行员遇难
飞行器
飞行技术
飞行环境急剧恶化
飞行速度、方式异常但外星科技似乎并不先进
飞行高度骤降
飞起来了
飞防编号754
飞鸟和鱼的故事
飞鸟和鱼的故事吧
飞鹤星飞帆
飞🔥不可😂😂😂@抖音小助手 @汉水安康_
食之以素善之于心
食品安全
食品安全不是儿戏
食品安全与健康风险
食品安全事件
食品安全关乎生命
食品安全担忧
食品安全漏洞
食品安全监管部门
食品安全第一
食品安全问题
食品安全隐患
食品安全风险
食堂供餐问题
食堂承包背后的权力关系
食堂由县委书记的老丈人承包
食堂系县委书记岳父承包
食堂运营
食尚宣威论坛
食指不能碰到耳垂者
食指不能碰到耳垂者需注意
食材抽检全过程监督
食欲
食物
食物、水及应急物资
食物不足
食物匮乏
食物消耗量异常
食用不干净的小龙虾
食用后不适报告
食用后会中毒
食用大米生产
食用导致中毒的食物
食用小龙虾
食用小龙虾感染肺吸虫病说法
食用小龙虾致多人入院事件
食用方式真实性
食用未煮熟小龙虾
食用未煮熟的小龙虾
食用杏密切相关
食用河鲜选择新鲜
食用油
食用青口螺、生蚝等海鲜务必煮熟
食盐
食量惊人话题
餐具
餐厅员工陈某发生口角
餐厨垃圾无害化处理工程
餐盘中出现虫子
餐盘中发现虫子
餐馆、服装店、加油站
餐馆服务员
餐馆服务员发生肢体冲突
饥饿
饥饿与新冠肺炎双重威胁
饥饿危机
饥饿难耐
饭店突发大火男子狼狈跳窗逃生关键时刻这台车出现救火
饭菜供应
饮品商标持有者
饮用包谷酒后
饮用圣水可预防新冠病毒感染
饮用水
饮酒
饮酒后驾驶机动车
饮酒服药
饮酒驾驶
饮食开销和相处矛盾
饱满但可能影响健康
饲养人或管理人承担侵权责任
饲养动物致人损害
饲料喂养方式相关推测
饿得集体下山
馅饼加盟店
馒头
馒头中加入卫生纸
馒头中加入卫生纸的现象
馒头作为安抚
馒头里加有卫生纸
首尔 乐天世界 跳楼机 GYRO DROP
首尔一家练歌房
首尔乐天世界
首尔乐天世界GYRO DROP
首尔乐天世界GYRO DROP项目
首尔圣母医院
首尔拘留所
首尔拘留所一名狱警
首尔拘留所狱警确诊事件
首尔拘留所疫情
首尔看守所
首届一周情侣活动
首届毕业生
首届电竞本科生毕业了
首届电竞本科生毕业了但几乎没有人从事电竞
首届电竞毕业生无人对口就业
首席有话说
首幅火星地形地貌图
首批4000只活羊
首批4000只羊
首批4000只蒙古国捐赠羊
首批交付数量
首批影像成果
首批捐赠羊只
首批救援力量
首批电子竞技分析专业本科生
首批电竞本科毕业生
首批电竞本科毕业生几乎没人从业电竞？
首批电竞本科生
首批电竞本科生几乎无人从业电竞现象
首批电竞本科生几乎没人从业电竞
首批电竞本科生几乎没人从业电竞？这背后的原因是什么？
首批电竞本科生几乎没人从事电竞多数选择游戏策划运营类工作
首批电竞本科生就业去向话题
首批电竞本科生毕业 几乎无人对口就业
首批电竞毕业生几乎无人从事电竞行业
首批电竞毕业生几乎无人从事电竞行业他们都去做了什么工作？
首批科学影像
首批科学影像图
首批进入火神山医院医疗队
首批高清影像
首次塌方后
首次观看录像后深感震惊
首次试飞任务
首相安倍晋三
首起？
首都国际机场
首都国际机场停放豪车的车主
首都国际机场豪车六年未动
首都国际机场豪车因车主失联停放六年
首都新闻门户
首都机场
首都机场两辆豪车停放六年事件
首都机场停放的两辆豪车
首都机场停放的两辆豪车已等待车主六年
首都机场停着上海牌照？
首都机场停豪车事件
首都机场有两辆豪车因车主为马航370乘客而停放六年
首都机场豪车停放6年产生9万元费用
首都机场豪车停放事件
首都机场豪车停放六年
首都机场豪车停放六年产生9万元停车费
首都视角看天下
香
香客
香客与僧人言语冲突事件
香客与寺庙人员冲突
香客买不起香和尚们群殴香客
香客自带香
香客自带香遭僧人辱骂事件
香客购买的香
香山巷口子
香水会爆炸？
香油防感冒
香洲区市监局
香洲新闻中心
香港
香港、内地及澳门
香港从事非法性服务
香港卫生署官方通报
香港多套豪宅
香港居民
香港居民大规模北上避疫
香港市民北上避疫挤爆深圳湾口岸过关到入住隔离酒店需耗时16小时
香港暴徒
香港暴徒潜逃台湾后涉性侵女暴徒被捕香港
香港校长此举亮了你戴口罩我就不同你握手
香港法治环境严重不符
香港游客
香港特区政府卫生署官方渠道为准
香港理工大学
香港理工大学27日举行博士毕业典礼校长滕锦光拒绝与戴着口罩上台毕业生握手
香港理工大学博士毕业典礼
香港理工大学博士毕业典礼上校长拒握戴口罩毕业生手事件
香港理工大学博士毕业典礼事件
香港理工大学博士毕业典礼实际情况
香港理工大学博士毕业典礼校长滕锦光拒绝与戴着口罩上台毕业生握手
香港理工大学博士毕业典礼相关叙述
香港理工大学博士毕业典礼相关新闻
香港理工大学博士毕业礼
香港理工大学博士毕业礼事件描述
香港理工大学博士生毕业典礼
香港理工大学博士生毕业典礼校长拒绝与戴口罩的毕业生握手
香港理工大学博士蒙面戴口罩参加毕业典礼校长拒绝握手并要其下台
香港理工大学校长
香港理工大学校长拒绝握手行为
香港理工大学第二十五届毕业典礼
香港第四波疫情
香港第四波疫情影响
香港警务处官方渠道为准
香港警方
香港警方官方通报
香火
香看守所
香草园
香金香
香麻
马
马Yun融Zi被雷Jun拒绝
马上
马上要淹到我家了
马云
马云上海买豪宅
马云与雷军
马云人脉来源
马云任何采访或自述
马云像做传销的
马云创业初期找雷军融资却惨遭拒绝
马云发言
马云名下豪宅总价值
马云后来看到700万外卖队伍
马云向雷军融资被拒情节
马云和特朗普的其他朋友
马云和雷军均为杰出代表
马云在上海购买融创外滩壹号院房产一事
马云小5岁
马云掉头鼠目、满嘴跑火车
马云提供融资
马云方面
马云比雷军大5岁
马云满嘴跑火车
马云獐头鼠目
马云疑似做过传销
马云的成功是因为家底好？
马云的格局与外貌展开讨论
马云的融资请求
马云言论记录
马云认购1亿美元股份
马云购房行为
马云项目像骗局
马哈拉施特拉邦某医院台阶
马哈蒂尔
马宁
马尔凯大区
马岔镇
马德里地铁站台
马志强
马戏团
马戏团明知违规仍出租老虎
马戏团老虎
马戏团老虎咬人事件后续欠下医药费后失联
马戏团老虎失控咬人
马戏演出
马拉多纳
马拉多纳仍具球技
马拉多纳即使体型臃肿仍展现惊人球技
马拉多纳去世
马拉多纳实际参与网球活动
马拉多纳形象为素材
马拉多纳形象进行调侃
马拉多纳晚年球技展示
马拉多纳本人出演
马拉多纳活跃时期
马拉多纳真实行为
马拉多纳胖成200斤
马拉多纳胖成200斤颠球样子让人心疼
马拉多纳：你大爷还是你大爷即使胖到变形也能秀到你怀疑人生
马昕
马来西亚
马来西亚华人
马来西亚华人感慨在中国打新冠疫苗免费马来网民：我的国籍是马来西亚我的祖国永远是中国
马来西亚土牌坐师
马来西亚土牌坐师表演徒手抓新冠病毒
马来西亚土牌坐师表演徒手抓新冠病毒后被感染隔离
马来西亚巫师
马来西亚巫师施法抓新冠病毒
马来西亚巫师施法抓病毒
马来西亚巫师法术抓新冠病毒一场魔法过后被感染目前已被隔离
马来西亚巫师病床作法抓新冠病毒
马来西亚巫师病床作法抓新冠病毒事件
马来西亚平师施法抓新冠病毒
马来西亚平师施法抓新冠病毒内容
马来西亚手抓病毒巫师后续来了
马来西亚有巫师祛除病毒
马来西亚王牌Bomoh巫师施法抓新冠病毒
马来西亚王牌Bom巫师
马来西亚王牌巫师
马来西亚王牌巫师在医院表演手抓新冠病毒治病被感染目前在隔离治疗中
马来西亚王牌巫师徒手抓新冠病毒
马来西亚王牌巫师施法后被抓获且确诊感染
马来西亚用巫师在病床前作法驱赶新冠肺炎病毒
马来西亚网民
马来西亚请巫师祛除病毒？
马某
马航370
马航370乘客
马航370失踪者
马航370已成历史
马航370已成历史评论
马航370相关事件
马航MH370
马航MH370乘客
马航MH370乘客名下车辆产生
马航MH370事件
马航MH370失联乘客
马航MH370失联事件
马航MH370失联六周年
马航MH370航班乘客
马航mh370失联六周年
马航失联事件
马航失联事件相关
马航失踪者的哀思
马航失踪者豪车停机场
马航失踪者豪车停机场事件无关联
马良
马赛克使用不公
马路上
马蹄沟的老庄沟
马蹄沟的老庄沟是否为事发地
马那儿
马铮
马靖翔
马鞍山广播电视台
马鞍山广电 见你之未见 有料就来一起抖 有趣 有品 有温度 📮投稿邮箱：JMAS2021@126.COM 等你给料
马鞍山融媒体中心
马鞍站
马鹿
驯鹿
驯鹿是陆地动物中唯一能看得见紫外线的动物
驯鹿能感知紫外线
驯鹿能感知紫外线以躲避狼群
驯鹿躲避狼群追捕的原因
驱兽师
驱瘟除疫
驱赶新冠肺炎病毒
驱车300余公里
驱车返回广西北流市山围镇山围村家中
驱逐出境
驱逐出境言论
驱逐出境评论
驱除病魔的传统习俗
驱除瘟疫
驱魔仪式
驱鸟效果
驴友
驻外使领馆申请签证
驻藏大臣节制
驻马店市遂平县嵖岈山乡大里王村
驻马店袁先生与朋友
驾乘摩托车须戴头盔
驾校
驾车逃逸
驾驶人曾某
驾驶员
驾驶员一人
驾驶员未受重伤
驾驶员段某
驾驶员瞬间致盲
驾驶大型车辆的男子
驾驶安全设施不全的机动车
驾驶安全设施不全（刹车灯不亮）
驾驶室
驾驶室内不能动弹
驾驶技术
驾驶报废车辆
驾驶操作问题
驾驶时拨打手持电话
驾驶时拨打接听手持电话
驾驶时拨打接听电话
驾驶机动车违反道路交通信号灯通行
驾驶电动三轮车
驾驶纠纷冲突事件
驾驶纠纷冲突事件展开热议
驾驶舱仅容一人的说法
驾驶舱坠落
驾驶舱空间狭小仅能容纳一人
驾驶舱风挡玻璃脱落
驾驶船只互相撞击
骇人听闻
骇人联想
骇人虎啸声
骑125C摩托车进入
骑125C摩托车进入机场
骑单车上班
骑单车通勤
骑手佩戴记录仪留存证据
骑手压力大
骑手处境
骑手处境困难的原因
骑手收入低、扣罚严苛
骑手自行填报的非严谨统计
骑电动车
骑电动车技术门槛低
骑电动车要花335元考驾照
骑自行车上班
骑车
骑车回家
骑车女子
骑车走S形？女子别停货车 拐弯又被对向货车撞倒险丧命
骗保险的吧
骗取钱财
骗子
骗局
骚乱是系统性不公的表征
骚动
骨干突击队
骨折
骨髓移植
高
高三学生
高三男生请假未果 遭班主任恶劣言辞跳楼身亡
高中留学生
高仿真妻子机器人
高仿真机器人迅速售罄
高仿真特性
高仿真美女机器人
高压清洗设备购销
高压电
高压电弧放电
高压电线
高压电线塔
高压线
高压线上
高压线也敢爬
高压线塔
高压线附近
高品质野生海捕飞蟹
高唐法院
高喊不用拉我拉她拉她
高坠死亡
高坠死亡特征
高密度商业与居民区
高峰
高峰委员建议：将袭医与袭警同罪
高峰时段乘车拥挤
高度专业素养
高度信任与尊敬
高度公共性
高度共鸣
高度推崇与神化
高度真实性
高度认可
高度责任心
高强度消毒
高强度训练
高性能车辆易逃脱
高手
高手中的高手
高手在民间
高手过招
高效
高效破案
高敏涛
高新区居民
高新区飞跃路以西地区
高新派出所
高昂
高昂旅游费用
高昂治疗费用
高明区
高明区人民医院
高明区公安分局
高明区山火
高明区应急管理局
高明区消防救援大队
高明区生态环境分局
高明发布
高明发布官方通报
高架下口
高架栏杆
高校电竞专业课程设置
高楼抛烟头引发火灾事件
高水位期船舶通航现象
高水位通航安全
高水平应急处置能力
高浓度消毒液
高浓度酒精蒸气混合气体
高清照片
高温火源
高温高压可燃气体燃烧情况
高潮洋
高烧咳血
高盛
高科技第三代身份证
高空
高空坠物
高空坠物事件
高空坠物危险
高空坠物相当于谋杀
高空坠落
高空坠落 折叠刀 直插 男子后脑勺
高空坠落一把刀事件
高空坠落一把刀直插男子后脑勺
高空坠落一把折叠刀直插男子后脑勺
高空坠落一把折叠刀直插男子后脑勺网友：是个狠人
高空坠落体验
高空坠落并被钢筋插入
高空坠落折叠刀插进头部事件
高空坠落折叠刀直插男子后脑勺
高空坠落折叠刀直插男子后脑勺相关内容
高空坠落折叠刀直插男子后脑勺自己走进救护车接受救治
高空坠落棉被事件
高空坠落物品
高空坠落的一把折叠刀直插男子后脑勺😱😱😱淡定走上救护车高空抛物 @抖音小助手
高空坠落的展开式折叠刀
高空坠落的折叠刀
高空坠落的折叠刀插入头部
高空坠落的折叠刀插入男子头部事件
高空坠落的折叠刀插进头部
高空坠落的折叠刀直插后脑勺
高空抛物
高空抛物 重庆
高空抛物事件
高空抛物危险
高空抛物安全表示担忧
高空抛物安全隐患
高空抛物应入刑
高空抛物引发火灾险情
高空抛物必须严惩
高空抛物案件
高空抛物监控摄像头
高空抛物真的很讨厌这种人碰到了就不能客气危险瞬间 高空抛物
高空抛物罪
高空抛物者
高空抛物行为
高空抛物行为严重危害他人安全要严查严惩也请严格自律、坚决杜绝
高空抛物责任人
高空抛物问题
高空抛物飞刀从天而降直插男子后脑勺
高等数学
高约15米的公路桥
高级核物理学家
高级电子商务师
高级社恐
高级社恐评论
高考
高考学子加油
高能抖音热门
高血压
高超飞行技术
高速
高速上龟速行驶
高速公路上演豪车追逐赛
高速公路下方草坪
高速公路交通事故
高速公路交通事故死亡9人受伤3人烧毁3车
高速公路侧下方草坪上
高速公路公安局五分局二十大队
高速公路公安局五分局二十大队民警王东
高速公路护栏端头猛烈碰撞
高速公路检查
高速公路行车冲突
高速公路路怒事件
高速公路路段大面积拥堵
高速冲入夜宵摊的轿车
高速出口标志柱
高速行车视频
高速行车谨慎慢行
高速路口老大娘跪下求助这是遇到啥事了？
高速驾驶并肇事者的态度
高速驾驶行为
高邑电视台官方账号
高邑融媒
高铁
高铁、机场、码头
高铁一等座
高铁同时进站
高铁和飞机均已覆盖巴中
高铁时代
高铁灰机都有了
高铁隧道
高铁隧道又打出暗河出来咯难搞哦
高难度作业
高难度动作
高难度操作
高频评论
高额医疗费用
高额核酸检测费用
高风险人群乘坐公共交通工具传播疫情
高风险人群是否应被允许乘坐公共交通工具
鬼也怕死要锻炼
鬼谷子
鬼魂所为推测
鬼：死了还不给运动了？
魁省
魂归故里
魂魄分离器
魂魄分离器体验
魂魄分离器潜在生理反应
魅力贵州 资讯贵阳
魏某
魏某死亡
魔幻2020
魔性配音
鱼丸米线
鱼为何不能吃
鱼儿
鱼儿游上街
鱼峰警方
鱼群
鱼群回归
鱼群游弋
鱼苗被毁
鱼虾
鱼要涨价
鱼霸再现
鱿鱼一煮就消失是因为被药水泡过
鱿鱼消失
鱿鱼消失现象
鱿鱼被防腐剂药水浸泡
鲁中网官方快手号
鲁威经渔63130
鲁网
鲍勇
鲍师傅
鲍师傅昏迷前停车救人
鲍师傅靠倒在方向盘上
鲍里斯
鲍里斯病愈出院后骑自行车上下班
鲛人
鲜新的青口里挑出好多（应该是）寄生虫😰😰😰
鲜活的生命就这样没了……
鲜活的生命终结
鲜红如火
鲜红血液
鲨鱼威胁
鲨鱼死亡事件
鳄鱼
鳄鱼上岸
鳄鱼上岸活动
鳄鱼突然出现
鳄鱼观摩洗碗
鳄鱼：大姐你咋不跑我不要面子吗
鳡鱼
鸟不能在故宫屋顶停留
鸟不落瓦片的设计
鸟不落瓦片设计
鸟儿光顾
鸟击风险担忧
鸟无法抓握站稳
鸟是否会坐
鸟爪间距计算屋脊距离
鸟的种类
鸟窝
鸟类
鸟类不落
鸟类停留及鸟粪痕迹
鸟类停留现象
鸟类停落会留下鸟粪
鸟类可在故宫屋顶停留
鸟类指距计算墙脊宽度
鸟类无法停留
鸟类死亡
鸟类活动
鸟类迁徙必经之路壮观
鸟类难以停留
鸟类难以立足
鸟粪存在
鸟粪影响美观与皇家庄重
鸟粪污染空气
鸟粪痕迹
鸡子
鸡将军亲自指挥
鸡将军指挥
鸡类
鸡蛋大
鸡蛋大小的冰雹
鸡蛋大小的冰雹描述
鸡蛋大的冰雹四川
鸡蛋程度
鸡鸣寺站至柳洲东路站下行方向
鸡鸣寺至新庄下行区间
鸣笛提醒
鸭兵
鸭兵鸭将
鸭哥们都能坐飞机出国了
鸭子
鸭子军团
鸭子军团灭蝗情节
鸭子军团鸡将军指挥
鸭子军队
鸭子军队堪称灭蝗界中的奇才
鸭子军队灭蝗说法
鸭子出国溜达
鸭子出行方式
鸭子吃了再谈长胖后果
鸭子吃饱还能立功
鸭子坐飞机还是火车
鸭子大军赴巴基斯坦灭蝗
鸭子捕食蝗虫
鸭子捕食蝗虫治理方法
鸭子比化学药剂更环保
鸭子灭完蝗虫去哪
鸭子灭蝗技术
鸭子灭蝗技术尚未成熟
鸭子灭蝗方案
鸭子灭蝗计划
鸭子都比我混得强
鸭子饮食待遇
鸵鸟
鸵鸟不光会跑既然还会滑
鸵鸟具备滑雪能力
鸵鸟在阿尔卑斯山滑雪并超越专业运动员
鸵鸟展现出惊人滑雪技能
鸵鸟滑雪事件
鸵鸟滑雪地点
鸵鸟滑雪水平超越专业运动员
鸵鸟滑雪的视频内容
鸵鸟滑雪能力被夸大
鸵鸟滑雪能力远超国家级运动员
鸵鸟的滑雪能力
鸵鸟的滑雪能力已远远超越国家级运动员
鸵鸟：以后叫我滑雪小能手
鸽
鸽子蛋程度
鸿讯生活说
鹅就是其中之一
鹤城晚报官方账号
鹤壁市公安局山城区分局
鹤壁市山城区
鹤岗天气
鹤峰
鹰不落
鹰不落结构
鹰不落设计
鹰不落设计目的
鹰不落说法
鹰潭市广播电视台官方抖音账号
鹿群争斗场景
麦克风失灵事件
麦克风故障事件经过
麦克风故障及幽默反应
麦积区新阳镇卫生院救护车
麻山水库
麻山水库当前状况
麻山车开不去没开车路只有白水走路去
麻章太平镇九仔夜宵档
麻章太平镇夜宵档被打砸事件
麻章太平镇：夜宵档屡遭打砸 群众盼加大力度打击黑恶势力（之一）
麻醉
麻醉针
麻阳特产冰糖橙
黄、赌、毒、低俗小视频、病毒性肺炎相关消息、砍价、投票、游戏链接及各类小程序
黄先生
黄先生与商家冲突
黄土山体滑坡
黄土高原地区易发滑坡
黄土高原地区生态脆弱问题
黄土高原地貌
黄土高原风光地貌
黄土高坡
黄女士
黄娟
黄娟的丈夫
黄山精神
黄岩长潭水库
黄岩长潭水库泄洪
黄岩长潭水库泄洪了
黄岩长潭水库泄洪事件
黄岩长潭水库泄洪现场
黄干齐
黄朗
黄杨公司
黄某
黄某强
黄某文
黄某文仅被拘留15日
黄某文案
黄某文的朋友
黄某文驾车冲卡事件
黄某某
黄某某刺伤城管队员事件
黄某某持剪刀伤人事件
黄某泉
黄某源
黄某锋
黄河
黄河具有危险性
黄河壶口景区
黄河壶口景区临时关闭
黄河壶口景区因降水关闭
黄河壶口瀑布
黄浦江
黄烟四起
黄烨
黄猛
黄石二中附近
黄石超级火山
黄石超级火山抹平北美大陆说法
黄石超级火山爆发推测
黄种也是命
黄胜运
黄色颗粒物为猪肉中的激素
黄色颗粒物是激素
黄莹（实习生）
黄警官
黄金手链
黄金手链抢夺事件
黄金要大跌了吧
黄鹤楼
黎内政部长法赫米
黎内政部长说法不一致
黎娴
黎巴嫩
黎巴嫩卫生部长
黎巴嫩官员
黎巴嫩总理
黎巴嫩总统
黎巴嫩总统米歇尔·奥恩
黎巴嫩政府
黎巴嫩爆炸
黎巴嫩爆炸后岸边被炸出巨坑建筑物成废墟
黎巴嫩红十字会
黎巴嫩贝鲁特
黎巴嫩首都发生巨大爆炸至少73人死亡超3000人受伤
黎巴嫩首都爆炸现场升起蘑菇云 伤亡人数还在上升
黎巴嫩首都突发爆炸
黎巴嫩首都贝鲁特
黎巴嫩首都贝鲁特市区
黎巴嫩首都贝鲁特港口区
黎巴嫩首都贝鲁特港口地区
黎巴嫩首都贝鲁特港口地区突发巨大爆炸
黎巴嫩首都贝鲁特港口地区突发巨大爆炸新闻
黎巴嫩首都贝鲁特港口地区突发巨大爆炸相关新闻
黑FBI被白人警察抓捕？真假啊
黑人之死示威恐引发恶性循环：点燃新的新冠病毒传播链
黑人乔治·弗洛伊德之死
黑人区开始骚动
黑人男子
黑人男子寻衅华人店铺大喊新冠病毒还冲店主喷胡椒
黑人的命也是命
黑人的命也是命抗议示威活动
黑人的命也是命相关口号
黑匣子
黑匣子录下最后10秒惨叫
黑匣子录音细节
黑匣子记录最后10秒惨状
黑名单
黑喂狗等夸张解说
黑天鹅
黑天鹅与锦鲤互动
黑天鹅从桶里衔食喂水中锦鲤
黑天鹅从桶里衔食喂水中锦鲤标题
黑天鹅从桶里衔食喂水中锦鲤相关内容
黑客nb
黑屏
黑屏一分多钟
黑屏之后
黑屏后画面
黑屏持续一分多钟
黑帮当街打砸抢
黑帮打砸抢事件
黑心利益链
黑心的商家
黑恶势力
黑恶势力活动
黑恶势力行为
黑恶除恶晚上超过凌晨2:00的满背纹身拘留24小时
黑河市消防指挥中心宣教中心
黑洞吞噬现象
黑狗
黑白画面转为彩色
黑科技
黑科技可提取指纹
黑色
黑色丰田轿车
黑色幽默
黑色购物袋
黑色购物袋中发现男婴
黑衣店员头部
黑衣男子
黑车司机
黑车司机逆行且酒驾
黑车突然变道
黑龙江
黑龙江2026年电力交易计划
黑龙江一客车坠桥致2死7伤
黑龙江一客车高速坠桥致2死7伤
黑龙江两个外国人先动手殴打一个外卖小哥引发的冲突
黑龙江交通广播FM99.8
黑龙江交通广播官方账号
黑龙江伊春
黑龙江伊春客机失事
黑龙江伊春客机失事记录
黑龙江地区
黑龙江地处欧亚板块内部
黑龙江大兴安岭
黑龙江大兴安岭雪地中出现色彩艳丽的火狐狸
黑龙江大庆
黑龙江大庆一大巴车坠桥
黑龙江大庆一大巴车坠桥2死7伤
黑龙江大庆一辆大客车
黑龙江大庆大巴车坠桥事件
黑龙江大庆客车坠桥事故
黑龙江大庆客车坠桥致2死8伤 伤者已被送往医院救治愿平安车祸 救援
黑龙江大庆市龙凤湿地跨线桥
黑龙江大庆某桥梁
黑龙江大庆龙凤湿地跨线桥
黑龙江安达一化工企业
黑龙江安达化工企业爆炸事件
黑龙江客机失事事件
黑龙江密山市村庄
黑龙江小型越野客车与大型客车
黑龙江广播电视台公共·农业频道官方抖音号
黑龙江广播电视台都市频道新闻夜航栏目
黑龙江日报
黑龙江甘南3.3级地震致路面开裂
黑龙江省哈尔滨市方正县新兴大桥
黑龙江省安达市万宝山园区
黑龙江省齐齐哈尔市甘南县
黑龙江看天下
黑龙江遭遇巨型龙卷风袭击
黑龙江齐齐哈尔大民村附近村民
黑龙江齐齐哈尔大民村附近村民发现疑似四匹野狼出没
黑龙江齐齐哈尔市
黑龙江齐齐哈尔市一村庄发现四只野狼进村
黑龙江齐齐哈尔市甘南县
黑龙江齐齐哈尔市甘南县3.3级地震
黑龙江齐齐哈尔市甘南县3.3级地震信息
黑龙江齐齐哈尔某村庄
默写并背诵全文 童年阴影
默写并背诵全文 童年阴影评论
黛博拉·比克斯
鼎鑫电子
鼎鑫电子为涉事工厂
鼓励性表述
鼠年大吉
鼻子抹香油
鼻子里抹香油不感冒
鼻梁
鼻滴香油防传染
齐心协力挪开汽车
齐某震
齐腰深
齐锦营
齐锦营律师
齐雷
齐鲁晚报
齐鲁晚报官方账号
齐鲁频道唯一官方账号
齐鲁频道官方账号
齐齐哈尔出现野狼咬死羊事件
齐齐哈尔发洪水
齐齐哈尔发生局部洪涝灾害
齐齐哈尔天气
齐齐哈尔局部洪涝灾害
齐齐哈尔市
齐齐哈尔市公安局新闻中心
齐齐哈尔市新闻传媒中心
齐齐哈尔市泰来县
齐齐哈尔市防汛抗旱指挥部
齐齐哈尔市龙沙区大民村
齐齐哈尔挺住
齐齐哈尔村民发现疑有多只野狼出没
齐齐哈尔江心岛浮桥桥头
齐齐哈尔第一套广播频率（FM87.8 AM1197）
齐齐哈尔芭比Q
龍卷風錄像
龍捲風
龙出现了
龙卷风
龙卷风事件
龙卷风具体发生位置
龙卷风具体发生时间
龙卷风具备一定可预测性
龙卷风卷起大飞机
龙卷风可以预报
龙卷风多形成于特定类型天气环境
龙卷风所致
龙卷风所致猜测
龙卷风来袭 该如何防范
龙卷风潜在风险
龙卷风相关科普内容
龙卷风预警
龙哥事件
龙哥传媒科技创始人
龙塘水库
龙州印染厂
龙样水怪描述内容
龙江现场
龙沙区大民街道办事处
龙沙区委
龙河支流
龙泉驿
龙注现场
龙泽江
龙眼直播
龙羊猎人搜救队长
龙脉断了
龙视帮忙 奇特健身花样多这样的健身方式不可取……@抖音小助手
龙门架灯光刺眼
龙门路
龙龙正能量分享
﹥
？、i@
🇨🇳一切都是最好的安排
🌈学习如何教育孩子与孩子一同成长 🌟全宇宙最伟大的神兽教育计划 🐣痛并快乐着 🐽嗯这就是爱
🌈微信公众号:新闻深呼吸
🌈抖音记录美好生活 🌈只想留下美的瞬间
🌈档案记录
🌈爱美食咖啡烘焙的业余选手想做野生美食博主但没有经费只能凑合拍❤️感谢你的关注 谢谢你的爱心❤️记录生活中的小美好
🌷感谢茫茫人海遇见你🌷
🌹关注了你 🌹情感 治愈 励志 文案
🌹感谢快手官方提供正能量平台🌹喜欢阳光开心的生活🌹希望我的分享能给大家带来快乐🌹草根创业感恩遇见
🍁想要更多宝宝体验到好用又便宜的纸尿裤有需要的可以来找我呀加v CC1527221
🍂生活片段记录 🎬影视剪辑制作 🥝猕猴桃种植 🍎🥝🍊🍇提供绿色食品 吃猕猴桃找我更甜
🍊
🍫🦄🦄🦄🦄🦄🦄🍫 🍫🦄人生路漫🦄🍫
🎊每天更新🛰️带你看不一样的世界
🐳宇宙天文科普知识传播 🐳非常感谢您的关注❤️ 🐳感谢快手官方提供平台❤️
👀阿福观察 🌊四处观察 🤖️发现科技里的美 🏠更发现生活里你的美
👉热点资讯 👉正能量传递 👉刷到即有缘谢谢关注
👉🏻平台入驻勿扰👈🏻
👊🏻微博:新闻深呼吸–舒口水
👍关注+分享>精彩每一天 👍大事@小事@天下事@事事关心线索征集: 0310－6269092 商务合作:13393106776
💔小心脏受不了系列这应该是我见过最刺激的旋转飞椅你敢挑战吗？😂
💪🏻福州大小事先锋944
📸征集现场监控、突发新闻、趣闻暖闻爆料邮箱3204172166@qq.com
📸征集现场监控、突发新闻、趣闻暖闻爆料邮箱3204172166@qq.com投稿请加【爆料】并附视频、图片、音频或文案
📺新无止境 🎙闻达天下
📺新无止境 🎙闻达天下 联系邮箱：3450849514@qq.com
📺新无止境 🎙闻达天下 联系邮箱：<3450849514@qq.com>
🔍搜索全球最热门的趣闻
🔥 直击现场感受真实
😀😀😀
😁😁
😂表情
😊
😝普通话不准 但三观正👍🏻
😱 😱😱
🙏感谢官方的绿色平台❤️每天更新正能量段子
🙏愿世界没有灾难
🙏🙏
🛰️在这里和浦东同频共振📡感人事、新鲜事、突发事VX:13918901149务必注明来意
🛸探索科学 🚀探索知识
🥱
🧑‍🚀打工地方是四川日报创业项目是川观新闻APP
